ISO-10303-21;
HEADER;
FILE_DESCRIPTION (( 'STEP AP203' ),
    '1' );
FILE_NAME ('backborad1.STEP',
    '2026-07-15T06:40:30',
    ( '' ),
    ( '' ),
    'SwSTEP 2.0',
    'SolidWorks 2024',
    '' );
FILE_SCHEMA (( 'CONFIG_CONTROL_DESIGN' ));
ENDSEC;

DATA;
#1 = EDGE_CURVE ( 'NONE', #4594, #785, #1801, .T. ) ;
#2 = DIRECTION ( 'NONE',  ( 0.000000000000000000, -0.000000000000000000, -1.000000000000000000 ) ) ;
#3 = LINE ( 'NONE', #4912, #1221 ) ;
#4 = ORIENTED_EDGE ( 'NONE', *, *, #4848, .F. ) ;
#5 = DIRECTION ( 'NONE',  ( 0.000000000000000000, 0.000000000000000000, -1.000000000000000000 ) ) ;
#6 = CARTESIAN_POINT ( 'NONE',  ( 1.302063032556709777E-15, 31.90000000000001279, 24.50000000000000000 ) ) ;
#7 = DIRECTION ( 'NONE',  ( 2.040851148208008393E-15, 1.000000000000000000, 0.000000000000000000 ) ) ;
#8 = ORIENTED_EDGE ( 'NONE', *, *, #5220, .F. ) ;
#9 = EDGE_CURVE ( 'NONE', #226, #4478, #4134, .T. ) ;
#10 = ORIENTED_EDGE ( 'NONE', *, *, #5300, .T. ) ;
#11 = AXIS2_PLACEMENT_3D ( 'NONE', #4179, #1245, #4644 ) ;
#12 = DIRECTION ( 'NONE',  ( 0.000000000000000000, -1.000000000000000000, 0.000000000000000000 ) ) ;
#13 = EDGE_LOOP ( 'NONE', ( #1383, #1501, #2250, #3521 ) ) ;
#14 = LINE ( 'NONE', #3219, #1457 ) ;
#15 = CARTESIAN_POINT ( 'NONE',  ( -104.9999999999999716, -75.00000000000000000, 25.00000000000000000 ) ) ;
#16 = ADVANCED_FACE ( 'NONE', ( #5240 ), #1141, .F. ) ;
#17 = AXIS2_PLACEMENT_3D ( 'NONE', #2310, #562, #1851 ) ;
#18 = CIRCLE ( 'NONE', #783, 4.999999999999997335 ) ;
#19 = ORIENTED_EDGE ( 'NONE', *, *, #1200, .F. ) ;
#20 = EDGE_CURVE ( 'NONE', #5149, #4256, #14, .T. ) ;
#21 = ADVANCED_FACE ( 'NONE', ( #1621, #727 ), #2806, .T. ) ;
#22 = ORIENTED_EDGE ( 'NONE', *, *, #2343, .T. ) ;
#23 = AXIS2_PLACEMENT_3D ( 'NONE', #243, #301, #1900 ) ;
#24 = PLANE ( 'NONE',  #2116 ) ;
#25 = VECTOR ( 'NONE', #4008, 1000.000000000000000 ) ;
#26 = CARTESIAN_POINT ( 'NONE',  ( -54.99999999999995026, 25.60000000000000497, 21.69999999999999929 ) ) ;
#27 = DIRECTION ( 'NONE',  ( 1.000000000000000000, 0.000000000000000000, 0.000000000000000000 ) ) ;
#28 = VECTOR ( 'NONE', #862, 1000.000000000000000 ) ;
#29 = CARTESIAN_POINT ( 'NONE',  ( 37.49999999999952394, -50.00000000000000000, 0.000000000000000000 ) ) ;
#30 = CARTESIAN_POINT ( 'NONE',  ( -27.39999999999996660, 28.99999999999998934, 0.000000000000000000 ) ) ;
#31 = EDGE_LOOP ( 'NONE', ( #5293, #372, #1827, #2624 ) ) ;
#32 = CARTESIAN_POINT ( 'NONE',  ( 106.6000000000000369, -28.99999999999999289, 3.000000000000000000 ) ) ;
#33 = CARTESIAN_POINT ( 'NONE',  ( -25.99999999999996447, 28.99999999999998934, 2.999999999999999112 ) ) ;
#34 = DIRECTION ( 'NONE',  ( 2.040851148208008393E-15, 1.000000000000000000, -0.000000000000000000 ) ) ;
#35 = ORIENTED_EDGE ( 'NONE', *, *, #1247, .F. ) ;
#36 = ORIENTED_EDGE ( 'NONE', *, *, #494, .T. ) ;
#37 = CARTESIAN_POINT ( 'NONE',  ( -54.99999999999995737, -31.90000000000001279, 21.19999999999999929 ) ) ;
#38 = ORIENTED_EDGE ( 'NONE', *, *, #5146, .T. ) ;
#39 = DIRECTION ( 'NONE',  ( -1.000000000000000000, 0.000000000000000000, 0.000000000000000000 ) ) ;
#40 = CARTESIAN_POINT ( 'NONE',  ( 115.0000000000000284, -21.01742430504416248, 15.00000000000000000 ) ) ;
#41 = EDGE_CURVE ( 'NONE', #1474, #4224, #3622, .T. ) ;
#42 = EDGE_LOOP ( 'NONE', ( #2472, #4557, #2012, #3911 ) ) ;
#43 = CARTESIAN_POINT ( 'NONE',  ( 115.0000000000000426, -25.60000000000000497, 24.50000000000000000 ) ) ;
#44 = ORIENTED_EDGE ( 'NONE', *, *, #116, .F. ) ;
#45 = ADVANCED_FACE ( 'NONE', ( #3649 ), #5294, .F. ) ;
#46 = CARTESIAN_POINT ( 'NONE',  ( -9.999999999999781508, 45.00000000001224265, 0.000000000000000000 ) ) ;
#47 = DIRECTION ( 'NONE',  ( -1.000000000000000000, 0.000000000000000000, 0.000000000000000000 ) ) ;
#48 = FACE_OUTER_BOUND ( 'NONE', #1199, .T. ) ;
#49 = EDGE_CURVE ( 'NONE', #4837, #1919, #430, .T. ) ;
#50 = CARTESIAN_POINT ( 'NONE',  ( 54.99999999999954525, -50.00000000000000000, 25.00000000000000000 ) ) ;
#51 = DIRECTION ( 'NONE',  ( -1.000000000000000000, 0.000000000000000000, 0.000000000000000000 ) ) ;
#52 = ORIENTED_EDGE ( 'NONE', *, *, #1377, .F. ) ;
#53 = CARTESIAN_POINT ( 'NONE',  ( -119.9999999999999716, 79.99999999999998579, 15.00000000000000000 ) ) ;
#54 = DIRECTION ( 'NONE',  ( -0.000000000000000000, -0.000000000000000000, -1.000000000000000000 ) ) ;
#55 = LINE ( 'NONE', #3797, #336 ) ;
#56 = ORIENTED_EDGE ( 'NONE', *, *, #2297, .T. ) ;
#57 = EDGE_LOOP ( 'NONE', ( #3133, #3848 ) ) ;
#58 = DIRECTION ( 'NONE',  ( -0.000000000000000000, -0.000000000000000000, -1.000000000000000000 ) ) ;
#59 = ORIENTED_EDGE ( 'NONE', *, *, #5121, .T. ) ;
#60 = AXIS2_PLACEMENT_3D ( 'NONE', #374, #3866, #2187 ) ;
#61 = FACE_OUTER_BOUND ( 'NONE', #3591, .T. ) ;
#62 = AXIS2_PLACEMENT_3D ( 'NONE', #5200, #3988, #5227 ) ;
#63 = LINE ( 'NONE', #4159, #1778 ) ;
#64 = CIRCLE ( 'NONE', #740, 1.600000000000004086 ) ;
#65 = AXIS2_PLACEMENT_3D ( 'NONE', #5007, #3255, #4168 ) ;
#67 = CIRCLE ( 'NONE', #2203, 4.999999999999990230 ) ;
#66 = CARTESIAN_POINT ( 'NONE',  ( 100.0000000000000426, -4.999999999987760013, 25.00000000000000000 ) ) ;
#68 = EDGE_CURVE ( 'NONE', #813, #1264, #913, .T. ) ;
#69 = ORIENTED_EDGE ( 'NONE', *, *, #4345, .F. ) ;
#70 = PLANE ( 'NONE',  #5171 ) ;
#71 = EDGE_LOOP ( 'NONE', ( #3462, #181, #726, #3652 ) ) ;
#72 = AXIS2_PLACEMENT_3D ( 'NONE', #2635, #3125, #5126 ) ;
#73 = ADVANCED_FACE ( 'NONE', ( #514 ), #442, .F. ) ;
#74 = LOCAL_TIME ( 14, 40, 30.00000000000000000, #1618 ) ;
#75 = CIRCLE ( 'NONE', #4637, 4.999999999999990230 ) ;
#76 = DIRECTION ( 'NONE',  ( 1.000000000000000000, 0.000000000000000000, 0.000000000000000000 ) ) ;
#77 = DIRECTION ( 'NONE',  ( -0.000000000000000000, 0.000000000000000000, 1.000000000000000000 ) ) ;
#78 = VECTOR ( 'NONE', #1519, 1000.000000000000000 ) ;
#79 = LINE ( 'NONE', #1603, #321 ) ;
#80 = ADVANCED_FACE ( 'NONE', ( #2584 ), #2914, .T. ) ;
#81 = LINE ( 'NONE', #3355, #2908 ) ;
#82 = CARTESIAN_POINT ( 'NONE',  ( -42.50000000000047606, -50.00000000000000000, 0.000000000000000000 ) ) ;
#83 = ORIENTED_EDGE ( 'NONE', *, *, #1914, .T. ) ;
#84 = DIRECTION ( 'NONE',  ( 0.000000000000000000, 0.000000000000000000, -1.000000000000000000 ) ) ;
#85 = DIRECTION ( 'NONE',  ( -0.000000000000000000, -0.000000000000000000, -1.000000000000000000 ) ) ;
#86 = DIRECTION ( 'NONE',  ( -0.000000000000000000, 0.000000000000000000, 1.000000000000000000 ) ) ;
#87 = EDGE_CURVE ( 'NONE', #4634, #516, #2150, .T. ) ;
#88 = ORIENTED_EDGE ( 'NONE', *, *, #2555, .F. ) ;
#89 = ORIENTED_EDGE ( 'NONE', *, *, #5121, .F. ) ;
#90 = DIRECTION ( 'NONE',  ( 1.000000000000000000, -0.000000000000000000, 0.000000000000000000 ) ) ;
#91 = ORIENTED_EDGE ( 'NONE', *, *, #347, .F. ) ;
#92 = DIRECTION ( 'NONE',  ( -0.000000000000000000, 0.000000000000000000, 1.000000000000000000 ) ) ;
#93 = FACE_OUTER_BOUND ( 'NONE', #546, .T. ) ;
#94 = DIRECTION ( 'NONE',  ( -1.000000000000000000, 0.000000000000000000, 0.000000000000000000 ) ) ;
#95 = ORIENTED_EDGE ( 'NONE', *, *, #3821, .T. ) ;
#96 = CARTESIAN_POINT ( 'NONE',  ( -25.00000000000045830, -50.00000000000000000, 15.00000000000000000 ) ) ;
#97 = ORIENTED_EDGE ( 'NONE', *, *, #2176, .F. ) ;
#98 = EDGE_CURVE ( 'NONE', #3403, #4641, #2076, .T. ) ;
#99 = CIRCLE ( 'NONE', #3974, 0.5000000000000004441 ) ;
#100 = FACE_BOUND ( 'NONE', #698, .T. ) ;
#101 = CARTESIAN_POINT ( 'NONE',  ( -124.9999999999999716, 74.99999999999998579, 15.00000000000000000 ) ) ;
#102 = AXIS2_PLACEMENT_3D ( 'NONE', #3557, #4445, #1048 ) ;
#103 = CARTESIAN_POINT ( 'NONE',  ( -24.39999999999996305, -28.99999999999998934, 3.000000000000000000 ) ) ;
#104 = ADVANCED_FACE ( 'NONE', ( #61 ), #2992, .F. ) ;
#105 = DIRECTION ( 'NONE',  ( 1.000000000000000000, -2.040851148208008393E-15, -0.000000000000000000 ) ) ;
#106 = CARTESIAN_POINT ( 'NONE',  ( 0.000000000000000000, 0.000000000000000000, 15.00000000000000000 ) ) ;
#107 = CARTESIAN_POINT ( 'NONE',  ( 55.00000000000023448, 50.00000000000000000, 25.00000000000000000 ) ) ;
#108 = ORIENTED_EDGE ( 'NONE', *, *, #3053, .T. ) ;
#109 = CARTESIAN_POINT ( 'NONE',  ( 54.99999999999954525, -50.00000000000000000, 15.00000000000000000 ) ) ;
#110 = CARTESIAN_POINT ( 'NONE',  ( -121.5999999999999801, 64.99999999999998579, 25.00000000000000000 ) ) ;
#111 = FACE_OUTER_BOUND ( 'NONE', #810, .T. ) ;
#112 = CIRCLE ( 'NONE', #3112, 2.500000000000002220 ) ;
#113 = ORIENTED_EDGE ( 'NONE', *, *, #1624, .F. ) ;
#114 = ORIENTED_EDGE ( 'NONE', *, *, #2402, .T. ) ;
#115 = DIRECTION ( 'NONE',  ( -1.000000000000000000, 0.000000000000000000, 0.000000000000000000 ) ) ;
#116 = EDGE_CURVE ( 'NONE', #1758, #4138, #3275, .T. ) ;
#117 = EDGE_LOOP ( 'NONE', ( #3857, #4757, #438, #2080, #1568 ) ) ;
#118 = CARTESIAN_POINT ( 'NONE',  ( -54.99999999999995026, -25.60000000000000497, 24.50000000000000000 ) ) ;
#119 = CARTESIAN_POINT ( 'NONE',  ( 120.0000000000000568, -75.00000000000001421, 0.000000000000000000 ) ) ;
#120 = ORIENTED_EDGE ( 'NONE', *, *, #5092, .T. ) ;
#121 = FACE_OUTER_BOUND ( 'NONE', #31, .T. ) ;
#122 = EDGE_CURVE ( 'NONE', #3812, #724, #2886, .T. ) ;
#123 = ORIENTED_EDGE ( 'NONE', *, *, #49, .F. ) ;
#124 = CYLINDRICAL_SURFACE ( 'NONE', #3451, 3.000000000000002665 ) ;
#125 = VERTEX_POINT ( 'NONE', #2554 ) ;
#126 = CARTESIAN_POINT ( 'NONE',  ( -54.99999999999995737, -32.40000000000001279, 21.19999999999999929 ) ) ;
#127 = CARTESIAN_POINT ( 'NONE',  ( 20.00000000000004619, 5.000000000012239987, 0.000000000000000000 ) ) ;
#128 = DIRECTION ( 'NONE',  ( -0.000000000000000000, -0.000000000000000000, -1.000000000000000000 ) ) ;
#129 = FACE_BOUND ( 'NONE', #991, .T. ) ;
#130 = CARTESIAN_POINT ( 'NONE',  ( 20.00000000000004619, 1.224020884649235086E-11, 15.00000000000000000 ) ) ;
#131 = ADVANCED_FACE ( 'NONE', ( #4234 ), #2099, .F. ) ;
#132 = ORIENTED_EDGE ( 'NONE', *, *, #2213, .T. ) ;
#133 = CARTESIAN_POINT ( 'NONE',  ( -25.99999999999996447, -28.99999999999998934, 25.00000000000000000 ) ) ;
#134 = DIRECTION ( 'NONE',  ( 0.000000000000000000, 0.000000000000000000, -1.000000000000000000 ) ) ;
#135 = ORIENTED_EDGE ( 'NONE', *, *, #2343, .F. ) ;
#136 = ORIENTED_EDGE ( 'NONE', *, *, #4614, .F. ) ;
#137 = CARTESIAN_POINT ( 'NONE',  ( 0.000000000000000000, 26.10000000000000497, 24.50000000000000000 ) ) ;
#138 = ORIENTED_EDGE ( 'NONE', *, *, #1384, .T. ) ;
#139 = LINE ( 'NONE', #5125, #778 ) ;
#140 = CARTESIAN_POINT ( 'NONE',  ( -24.39999999999996305, -28.99999999999998934, 25.00000000000000000 ) ) ;
#141 = EDGE_CURVE ( 'NONE', #3565, #4383, #3618, .T. ) ;
#142 = ORIENTED_EDGE ( 'NONE', *, *, #3825, .T. ) ;
#143 = DIRECTION ( 'NONE',  ( -0.000000000000000000, -0.000000000000000000, -1.000000000000000000 ) ) ;
#144 = VECTOR ( 'NONE', #2358, 1000.000000000000000 ) ;
#145 = ORIENTED_EDGE ( 'NONE', *, *, #2971, .F. ) ;
#146 = DIRECTION ( 'NONE',  ( 1.000000000000000000, 0.000000000000000000, 0.000000000000000000 ) ) ;
#147 = ORIENTED_EDGE ( 'NONE', *, *, #1092, .F. ) ;
#148 = VECTOR ( 'NONE', #1020, 1000.000000000000000 ) ;
#149 = AXIS2_PLACEMENT_3D ( 'NONE', #1972, #2866, #5243 ) ;
#150 = CARTESIAN_POINT ( 'NONE',  ( 0.000000000000000000, -44.99999999998776445, 15.00000000000000000 ) ) ;
#151 = ORIENTED_EDGE ( 'NONE', *, *, #4094, .F. ) ;
#152 = CIRCLE ( 'NONE', #3934, 4.999999999999997335 ) ;
#153 = VECTOR ( 'NONE', #54, 1000.000000000000000 ) ;
#154 = CIRCLE ( 'NONE', #5144, 2.500000000000002220 ) ;
#155 = PLANE ( 'NONE',  #2721 ) ;
#156 = ORIENTED_EDGE ( 'NONE', *, *, #2183, .T. ) ;
#157 = AXIS2_PLACEMENT_3D ( 'NONE', #1345, #4648, #2587 ) ;
#158 = VECTOR ( 'NONE', #882, 1000.000000000000000 ) ;
#159 = DIRECTION ( 'NONE',  ( 0.000000000000000000, -1.000000000000000000, 0.000000000000000000 ) ) ;
#160 = FACE_OUTER_BOUND ( 'NONE', #1627, .T. ) ;
#161 = DIRECTION ( 'NONE',  ( -0.000000000000000000, 0.000000000000000000, 1.000000000000000000 ) ) ;
#162 = ORIENTED_EDGE ( 'NONE', *, *, #1280, .F. ) ;
#163 = CIRCLE ( 'NONE', #1526, 2.500000000000002220 ) ;
#164 = CARTESIAN_POINT ( 'NONE',  ( -27.50000000000046185, -50.00000000000000000, 0.000000000000000000 ) ) ;
#165 = DIRECTION ( 'NONE',  ( 0.000000000000000000, 0.000000000000000000, -1.000000000000000000 ) ) ;
#166 = ADVANCED_FACE ( 'NONE', ( #3343 ), #540, .F. ) ;
#167 = AXIS2_PLACEMENT_3D ( 'NONE', #2811, #3221, #4464 ) ;
#168 = VERTEX_POINT ( 'NONE', #4967 ) ;
#169 = DIRECTION ( 'NONE',  ( -1.000000000000000000, 0.000000000000000000, 0.000000000000000000 ) ) ;
#170 = VERTEX_POINT ( 'NONE', #1269 ) ;
#171 = DIRECTION ( 'NONE',  ( 1.000000000000000000, -0.000000000000000000, -0.000000000000000000 ) ) ;
#172 = CARTESIAN_POINT ( 'NONE',  ( 125.0000000000000568, -75.00000000000001421, 15.00000000000000000 ) ) ;
#173 = EDGE_CURVE ( 'NONE', #4073, #1620, #945, .T. ) ;
#174 = ORIENTED_EDGE ( 'NONE', *, *, #2430, .T. ) ;
#175 = CARTESIAN_POINT ( 'NONE',  ( 0.000000000000000000, 0.000000000000000000, 0.000000000000000000 ) ) ;
#176 = ORIENTED_EDGE ( 'NONE', *, *, #1874, .F. ) ;
#177 = CARTESIAN_POINT ( 'NONE',  ( 120.0000000000000711, 32.39999999999999858, 20.00000000000000000 ) ) ;
#178 = VECTOR ( 'NONE', #4132, 1000.000000000000000 ) ;
#179 = ORIENTED_EDGE ( 'NONE', *, *, #1590, .T. ) ;
#180 = CARTESIAN_POINT ( 'NONE',  ( 32.49999999999952394, -50.00000000000000000, 25.00000000000000000 ) ) ;
#181 = ORIENTED_EDGE ( 'NONE', *, *, #1732, .T. ) ;
#182 = ADVANCED_FACE ( 'NONE', ( #864 ), #2504, .F. ) ;
#183 = VERTEX_POINT ( 'NONE', #1318 ) ;
#184 = VECTOR ( 'NONE', #4344, 1000.000000000000000 ) ;
#185 = CARTESIAN_POINT ( 'NONE',  ( -90.00000000000048317, -44.99999999998776445, 15.00000000000000000 ) ) ;
#186 = FACE_OUTER_BOUND ( 'NONE', #1031, .T. ) ;
#187 = CARTESIAN_POINT ( 'NONE',  ( 35.00000000000022027, 50.00000000000000000, 15.00000000000000000 ) ) ;
#188 = ORIENTED_EDGE ( 'NONE', *, *, #3213, .T. ) ;
#189 = DIRECTION ( 'NONE',  ( 1.000000000000000000, 0.000000000000000000, 0.000000000000000000 ) ) ;
#190 = CARTESIAN_POINT ( 'NONE',  ( 115.4174243050442357, 32.40000000000000568, 18.00000000000000000 ) ) ;
#191 = EDGE_LOOP ( 'NONE', ( #554, #2132 ) ) ;
#192 = LINE ( 'NONE', #3472, #762 ) ;
#193 = ORIENTED_EDGE ( 'NONE', *, *, #2743, .T. ) ;
#194 = DIRECTION ( 'NONE',  ( -1.000000000000000000, 0.000000000000000000, 0.000000000000000000 ) ) ;
#195 = AXIS2_PLACEMENT_3D ( 'NONE', #4839, #1138, #2780 ) ;
#196 = FACE_OUTER_BOUND ( 'NONE', #3180, .T. ) ;
#197 = EDGE_LOOP ( 'NONE', ( #83, #2259, #1855, #142 ) ) ;
#198 = CARTESIAN_POINT ( 'NONE',  ( -22.79999999999996163, -28.99999999999998934, 2.999999999999999112 ) ) ;
#199 = VERTEX_POINT ( 'NONE', #4612 ) ;
#200 = CARTESIAN_POINT ( 'NONE',  ( -59.99999999999995737, -32.40000000000000568, 20.00000000000000000 ) ) ;
#201 = EDGE_CURVE ( 'NONE', #2979, #626, #3964, .T. ) ;
#202 = ORIENTED_EDGE ( 'NONE', *, *, #1293, .F. ) ;
#203 = LINE ( 'NONE', #126, #1085 ) ;
#204 = ORIENTED_EDGE ( 'NONE', *, *, #2672, .F. ) ;
#205 = VERTEX_POINT ( 'NONE', #992 ) ;
#206 = EDGE_CURVE ( 'NONE', #4324, #2309, #5077, .T. ) ;
#207 = CARTESIAN_POINT ( 'NONE',  ( -54.99999999999995026, -25.60000000000000497, 25.00000000000000000 ) ) ;
#208 = FACE_BOUND ( 'NONE', #2395, .T. ) ;
#209 = DIRECTION ( 'NONE',  ( 1.000000000000000000, 0.000000000000000000, 0.000000000000000000 ) ) ;
#210 = ORIENTED_EDGE ( 'NONE', *, *, #3192, .T. ) ;
#211 = CARTESIAN_POINT ( 'NONE',  ( 100.0000000000000426, 5.000000000012239987, 0.000000000000000000 ) ) ;
#212 = CARTESIAN_POINT ( 'NONE',  ( -54.99999999999995737, 32.40000000000001279, 21.19999999999999929 ) ) ;
#213 = EDGE_CURVE ( 'NONE', #626, #2979, #2919, .T. ) ;
#214 = EDGE_LOOP ( 'NONE', ( #3261, #2211, #4066, #3980 ) ) ;
#215 = DIRECTION ( 'NONE',  ( 1.000000000000000000, 0.000000000000000000, 0.000000000000000000 ) ) ;
#216 = VERTEX_POINT ( 'NONE', #3935 ) ;
#217 = VERTEX_POINT ( 'NONE', #1371 ) ;
#218 = CARTESIAN_POINT ( 'NONE',  ( -24.99999999999976907, 50.00000000000000000, 0.000000000000000000 ) ) ;
#219 = DIRECTION ( 'NONE',  ( -4.081702296415998494E-17, 1.000000000000000000, 0.000000000000000000 ) ) ;
#220 = ORIENTED_EDGE ( 'NONE', *, *, #4059, .T. ) ;
#221 = DIRECTION ( 'NONE',  ( 0.000000000000000000, 0.000000000000000000, -1.000000000000000000 ) ) ;
#222 = VERTEX_POINT ( 'NONE', #2231 ) ;
#223 = DIRECTION ( 'NONE',  ( 0.000000000000000000, 0.000000000000000000, -1.000000000000000000 ) ) ;
#224 = ADVANCED_FACE ( 'NONE', ( #3043 ), #590, .F. ) ;
#225 = FACE_OUTER_BOUND ( 'NONE', #4950, .T. ) ;
#226 = VERTEX_POINT ( 'NONE', #4338 ) ;
#227 = ORIENTED_EDGE ( 'NONE', *, *, #1348, .T. ) ;
#228 = CIRCLE ( 'NONE', #2540, 2.500000000000002220 ) ;
#229 = APPLICATION_CONTEXT ( 'configuration controlled 3d designs of mechanical parts and assemblies' ) ;
#230 = EDGE_CURVE ( 'NONE', #3135, #1702, #2713, .T. ) ;
#231 = DIRECTION ( 'NONE',  ( -0.000000000000000000, -0.000000000000000000, -1.000000000000000000 ) ) ;
#232 = VECTOR ( 'NONE', #1121, 1000.000000000000000 ) ;
#233 = VECTOR ( 'NONE', #1058, 1000.000000000000000 ) ;
#234 = FACE_OUTER_BOUND ( 'NONE', #4488, .T. ) ;
#235 = CARTESIAN_POINT ( 'NONE',  ( 115.4174243050442072, -31.15000000000000213, 18.00000000000000000 ) ) ;
#236 = ORIENTED_EDGE ( 'NONE', *, *, #41, .F. ) ;
#237 = ADVANCED_FACE ( 'NONE', ( #246 ), #971, .F. ) ;
#238 = FACE_OUTER_BOUND ( 'NONE', #1047, .T. ) ;
#239 = DIRECTION ( 'NONE',  ( 0.000000000000000000, -0.000000000000000000, 1.000000000000000000 ) ) ;
#240 = VECTOR ( 'NONE', #1453, 1000.000000000000000 ) ;
#241 = AXIS2_PLACEMENT_3D ( 'NONE', #15, #2962, #467 ) ;
#242 = ORIENTED_EDGE ( 'NONE', *, *, #2809, .F. ) ;
#243 = CARTESIAN_POINT ( 'NONE',  ( -59.99999999999995737, 32.40000000000000568, 20.00000000000000000 ) ) ;
#244 = ORIENTED_EDGE ( 'NONE', *, *, #2935, .F. ) ;
#245 = EDGE_CURVE ( 'NONE', #216, #393, #3449, .T. ) ;
#246 = FACE_OUTER_BOUND ( 'NONE', #4361, .T. ) ;
#247 = FACE_OUTER_BOUND ( 'NONE', #744, .T. ) ;
#248 = DIRECTION ( 'NONE',  ( 0.000000000000000000, -0.000000000000000000, -1.000000000000000000 ) ) ;
#249 = CIRCLE ( 'NONE', #1870, 2.500000000000002220 ) ;
#250 = ORIENTED_EDGE ( 'NONE', *, *, #1028, .F. ) ;
#251 = LINE ( 'NONE', #3507, #4193 ) ;
#252 = CARTESIAN_POINT ( 'NONE',  ( -94.99999999999977263, 50.00000000001224265, 25.00000000000000000 ) ) ;
#253 = EDGE_CURVE ( 'NONE', #3562, #955, #1717, .T. ) ;
#254 = ORIENTED_EDGE ( 'NONE', *, *, #2570, .F. ) ;
#255 = CARTESIAN_POINT ( 'NONE',  ( -90.00000000000048317, -49.99999999998776445, 15.00000000000000000 ) ) ;
#256 = CARTESIAN_POINT ( 'NONE',  ( 106.6000000000000369, 28.99999999999999289, 25.00000000000000000 ) ) ;
#257 = DIRECTION ( 'NONE',  ( -0.000000000000000000, -0.000000000000000000, -1.000000000000000000 ) ) ;
#258 = ORIENTED_EDGE ( 'NONE', *, *, #3196, .T. ) ;
#259 = EDGE_CURVE ( 'NONE', #2045, #5050, #1034, .T. ) ;
#260 = ORIENTED_EDGE ( 'NONE', *, *, #989, .T. ) ;
#261 = AXIS2_PLACEMENT_3D ( 'NONE', #3804, #4946, #3749 ) ;
#262 = DIRECTION ( 'NONE',  ( -0.000000000000000000, -0.000000000000000000, -1.000000000000000000 ) ) ;
#263 = LINE ( 'NONE', #3140, #1791 ) ;
#264 = DIRECTION ( 'NONE',  ( -0.000000000000000000, -0.000000000000000000, -1.000000000000000000 ) ) ;
#265 = ADVANCED_FACE ( 'NONE', ( #1475 ), #1771, .F. ) ;
#266 = LINE ( 'NONE', #1981, #1681 ) ;
#267 = AXIS2_PLACEMENT_3D ( 'NONE', #638, #2664, #3500 ) ;
#268 = DIRECTION ( 'NONE',  ( -0.000000000000000000, -0.000000000000000000, -1.000000000000000000 ) ) ;
#269 = EDGE_LOOP ( 'NONE', ( #3089, #4810, #1938, #2777 ) ) ;
#270 = VECTOR ( 'NONE', #5108, 1000.000000000000000 ) ;
#271 = DIRECTION ( 'NONE',  ( -1.000000000000000000, 0.000000000000000000, 0.000000000000000000 ) ) ;
#272 = CARTESIAN_POINT ( 'NONE',  ( -55.41742430504410777, 26.85000000000070131, 18.00000000000000000 ) ) ;
#273 = VERTEX_POINT ( 'NONE', #4367 ) ;
#274 = CARTESIAN_POINT ( 'NONE',  ( -59.99999999999995737, 5.000000000012239987, 25.00000000000000000 ) ) ;
#275 = DIRECTION ( 'NONE',  ( 1.000000000000000000, -4.081702296416016786E-15, -0.000000000000000000 ) ) ;
#276 = CARTESIAN_POINT ( 'NONE',  ( -22.79999999999996163, -28.99999999999998934, 25.00000000000000000 ) ) ;
#277 = AXIS2_PLACEMENT_3D ( 'NONE', #3285, #1255, #1181 ) ;
#278 =( BOUNDED_CURVE ( )  B_SPLINE_CURVE ( 3, ( #1546, #4849, #4033, #346 ),
 .UNSPECIFIED., .F., .F. ) 
 B_SPLINE_CURVE_WITH_KNOTS ( ( 4, 4 ),
 ( 4.712388980384687898, 5.871668461112069970 ),
 .UNSPECIFIED. ) 
 CURVE ( )  GEOMETRIC_REPRESENTATION_ITEM ( )  RATIONAL_B_SPLINE_CURVE ( ( 1.000000000000000000, 0.8911066843560551121, 0.8911066843560551121, 1.000000000000000000 ) ) 
 REPRESENTATION_ITEM ( '' )  );
#279 = ORIENTED_EDGE ( 'NONE', *, *, #2533, .F. ) ;
#280 = EDGE_CURVE ( 'NONE', #356, #5021, #4745, .T. ) ;
#281 = ADVANCED_FACE ( 'NONE', ( #3123 ), #670, .F. ) ;
#282 = DIRECTION ( 'NONE',  ( -0.000000000000000000, -0.000000000000000000, -1.000000000000000000 ) ) ;
#283 = AXIS2_PLACEMENT_3D ( 'NONE', #130, #902, #1762 ) ;
#284 = EDGE_CURVE ( 'NONE', #183, #4511, #4314, .T. ) ;
#285 = ORIENTED_EDGE ( 'NONE', *, *, #1120, .F. ) ;
#286 = CYLINDRICAL_SURFACE ( 'NONE', #1297, 4.999999999999997335 ) ;
#287 = DIRECTION ( 'NONE',  ( -0.000000000000000000, 0.000000000000000000, 1.000000000000000000 ) ) ;
#288 = VECTOR ( 'NONE', #2425, 1000.000000000000000 ) ;
#289 = EDGE_CURVE ( 'NONE', #1666, #4743, #4054, .T. ) ;
#290 = FACE_BOUND ( 'NONE', #4806, .T. ) ;
#291 = ORIENTED_EDGE ( 'NONE', *, *, #3176, .F. ) ;
#292 = EDGE_LOOP ( 'NONE', ( #1105, #344, #3110, #895 ) ) ;
#293 = CARTESIAN_POINT ( 'NONE',  ( 105.0000000000000284, -75.00000000000000000, 0.000000000000000000 ) ) ;
#294 = DIRECTION ( 'NONE',  ( -0.000000000000000000, 0.000000000000000000, -1.000000000000000000 ) ) ;
#295 = LINE ( 'NONE', #318, #3369 ) ;
#296 = DIRECTION ( 'NONE',  ( 1.000000000000000000, 4.081702296416016786E-15, -0.000000000000000000 ) ) ;
#297 = CARTESIAN_POINT ( 'NONE',  ( 70.00000000000004263, 5.000000000012239987, 25.00000000000000000 ) ) ;
#298 = EDGE_CURVE ( 'NONE', #5017, #2550, #139, .T. ) ;
#299 = ORIENTED_EDGE ( 'NONE', *, *, #9, .T. ) ;
#300 = CARTESIAN_POINT ( 'NONE',  ( -59.99999999999995737, 31.15000000000071978, 20.00000000000000000 ) ) ;
#301 = DIRECTION ( 'NONE',  ( 1.020425574104003013E-15, -1.000000000000000000, 0.000000000000000000 ) ) ;
#302 = ORIENTED_EDGE ( 'NONE', *, *, #2537, .F. ) ;
#303 = CARTESIAN_POINT ( 'NONE',  ( 65.00000000000004263, 1.224020884649235086E-11, 15.00000000000000000 ) ) ;
#304 = DIRECTION ( 'NONE',  ( -1.000000000000000000, 0.000000000000000000, 0.000000000000000000 ) ) ;
#305 = CARTESIAN_POINT ( 'NONE',  ( 99.99999999999951683, -49.99999999998776445, 25.00000000000000000 ) ) ;
#306 = EDGE_LOOP ( 'NONE', ( #4643, #2918 ) ) ;
#307 = DIRECTION ( 'NONE',  ( 0.000000000000000000, 0.000000000000000000, -1.000000000000000000 ) ) ;
#308 = ORIENTED_EDGE ( 'NONE', *, *, #2016, .T. ) ;
#309 = ORIENTED_EDGE ( 'NONE', *, *, #643, .T. ) ;
#310 = CARTESIAN_POINT ( 'NONE',  ( -59.99999999999992895, -6.122553444624010190E-14, 15.00000000000000000 ) ) ;
#311 = EDGE_CURVE ( 'NONE', #1898, #2960, #1806, .T. ) ;
#312 = DIRECTION ( 'NONE',  ( -0.000000000000000000, 0.000000000000000000, 1.000000000000000000 ) ) ;
#313 = ORIENTED_EDGE ( 'NONE', *, *, #4825, .T. ) ;
#314 = EDGE_CURVE ( 'NONE', #1474, #561, #4695, .T. ) ;
#315 = ORIENTED_EDGE ( 'NONE', *, *, #3105, .F. ) ;
#316 = DIRECTION ( 'NONE',  ( -0.000000000000000000, 0.000000000000000000, 1.000000000000000000 ) ) ;
#317 = CARTESIAN_POINT ( 'NONE',  ( -125.0000000000001705, -31.15000000000098268, 21.19999999999999929 ) ) ;
#318 = CARTESIAN_POINT ( 'NONE',  ( -90.00000000000048317, -44.99999999998776445, 25.00000000000000000 ) ) ;
#319 = DIRECTION ( 'NONE',  ( -0.000000000000000000, -1.000000000000000000, -0.000000000000000000 ) ) ;
#320 = DIRECTION ( 'NONE',  ( -1.000000000000000000, 0.000000000000000000, 0.000000000000000000 ) ) ;
#321 = VECTOR ( 'NONE', #1205, 1000.000000000000000 ) ;
#322 = VECTOR ( 'NONE', #4000, 1000.000000000000000 ) ;
#323 = ORIENTED_EDGE ( 'NONE', *, *, #1487, .F. ) ;
#324 = CARTESIAN_POINT ( 'NONE',  ( -125.0000000000001705, -31.90000000000001279, 21.19999999999999929 ) ) ;
#325 = CYLINDRICAL_SURFACE ( 'NONE', #3885, 3.000000000000002665 ) ;
#326 = EDGE_LOOP ( 'NONE', ( #2256, #1716, #1637, #2620 ) ) ;
#327 = VECTOR ( 'NONE', #3655, 1000.000000000000000 ) ;
#328 = CARTESIAN_POINT ( 'NONE',  ( -54.99999999999995026, -26.85000000000070131, 20.00000000000000000 ) ) ;
#329 = LINE ( 'NONE', #2392, #1606 ) ;
#330 = AXIS2_PLACEMENT_3D ( 'NONE', #4631, #105, #159 ) ;
#331 = CIRCLE ( 'NONE', #2641, 4.999999999999990230 ) ;
#332 = DIRECTION ( 'NONE',  ( 1.000000000000000000, 0.000000000000000000, 0.000000000000000000 ) ) ;
#333 = EDGE_CURVE ( 'NONE', #1779, #2579, #5258, .T. ) ;
#334 = VERTEX_POINT ( 'NONE', #3614 ) ;
#336 = VECTOR ( 'NONE', #4530, 1000.000000000000000 ) ;
#335 = APPROVAL_ROLE ( '' ) ;
#337 = DIRECTION ( 'NONE',  ( -0.000000000000000000, 0.000000000000000000, 1.000000000000000000 ) ) ;
#338 = VERTEX_POINT ( 'NONE', #328 ) ;
#339 = ORIENTED_EDGE ( 'NONE', *, *, #2752, .T. ) ;
#340 = VECTOR ( 'NONE', #4685, 1000.000000000000000 ) ;
#341 = DIRECTION ( 'NONE',  ( -1.020425574104003013E-15, 1.000000000000000000, -0.000000000000000000 ) ) ;
#342 = EDGE_CURVE ( 'NONE', #4309, #5246, #4479, .T. ) ;
#343 = LINE ( 'NONE', #1973, #4102 ) ;
#344 = ORIENTED_EDGE ( 'NONE', *, *, #4779, .T. ) ;
#345 = ORIENTED_EDGE ( 'NONE', *, *, #2108, .F. ) ;
#346 = CARTESIAN_POINT ( 'NONE',  ( -55.41742430504412198, 32.40000000000070202, 18.00000000000000000 ) ) ;
#347 = EDGE_CURVE ( 'NONE', #5071, #3184, #4447, .T. ) ;
#348 = AXIS2_PLACEMENT_3D ( 'NONE', #1172, #1065, #4472 ) ;
#349 = DIRECTION ( 'NONE',  ( -1.000000000000000000, 0.000000000000000000, 0.000000000000000000 ) ) ;
#350 = DIRECTION ( 'NONE',  ( -1.000000000000000000, 4.081702296416016366E-17, -0.000000000000000000 ) ) ;
#351 = CARTESIAN_POINT ( 'NONE',  ( -42.49999999999995737, 3.061616997868386099E-16, 0.000000000000000000 ) ) ;
#352 = ORIENTED_EDGE ( 'NONE', *, *, #1711, .F. ) ;
#353 = CARTESIAN_POINT ( 'NONE',  ( 115.4174243050442215, 25.60000000000000497, 18.00000000000000000 ) ) ;
#354 = CARTESIAN_POINT ( 'NONE',  ( 115.0000000000000995, -26.85000000000000497, 21.19999999999999929 ) ) ;
#355 = CIRCLE ( 'NONE', #1038, 1.600000000000004086 ) ;
#356 = VERTEX_POINT ( 'NONE', #1107 ) ;
#357 = LINE ( 'NONE', #5284, #5000 ) ;
#358 = DIRECTION ( 'NONE',  ( -0.000000000000000000, -0.000000000000000000, -1.000000000000000000 ) ) ;
#359 = DIRECTION ( 'NONE',  ( -1.000000000000000000, 0.000000000000000000, 0.000000000000000000 ) ) ;
#360 = AXIS2_PLACEMENT_3D ( 'NONE', #1057, #645, #2288 ) ;
#361 = VERTEX_POINT ( 'NONE', #303 ) ;
#362 = ORIENTED_EDGE ( 'NONE', *, *, #1732, .F. ) ;
#363 = DATE_AND_TIME ( #1589, #1434 ) ;
#364 = CARTESIAN_POINT ( 'NONE',  ( -45.00000000000047606, -50.00000000000000000, 0.000000000000000000 ) ) ;
#365 = VERTEX_POINT ( 'NONE', #3582 ) ;
#366 = CARTESIAN_POINT ( 'NONE',  ( -54.99999999999995737, 31.15000000000069846, 25.00000000000000000 ) ) ;
#367 = VECTOR ( 'NONE', #3260, 1000.000000000000000 ) ;
#368 = CARTESIAN_POINT ( 'NONE',  ( 37.50000000000004974, 3.061616997868386099E-16, 0.000000000000000000 ) ) ;
#369 = AXIS2_PLACEMENT_3D ( 'NONE', #5010, #5116, #1015 ) ;
#370 = ADVANCED_FACE ( 'NONE', ( #1156 ), #1903, .F. ) ;
#371 = ORIENTED_EDGE ( 'NONE', *, *, #4870, .T. ) ;
#372 = ORIENTED_EDGE ( 'NONE', *, *, #4651, .T. ) ;
#373 = CARTESIAN_POINT ( 'NONE',  ( 120.0000000000000000, 2.449021377849610134E-13, 15.00000000000000000 ) ) ;
#374 = CARTESIAN_POINT ( 'NONE',  ( -25.00000000000045830, -50.00000000000000000, 25.00000000000000000 ) ) ;
#375 = PLANE ( 'NONE',  #3325 ) ;
#376 = CARTESIAN_POINT ( 'NONE',  ( -24.39999999999996305, -28.99999999999998934, 25.00000000000000000 ) ) ;
#377 = ADVANCED_FACE ( 'NONE', ( #2798 ), #3148, .F. ) ;
#378 = VERTEX_POINT ( 'NONE', #4832 ) ;
#379 = DIRECTION ( 'NONE',  ( -0.000000000000000000, -0.000000000000000000, -1.000000000000000000 ) ) ;
#380 = LINE ( 'NONE', #4123, #3362 ) ;
#381 = VERTEX_POINT ( 'NONE', #4043 ) ;
#382 = DIRECTION ( 'NONE',  ( 0.000000000000000000, 0.000000000000000000, 1.000000000000000000 ) ) ;
#383 = CARTESIAN_POINT ( 'NONE',  ( -47.49999999999978684, 50.00000000000000000, 0.000000000000000000 ) ) ;
#384 = CARTESIAN_POINT ( 'NONE',  ( -44.99999999999995737, 0.000000000000000000, 15.00000000000000000 ) ) ;
#385 = ORIENTED_EDGE ( 'NONE', *, *, #3305, .T. ) ;
#386 = ORIENTED_EDGE ( 'NONE', *, *, #3280, .F. ) ;
#387 = PERSON_AND_ORGANIZATION_ROLE ( 'classification_officer' ) ;
#388 = CARTESIAN_POINT ( 'NONE',  ( 55.00000000000023448, 50.00000000000000000, 15.00000000000000000 ) ) ;
#389 = VERTEX_POINT ( 'NONE', #1962 ) ;
#390 = DIRECTION ( 'NONE',  ( 0.000000000000000000, 1.000000000000000000, -0.000000000000000000 ) ) ;
#391 = DIRECTION ( 'NONE',  ( -0.000000000000000000, 0.000000000000000000, 1.000000000000000000 ) ) ;
#392 = ORIENTED_EDGE ( 'NONE', *, *, #3425, .F. ) ;
#393 = VERTEX_POINT ( 'NONE', #2418 ) ;
#394 = EDGE_CURVE ( 'NONE', #3138, #1276, #1584, .T. ) ;
#395 = FACE_OUTER_BOUND ( 'NONE', #5283, .T. ) ;
#396 = DIRECTION ( 'NONE',  ( 1.000000000000000000, 4.163336342344339393E-15, 0.000000000000000000 ) ) ;
#397 = CARTESIAN_POINT ( 'NONE',  ( 115.4174243050442215, -25.60000000000000497, 18.00000000000000000 ) ) ;
#398 = DIRECTION ( 'NONE',  ( -1.000000000000000000, 0.000000000000000000, 0.000000000000000000 ) ) ;
#399 = EDGE_CURVE ( 'NONE', #2466, #1666, #3641, .T. ) ;
#400 = CIRCLE ( 'NONE', #4617, 4.999999999999997335 ) ;
#401 = DIRECTION ( 'NONE',  ( -0.000000000000000000, -0.000000000000000000, -1.000000000000000000 ) ) ;
#402 = ADVANCED_FACE ( 'NONE', ( #4801 ), #4015, .T. ) ;
#403 = CARTESIAN_POINT ( 'NONE',  ( 105.0000000000000284, -75.00000000000000000, 25.00000000000000000 ) ) ;
#404 = ORIENTED_EDGE ( 'NONE', *, *, #926, .F. ) ;
#405 = DIRECTION ( 'NONE',  ( -0.000000000000000000, -0.000000000000000000, -1.000000000000000000 ) ) ;
#406 = CARTESIAN_POINT ( 'NONE',  ( -54.99999999999995026, -26.10000000000000497, 21.19999999999999929 ) ) ;
#407 = LINE ( 'NONE', #2044, #4114 ) ;
#408 = VECTOR ( 'NONE', #2305, 1000.000000000000000 ) ;
#409 = CIRCLE ( 'NONE', #2032, 0.5000000000000004441 ) ;
#410 = ORIENTED_EDGE ( 'NONE', *, *, #4276, .F. ) ;
#411 = VERTEX_POINT ( 'NONE', #2855 ) ;
#412 = EDGE_CURVE ( 'NONE', #3965, #1494, #1978, .T. ) ;
#413 = LINE ( 'NONE', #2021, #967 ) ;
#414 = EDGE_CURVE ( 'NONE', #988, #5313, #357, .T. ) ;
#415 = VECTOR ( 'NONE', #231, 1000.000000000000000 ) ;
#416 = AXIS2_PLACEMENT_3D ( 'NONE', #4842, #1623, #2757 ) ;
#417 = EDGE_LOOP ( 'NONE', ( #4693, #2549, #5113, #4203 ) ) ;
#418 = VERTEX_POINT ( 'NONE', #2831 ) ;
#419 = DIRECTION ( 'NONE',  ( -0.000000000000000000, 0.000000000000000000, 1.000000000000000000 ) ) ;
#420 = ORIENTED_EDGE ( 'NONE', *, *, #3825, .F. ) ;
#421 = AXIS2_PLACEMENT_3D ( 'NONE', #3128, #221, #1854 ) ;
#422 = VECTOR ( 'NONE', #4045, 1000.000000000000000 ) ;
#423 = VERTEX_POINT ( 'NONE', #2774 ) ;
#424 = AXIS2_PLACEMENT_3D ( 'NONE', #1328, #4628, #2136 ) ;
#425 = ORIENTED_EDGE ( 'NONE', *, *, #173, .T. ) ;
#426 = VECTOR ( 'NONE', #2491, 1000.000000000000000 ) ;
#427 = DIRECTION ( 'NONE',  ( 4.081702296416016786E-15, -1.000000000000000000, 0.000000000000000000 ) ) ;
#428 = CARTESIAN_POINT ( 'NONE',  ( 19.99999999999952394, -44.99999999998776445, 25.00000000000000000 ) ) ;
#429 = PLANE ( 'NONE',  #4379 ) ;
#430 = B_SPLINE_CURVE_WITH_KNOTS ( 'NONE', 3,
 ( #4536, #4995, #2481, #3392 ),
 .UNSPECIFIED., .F., .F.,
 ( 4, 4 ),
 ( 0.000000000000000000, 1.000000000000000000 ),
 .UNSPECIFIED. ) ;
#431 = CARTESIAN_POINT ( 'NONE',  ( 70.00000000000021316, 45.00000000001224265, 0.000000000000000000 ) ) ;
#432 = CARTESIAN_POINT ( 'NONE',  ( -104.9999999999999716, 75.00000000000000000, 25.00000000000000000 ) ) ;
#433 = ADVANCED_FACE ( 'NONE', ( #1498 ), #4398, .F. ) ;
#434 = ORIENTED_EDGE ( 'NONE', *, *, #3853, .F. ) ;
#435 = LINE ( 'NONE', #2067, #2666 ) ;
#436 = DIRECTION ( 'NONE',  ( -1.000000000000000000, 0.000000000000000000, 0.000000000000000000 ) ) ;
#437 = DIRECTION ( 'NONE',  ( -1.000000000000000000, 0.000000000000000000, 0.000000000000000000 ) ) ;
#438 = ORIENTED_EDGE ( 'NONE', *, *, #1189, .F. ) ;
#439 = ORIENTED_EDGE ( 'NONE', *, *, #3940, .F. ) ;
#440 = LINE ( 'NONE', #5315, #2426 ) ;
#441 = ORIENTED_EDGE ( 'NONE', *, *, #1561, .T. ) ;
#442 = PLANE ( 'NONE',  #2661 ) ;
#443 = DIRECTION ( 'NONE',  ( -0.000000000000000000, -0.000000000000000000, -1.000000000000000000 ) ) ;
#444 = AXIS2_PLACEMENT_3D ( 'NONE', #4700, #569, #2209 ) ;
#445 = AXIS2_PLACEMENT_3D ( 'NONE', #3048, #2723, #1032 ) ;
#446 = ORIENTED_EDGE ( 'NONE', *, *, #1053, .T. ) ;
#447 = LINE ( 'NONE', #4162, #4836 ) ;
#448 = EDGE_LOOP ( 'NONE', ( #2812, #260, #2596, #702 ) ) ;
#449 = EDGE_CURVE ( 'NONE', #411, #4762, #3993, .T. ) ;
#450 = AXIS2_PLACEMENT_3D ( 'NONE', #403, #4984, #1582 ) ;
#451 = DIRECTION ( 'NONE',  ( -1.000000000000000000, 4.163336342344339393E-15, 0.000000000000000000 ) ) ;
#452 = VECTOR ( 'NONE', #3114, 1000.000000000000000 ) ;
#453 = DIRECTION ( 'NONE',  ( 1.000000000000000000, 2.040851148208008393E-15, -0.000000000000000000 ) ) ;
#454 = CARTESIAN_POINT ( 'NONE',  ( 65.00000000000004263, 1.224020884649235086E-11, 25.00000000000000000 ) ) ;
#455 = CARTESIAN_POINT ( 'NONE',  ( 65.00000000000004263, 1.224020884649235086E-11, 0.000000000000000000 ) ) ;
#456 = CARTESIAN_POINT ( 'NONE',  ( 0.000000000000000000, 55.00000000001224265, 15.00000000000000000 ) ) ;
#457 = ORIENTED_EDGE ( 'NONE', *, *, #3118, .F. ) ;
#458 = CARTESIAN_POINT ( 'NONE',  ( 120.0000000000000568, 64.99999999999998579, 0.000000000000000000 ) ) ;
#459 = FACE_OUTER_BOUND ( 'NONE', #2613, .T. ) ;
#460 = DIRECTION ( 'NONE',  ( -0.000000000000000000, -0.000000000000000000, -1.000000000000000000 ) ) ;
#461 = ADVANCED_FACE ( 'NONE', ( #1531 ), #3181, .F. ) ;
#462 = EDGE_LOOP ( 'NONE', ( #568, #3496, #2760, #4029 ) ) ;
#463 = ORIENTED_EDGE ( 'NONE', *, *, #2761, .T. ) ;
#464 = CARTESIAN_POINT ( 'NONE',  ( -121.5999999999999801, 64.99999999999998579, 15.00000000000000000 ) ) ;
#465 = EDGE_LOOP ( 'NONE', ( #4669, #5280, #2236, #3545 ) ) ;
#466 = DIRECTION ( 'NONE',  ( 1.000000000000000000, -0.000000000000000000, -0.000000000000000000 ) ) ;
#467 = DIRECTION ( 'NONE',  ( -1.000000000000000000, 0.000000000000000000, 0.000000000000000000 ) ) ;
#468 = EDGE_CURVE ( 'NONE', #2878, #4237, #4926, .T. ) ;
#469 = ORIENTED_EDGE ( 'NONE', *, *, #2728, .T. ) ;
#470 = ADVANCED_FACE ( 'NONE', ( #2361 ), #1558, .F. ) ;
#471 = FACE_OUTER_BOUND ( 'NONE', #3445, .T. ) ;
#472 = ORIENTED_EDGE ( 'NONE', *, *, #796, .F. ) ;
#473 = CARTESIAN_POINT ( 'NONE',  ( 100.0000000000002132, 50.00000000001224265, 15.00000000000000000 ) ) ;
#474 = EDGE_CURVE ( 'NONE', #548, #4178, #4125, .T. ) ;
#475 = CARTESIAN_POINT ( 'NONE',  ( -47.49999999999978684, 50.00000000000000000, 15.00000000000000000 ) ) ;
#476 = CARTESIAN_POINT ( 'NONE',  ( 105.0000000000000426, 28.99999999999999289, 2.999999999999999112 ) ) ;
#477 = LINE ( 'NONE', #2463, #426 ) ;
#478 = LINE ( 'NONE', #2167, #4750 ) ;
#479 = ORIENTED_EDGE ( 'NONE', *, *, #141, .T. ) ;
#480 = DIRECTION ( 'NONE',  ( 0.000000000000000000, 0.000000000000000000, -1.000000000000000000 ) ) ;
#481 = DIRECTION ( 'NONE',  ( -2.040851148208008393E-15, -1.000000000000000000, 0.000000000000000000 ) ) ;
#482 = LINE ( 'NONE', #858, #1192 ) ;
#483 = ORIENTED_EDGE ( 'NONE', *, *, #2971, .T. ) ;
#484 = EDGE_LOOP ( 'NONE', ( #113, #677, #1402, #323 ) ) ;
#485 = FACE_OUTER_BOUND ( 'NONE', #1389, .T. ) ;
#486 = ORIENTED_EDGE ( 'NONE', *, *, #894, .T. ) ;
#487 = DIRECTION ( 'NONE',  ( -0.000000000000000000, -0.000000000000000000, -1.000000000000000000 ) ) ;
#488 = CARTESIAN_POINT ( 'NONE',  ( -24.39999999999996305, 28.99999999999998934, 3.000000000000000000 ) ) ;
#489 = VECTOR ( 'NONE', #4302, 1000.000000000000000 ) ;
#491 = AXIS2_PLACEMENT_3D ( 'NONE', #3303, #4142, #4167 ) ;
#490 = FACE_OUTER_BOUND ( 'NONE', #847, .T. ) ;
#492 = VERTEX_POINT ( 'NONE', #2496 ) ;
#493 = CARTESIAN_POINT ( 'NONE',  ( 69.99999999999951683, -44.99999999998776445, 15.00000000000000000 ) ) ;
#494 = EDGE_CURVE ( 'NONE', #3455, #548, #3788, .T. ) ;
#495 = SECURITY_CLASSIFICATION ( '', '', #1935 ) ;
#496 = ORIENTED_EDGE ( 'NONE', *, *, #3928, .T. ) ;
#497 = CIRCLE ( 'NONE', #1524, 3.000000000000002665 ) ;
#498 = DIRECTION ( 'NONE',  ( -0.000000000000000000, -0.000000000000000000, -1.000000000000000000 ) ) ;
#499 = LINE ( 'NONE', #101, #3069 ) ;
#500 = CIRCLE ( 'NONE', #2302, 4.999999999999990230 ) ;
#501 = DIRECTION ( 'NONE',  ( 0.000000000000000000, -1.000000000000000000, 0.000000000000000000 ) ) ;
#502 = EDGE_CURVE ( 'NONE', #1264, #3434, #3709, .T. ) ;
#503 = EDGE_CURVE ( 'NONE', #760, #535, #4492, .T. ) ;
#504 = DIRECTION ( 'NONE',  ( -1.000000000000000000, 0.000000000000000000, 0.000000000000000000 ) ) ;
#505 = FACE_OUTER_BOUND ( 'NONE', #3601, .T. ) ;
#506 = ORIENTED_EDGE ( 'NONE', *, *, #2164, .F. ) ;
#507 = CARTESIAN_POINT ( 'NONE',  ( 106.6000000000000369, 28.99999999999999289, 0.000000000000000000 ) ) ;
#508 = DIRECTION ( 'NONE',  ( 0.000000000000000000, 0.000000000000000000, -1.000000000000000000 ) ) ;
#509 = FACE_OUTER_BOUND ( 'NONE', #4827, .T. ) ;
#510 = ORIENTED_EDGE ( 'NONE', *, *, #41, .T. ) ;
#511 = EDGE_LOOP ( 'NONE', ( #518, #410 ) ) ;
#512 = CARTESIAN_POINT ( 'NONE',  ( -89.99999999999995737, 1.224020884649235086E-11, 0.000000000000000000 ) ) ;
#513 = ORIENTED_EDGE ( 'NONE', *, *, #2870, .T. ) ;
#514 = FACE_OUTER_BOUND ( 'NONE', #809, .T. ) ;
#515 = DIRECTION ( 'NONE',  ( 1.000000000000000000, 0.000000000000000000, 0.000000000000000000 ) ) ;
#516 = VERTEX_POINT ( 'NONE', #1712 ) ;
#517 = DIRECTION ( 'NONE',  ( -0.000000000000000000, -0.000000000000000000, -1.000000000000000000 ) ) ;
#518 = ORIENTED_EDGE ( 'NONE', *, *, #4857, .F. ) ;
#519 = CARTESIAN_POINT ( 'NONE',  ( -54.99999999999995026, 26.10000000000000497, 21.69999999999999929 ) ) ;
#520 = AXIS2_PLACEMENT_3D ( 'NONE', #5308, #780, #3559 ) ;
#521 = ORIENTED_EDGE ( 'NONE', *, *, #2808, .T. ) ;
#522 = EDGE_CURVE ( 'NONE', #2245, #5021, #1290, .T. ) ;
#523 = AXIS2_PLACEMENT_3D ( 'NONE', #3820, #4225, #2169 ) ;
#524 = LINE ( 'NONE', #150, #4538 ) ;
#525 = CARTESIAN_POINT ( 'NONE',  ( 99.99999999999951683, -54.99999999998775735, 25.00000000000000000 ) ) ;
#526 = PLANE ( 'NONE',  #2290 ) ;
#527 = CIRCLE ( 'NONE', #2421, 5.000000000000004441 ) ;
#528 = FACE_BOUND ( 'NONE', #306, .T. ) ;
#529 = CARTESIAN_POINT ( 'NONE',  ( 106.6000000000000369, -28.99999999999999289, 25.00000000000000000 ) ) ;
#530 = VERTEX_POINT ( 'NONE', #2092 ) ;
#531 = EDGE_CURVE ( 'NONE', #5084, #2309, #435, .T. ) ;
#532 = DIRECTION ( 'NONE',  ( 0.000000000000000000, -0.000000000000000000, -1.000000000000000000 ) ) ;
#533 = DIRECTION ( 'NONE',  ( -0.000000000000000000, 0.000000000000000000, 1.000000000000000000 ) ) ;
#534 = CARTESIAN_POINT ( 'NONE',  ( 117.9511523250778140, 34.93372802003361954, 14.99999999999999645 ) ) ;
#535 = VERTEX_POINT ( 'NONE', #3309 ) ;
#536 = VERTEX_POINT ( 'NONE', #2519 ) ;
#537 = DIRECTION ( 'NONE',  ( 1.000000000000000000, 0.000000000000000000, 0.000000000000000000 ) ) ;
#538 = ORIENTED_EDGE ( 'NONE', *, *, #449, .F. ) ;
#539 = EDGE_CURVE ( 'NONE', #4671, #2979, #2953, .T. ) ;
#540 = CYLINDRICAL_SURFACE ( 'NONE', #4653, 5.000000000000004441 ) ;
#541 = DIRECTION ( 'NONE',  ( -0.000000000000000000, -0.000000000000000000, -1.000000000000000000 ) ) ;
#542 = ORIENTED_EDGE ( 'NONE', *, *, #1357, .F. ) ;
#543 = CARTESIAN_POINT ( 'NONE',  ( 57.50000000000024158, 50.00000000000000000, 25.00000000000000000 ) ) ;
#544 = ORIENTED_EDGE ( 'NONE', *, *, #5092, .F. ) ;
#545 = CARTESIAN_POINT ( 'NONE',  ( -24.39999999999996305, -28.99999999999998934, 3.000000000000000000 ) ) ;
#546 = EDGE_LOOP ( 'NONE', ( #2091, #1375, #4210, #2205 ) ) ;
#547 = LINE ( 'NONE', #3813, #2371 ) ;
#548 = VERTEX_POINT ( 'NONE', #3335 ) ;
#549 = EDGE_CURVE ( 'NONE', #4096, #4762, #355, .T. ) ;
#550 = FACE_OUTER_BOUND ( 'NONE', #999, .T. ) ;
#551 = DIRECTION ( 'NONE',  ( -0.000000000000000000, -0.000000000000000000, -1.000000000000000000 ) ) ;
#552 = PLANE ( 'NONE',  #3689 ) ;
#553 = DIRECTION ( 'NONE',  ( -1.000000000000000000, 0.000000000000000000, 0.000000000000000000 ) ) ;
#554 = ORIENTED_EDGE ( 'NONE', *, *, #1915, .T. ) ;
#555 = ADVANCED_FACE ( 'NONE', ( #1284, #2929 ), #3719, .T. ) ;
#556 = DIRECTION ( 'NONE',  ( 1.000000000000000000, -4.163336342344339393E-15, 0.000000000000000000 ) ) ;
#557 = DIRECTION ( 'NONE',  ( 0.000000000000000000, -1.000000000000000000, 0.000000000000000000 ) ) ;
#558 = EDGE_CURVE ( 'NONE', #1102, #1850, #99, .T. ) ;
#559 = ORIENTED_EDGE ( 'NONE', *, *, #289, .T. ) ;
#560 = CARTESIAN_POINT ( 'NONE',  ( 70.00000000000021316, 50.00000000001224265, 0.000000000000000000 ) ) ;
#561 = VERTEX_POINT ( 'NONE', #4582 ) ;
#562 = DIRECTION ( 'NONE',  ( 4.081702296416016786E-15, 1.000000000000000000, 0.000000000000000000 ) ) ;
#563 = CARTESIAN_POINT ( 'NONE',  ( 70.00000000000004263, 5.000000000012239987, 15.00000000000000000 ) ) ;
#564 = VERTEX_POINT ( 'NONE', #4172 ) ;
#565 = EDGE_CURVE ( 'NONE', #5017, #5028, #1214, .T. ) ;
#566 = EDGE_CURVE ( 'NONE', #2745, #3432, #2902, .T. ) ;
#567 = LINE ( 'NONE', #3943, #3166 ) ;
#568 = ORIENTED_EDGE ( 'NONE', *, *, #3498, .F. ) ;
#569 = DIRECTION ( 'NONE',  ( 0.000000000000000000, 0.000000000000000000, -1.000000000000000000 ) ) ;
#570 = VERTEX_POINT ( 'NONE', #2113 ) ;
#571 = CIRCLE ( 'NONE', #2910, 3.000000000000002665 ) ;
#572 = AXIS2_PLACEMENT_3D ( 'NONE', #2087, #3736, #47 ) ;
#573 = CARTESIAN_POINT ( 'NONE',  ( 115.0000000000000426, 25.60000000000000497, 21.69999999999999929 ) ) ;
#574 = ORIENTED_EDGE ( 'NONE', *, *, #1901, .T. ) ;
#575 = AXIS2_PLACEMENT_3D ( 'NONE', #4660, #551, #2191 ) ;
#576 = AXIS2_PLACEMENT_3D ( 'NONE', #2053, #3703, #1649 ) ;
#577 = VERTEX_POINT ( 'NONE', #2040 ) ;
#578 = CIRCLE ( 'NONE', #758, 1.600000000000004086 ) ;
#579 = DIRECTION ( 'NONE',  ( 0.000000000000000000, -1.000000000000000000, 0.000000000000000000 ) ) ;
#580 = FACE_BOUND ( 'NONE', #1209, .T. ) ;
#581 = CARTESIAN_POINT ( 'NONE',  ( 121.6000000000000512, 64.99999999999998579, 0.000000000000000000 ) ) ;
#582 = ORIENTED_EDGE ( 'NONE', *, *, #4835, .F. ) ;
#583 = CARTESIAN_POINT ( 'NONE',  ( -10.00000000000047429, -49.99999999998776445, 0.000000000000000000 ) ) ;
#584 = AXIS2_PLACEMENT_3D ( 'NONE', #3657, #4910, #2460 ) ;
#585 = CARTESIAN_POINT ( 'NONE',  ( -22.50000000000045830, -50.00000000000000000, 0.000000000000000000 ) ) ;
#586 = EDGE_CURVE ( 'NONE', #1276, #2869, #1462, .T. ) ;
#587 = VERTEX_POINT ( 'NONE', #3385 ) ;
#588 = CARTESIAN_POINT ( 'NONE',  ( -89.99999999999978684, 45.00000000001224265, 0.000000000000000000 ) ) ;
#589 = EDGE_LOOP ( 'NONE', ( #694, #3471 ) ) ;
#590 = CYLINDRICAL_SURFACE ( 'NONE', #1286, 4.999999999999997335 ) ;
#591 = DIRECTION ( 'NONE',  ( -1.000000000000000000, 0.000000000000000000, 0.000000000000000000 ) ) ;
#592 = EDGE_LOOP ( 'NONE', ( #4873, #949, #88, #3248 ) ) ;
#593 = MECHANICAL_CONTEXT ( 'NONE', #229, 'mechanical' ) ;
#594 = VERTEX_POINT ( 'NONE', #4092 ) ;
#595 = CARTESIAN_POINT ( 'NONE',  ( 120.0000000000000284, 79.99999999999998579, 15.00000000000000000 ) ) ;
#596 = ADVANCED_FACE ( 'NONE', ( #3359 ), #1333, .F. ) ;
#597 = ORIENTED_EDGE ( 'NONE', *, *, #3126, .T. ) ;
#598 = AXIS2_PLACEMENT_3D ( 'NONE', #1612, #2749, #4070 ) ;
#599 = DIRECTION ( 'NONE',  ( 1.000000000000000000, 1.734723475976807094E-16, -0.000000000000000000 ) ) ;
#600 = ORIENTED_EDGE ( 'NONE', *, *, #3026, .F. ) ;
#601 = ADVANCED_FACE ( 'NONE', ( #2441 ), #1638, .F. ) ;
#602 = ORIENTED_EDGE ( 'NONE', *, *, #4518, .F. ) ;
#603 = DIRECTION ( 'NONE',  ( -0.000000000000000000, -0.000000000000000000, -1.000000000000000000 ) ) ;
#604 = FACE_BOUND ( 'NONE', #2054, .T. ) ;
#605 = DIRECTION ( 'NONE',  ( -0.000000000000000000, -0.000000000000000000, -1.000000000000000000 ) ) ;
#606 = AXIS2_PLACEMENT_3D ( 'NONE', #1104, #1875, #2747 ) ;
#607 = ORIENTED_EDGE ( 'NONE', *, *, #4059, .F. ) ;
#608 = DIRECTION ( 'NONE',  ( -0.000000000000000000, -0.000000000000000000, -1.000000000000000000 ) ) ;
#609 = FACE_OUTER_BOUND ( 'NONE', #879, .T. ) ;
#610 = VECTOR ( 'NONE', #3767, 1000.000000000000000 ) ;
#611 = EDGE_LOOP ( 'NONE', ( #3482, #2287, #3119, #5297 ) ) ;
#612 = DIRECTION ( 'NONE',  ( 1.000000000000000000, 0.000000000000000000, 0.000000000000000000 ) ) ;
#613 = ORIENTED_EDGE ( 'NONE', *, *, #98, .T. ) ;
#614 = EDGE_LOOP ( 'NONE', ( #4277, #668, #472, #3800, #2844 ) ) ;
#615 = CARTESIAN_POINT ( 'NONE',  ( -104.9999999999999716, 75.00000000000000000, 0.000000000000000000 ) ) ;
#616 = AXIS2_PLACEMENT_3D ( 'NONE', #834, #4177, #2478 ) ;
#617 = FACE_OUTER_BOUND ( 'NONE', #5076, .T. ) ;
#618 = EDGE_CURVE ( 'NONE', #2201, #389, #1642, .T. ) ;
#619 = ORIENTED_EDGE ( 'NONE', *, *, #4094, .T. ) ;
#620 = CYLINDRICAL_SURFACE ( 'NONE', #5148, 1.600000000000000755 ) ;
#621 = ORIENTED_EDGE ( 'NONE', *, *, #4546, .F. ) ;
#622 = CARTESIAN_POINT ( 'NONE',  ( 100.0000000000002132, 50.00000000001224265, 0.000000000000000000 ) ) ;
#623 = EDGE_CURVE ( 'NONE', #4712, #3346, #3103, .T. ) ;
#624 = ADVANCED_FACE ( 'NONE', ( #4974 ), #4184, .F. ) ;
#625 = FACE_BOUND ( 'NONE', #1406, .T. ) ;
#626 = VERTEX_POINT ( 'NONE', #2562 ) ;
#627 = EDGE_LOOP ( 'NONE', ( #747, #1317, #52, #3537 ) ) ;
#628 = FACE_OUTER_BOUND ( 'NONE', #592, .T. ) ;
#629 = EDGE_CURVE ( 'NONE', #985, #1433, #952, .T. ) ;
#630 = FACE_BOUND ( 'NONE', #5057, .T. ) ;
#631 = CARTESIAN_POINT ( 'NONE',  ( 118.4000000000000483, 64.99999999999998579, 25.00000000000000000 ) ) ;
#632 = ORIENTED_EDGE ( 'NONE', *, *, #1361, .T. ) ;
#633 = LINE ( 'NONE', #713, #2028 ) ;
#634 = DIRECTION ( 'NONE',  ( 0.000000000000000000, -0.000000000000000000, -1.000000000000000000 ) ) ;
#635 = ORIENTED_EDGE ( 'NONE', *, *, #2568, .T. ) ;
#636 = DIRECTION ( 'NONE',  ( -1.000000000000000000, 0.000000000000000000, 0.000000000000000000 ) ) ;
#637 = ORIENTED_EDGE ( 'NONE', *, *, #4659, .T. ) ;
#638 = CARTESIAN_POINT ( 'NONE',  ( 70.00000000000021316, 50.00000000001224265, 0.000000000000000000 ) ) ;
#639 = PLANE ( 'NONE',  #2295 ) ;
#640 = ORIENTED_EDGE ( 'NONE', *, *, #259, .F. ) ;
#641 = CARTESIAN_POINT ( 'NONE',  ( 70.00000000000004263, 1.224020884649235086E-11, 15.00000000000000000 ) ) ;
#642 = LINE ( 'NONE', #252, #1566 ) ;
#643 = EDGE_CURVE ( 'NONE', #5071, #4384, #18, .T. ) ;
#644 = ORIENTED_EDGE ( 'NONE', *, *, #2297, .F. ) ;
#645 = DIRECTION ( 'NONE',  ( -0.000000000000000000, 0.000000000000000000, -1.000000000000000000 ) ) ;
#646 = DIRECTION ( 'NONE',  ( -0.000000000000000000, -0.000000000000000000, -1.000000000000000000 ) ) ;
#647 = VECTOR ( 'NONE', #319, 1000.000000000000000 ) ;
#648 = EDGE_CURVE ( 'NONE', #979, #4484, #3792, .T. ) ;
#649 = FACE_BOUND ( 'NONE', #2066, .T. ) ;
#650 = ORIENTED_EDGE ( 'NONE', *, *, #1028, .T. ) ;
#651 = ORIENTED_EDGE ( 'NONE', *, *, #2082, .T. ) ;
#652 = VECTOR ( 'NONE', #3786, 1000.000000000000000 ) ;
#653 = DIRECTION ( 'NONE',  ( 2.040851148208008393E-15, 1.000000000000000000, 0.000000000000000000 ) ) ;
#654 = VECTOR ( 'NONE', #1476, 1000.000000000000000 ) ;
#655 = AXIS2_PLACEMENT_3D ( 'NONE', #3018, #2204, #3070 ) ;
#656 = LINE ( 'NONE', #5277, #5325 ) ;
#657 = FACE_OUTER_BOUND ( 'NONE', #3277, .T. ) ;
#658 = CARTESIAN_POINT ( 'NONE',  ( -106.5999999999999659, 75.00000000000000000, 25.00000000000000000 ) ) ;
#659 = CARTESIAN_POINT ( 'NONE',  ( -104.9999999999999716, -75.00000000000000000, 15.00000000000000000 ) ) ;
#660 = EDGE_CURVE ( 'NONE', #4483, #4337, #845, .T. ) ;
#661 = ADVANCED_FACE ( 'NONE', ( #3732 ), #4999, .F. ) ;
#662 = AXIS2_PLACEMENT_3D ( 'NONE', #2182, #2127, #2559 ) ;
#663 = VECTOR ( 'NONE', #34, 1000.000000000000000 ) ;
#664 = VERTEX_POINT ( 'NONE', #4214 ) ;
#665 = EDGE_CURVE ( 'NONE', #4426, #3863, #3989, .T. ) ;
#666 = DIRECTION ( 'NONE',  ( -0.000000000000000000, -0.000000000000000000, 1.000000000000000000 ) ) ;
#667 = DIRECTION ( 'NONE',  ( 0.000000000000000000, 0.000000000000000000, -1.000000000000000000 ) ) ;
#668 = ORIENTED_EDGE ( 'NONE', *, *, #3037, .F. ) ;
#669 = AXIS2_PLACEMENT_3D ( 'NONE', #1533, #1135, #2776 ) ;
#670 = CYLINDRICAL_SURFACE ( 'NONE', #5168, 1.600000000000004086 ) ;
#671 = FACE_OUTER_BOUND ( 'NONE', #2889, .T. ) ;
#672 = DIRECTION ( 'NONE',  ( 0.000000000000000000, 0.000000000000000000, 1.000000000000000000 ) ) ;
#673 = AXIS2_PLACEMENT_3D ( 'NONE', #4034, #3606, #1547 ) ;
#674 = ORIENTED_EDGE ( 'NONE', *, *, #4083, .F. ) ;
#675 = LINE ( 'NONE', #2315, #1698 ) ;
#676 = CARTESIAN_POINT ( 'NONE',  ( -55.41742430504410777, -25.60000000000000497, 18.00000000000000000 ) ) ;
#677 = ORIENTED_EDGE ( 'NONE', *, *, #860, .T. ) ;
#678 = CARTESIAN_POINT ( 'NONE',  ( 32.49999999999952394, -50.00000000000000000, 0.000000000000000000 ) ) ;
#679 = CARTESIAN_POINT ( 'NONE',  ( -124.9999999999999432, -80.00000000000001421, 15.00000000000000000 ) ) ;
#680 = FACE_BOUND ( 'NONE', #614, .T. ) ;
#681 = EDGE_LOOP ( 'NONE', ( #765, #3698, #3841, #3291 ) ) ;
#682 = ORIENTED_EDGE ( 'NONE', *, *, #953, .F. ) ;
#683 = EDGE_CURVE ( 'NONE', #1961, #891, #4572, .T. ) ;
#684 = CARTESIAN_POINT ( 'NONE',  ( -44.99999999999977973, 50.00000000000000000, 0.000000000000000000 ) ) ;
#685 = CARTESIAN_POINT ( 'NONE',  ( 55.00000000000023448, 50.00000000000000000, 0.000000000000000000 ) ) ;
#686 = DIRECTION ( 'NONE',  ( -0.000000000000000000, 0.000000000000000000, 1.000000000000000000 ) ) ;
#687 = CARTESIAN_POINT ( 'NONE',  ( -22.49999999999976552, 50.00000000000000000, 0.000000000000000000 ) ) ;
#688 = VECTOR ( 'NONE', #5230, 1000.000000000000000 ) ;
#689 = CARTESIAN_POINT ( 'NONE',  ( -119.9999999999999858, -64.99999999999998579, 0.000000000000000000 ) ) ;
#690 = ORIENTED_EDGE ( 'NONE', *, *, #2808, .F. ) ;
#691 = AXIS2_PLACEMENT_3D ( 'NONE', #4595, #1672, #2534 ) ;
#692 = LINE ( 'NONE', #3230, #5221 ) ;
#693 = CARTESIAN_POINT ( 'NONE',  ( -24.39999999999996305, -28.99999999999998934, 3.000000000000000000 ) ) ;
#694 = ORIENTED_EDGE ( 'NONE', *, *, #3160, .T. ) ;
#695 = CARTESIAN_POINT ( 'NONE',  ( 118.4000000000000483, -64.99999999999998579, 25.00000000000000000 ) ) ;
#696 = DIRECTION ( 'NONE',  ( -1.000000000000000000, -1.734723475976807094E-16, 0.000000000000000000 ) ) ;
#697 = FACE_OUTER_BOUND ( 'NONE', #1336, .T. ) ;
#698 = EDGE_LOOP ( 'NONE', ( #2532, #2573 ) ) ;
#699 = EDGE_CURVE ( 'NONE', #5127, #3793, #447, .T. ) ;
#700 = DIRECTION ( 'NONE',  ( -1.000000000000000000, 0.000000000000000000, 0.000000000000000000 ) ) ;
#701 = CIRCLE ( 'NONE', #3722, 4.999999999999997335 ) ;
#702 = ORIENTED_EDGE ( 'NONE', *, *, #213, .T. ) ;
#703 = ORIENTED_EDGE ( 'NONE', *, *, #3704, .F. ) ;
#704 = CARTESIAN_POINT ( 'NONE',  ( 115.0000000000000568, -32.40000000000000568, 25.00000000000000000 ) ) ;
#705 = VECTOR ( 'NONE', #90, 1000.000000000000000 ) ;
#706 = CARTESIAN_POINT ( 'NONE',  ( -125.0000000000001990, -26.85000000000098552, 21.19999999999999929 ) ) ;
#707 = VERTEX_POINT ( 'NONE', #892 ) ;
#708 = ORIENTED_EDGE ( 'NONE', *, *, #2848, .F. ) ;
#709 = CARTESIAN_POINT ( 'NONE',  ( 115.4174243050442215, 31.15000000000000213, 18.00000000000000000 ) ) ;
#710 = DIRECTION ( 'NONE',  ( -1.000000000000000000, 0.000000000000000000, 0.000000000000000000 ) ) ;
#711 = CARTESIAN_POINT ( 'NONE',  ( -119.9999999999999432, -80.00000000000001421, 15.00000000000000000 ) ) ;
#712 = EDGE_CURVE ( 'NONE', #3702, #2346, #4663, .T. ) ;
#713 = CARTESIAN_POINT ( 'NONE',  ( 120.0000000000000568, -80.00000000000001421, 15.00000000000000000 ) ) ;
#714 = DIRECTION ( 'NONE',  ( 0.000000000000000000, 0.000000000000000000, -1.000000000000000000 ) ) ;
#715 = VERTEX_POINT ( 'NONE', #3431 ) ;
#716 = DIRECTION ( 'NONE',  ( -0.000000000000000000, -0.000000000000000000, -1.000000000000000000 ) ) ;
#717 = LINE ( 'NONE', #272, #3106 ) ;
#718 = ADVANCED_FACE ( 'NONE', ( #471 ), #2103, .T. ) ;
#719 = ORIENTED_EDGE ( 'NONE', *, *, #4905, .F. ) ;
#720 = DIRECTION ( 'NONE',  ( 1.000000000000000000, 0.000000000000000000, 0.000000000000000000 ) ) ;
#721 = DIRECTION ( 'NONE',  ( 0.000000000000000000, 0.000000000000000000, -1.000000000000000000 ) ) ;
#722 = CARTESIAN_POINT ( 'NONE',  ( 105.0000000000000284, 75.00000000000000000, 25.00000000000000000 ) ) ;
#723 = UNCERTAINTY_MEASURE_WITH_UNIT (LENGTH_MEASURE( 1.000000000000000082E-05 ), #5181, 'distance_accuracy_value', 'NONE');
#724 = VERTEX_POINT ( 'NONE', #43 ) ;
#725 = CARTESIAN_POINT ( 'NONE',  ( -54.99999999999995026, 26.85000000000070131, 20.00000000000000000 ) ) ;
#726 = ORIENTED_EDGE ( 'NONE', *, *, #953, .T. ) ;
#727 = FACE_BOUND ( 'NONE', #4963, .T. ) ;
#728 = DIRECTION ( 'NONE',  ( 1.000000000000000000, 0.000000000000000000, 0.000000000000000000 ) ) ;
#729 = ADVANCED_FACE ( 'NONE', ( #3753 ), #70, .F. ) ;
#730 = EDGE_CURVE ( 'NONE', #2952, #942, #3023, .T. ) ;
#731 = CARTESIAN_POINT ( 'NONE',  ( -106.5999999999999659, -75.00000000000000000, 25.00000000000000000 ) ) ;
#732 = ORIENTED_EDGE ( 'NONE', *, *, #1624, .T. ) ;
#733 = ORIENTED_EDGE ( 'NONE', *, *, #1874, .T. ) ;
#734 = CARTESIAN_POINT ( 'NONE',  ( 115.0000000000000426, -26.10000000000000497, 25.00000000000000000 ) ) ;
#735 = CARTESIAN_POINT ( 'NONE',  ( 115.4174243050442357, 32.40000000000000568, 18.00000000000000000 ) ) ;
#736 = LINE ( 'NONE', #2382, #4673 ) ;
#737 = VECTOR ( 'NONE', #1549, 1000.000000000000000 ) ;
#738 = LINE ( 'NONE', #1069, #2716 ) ;
#739 = DIRECTION ( 'NONE',  ( 1.000000000000000000, 4.081702296416016366E-17, 0.000000000000000000 ) ) ;
#740 = AXIS2_PLACEMENT_3D ( 'NONE', #4352, #4788, #1095 ) ;
#741 = CC_DESIGN_PERSON_AND_ORGANIZATION_ASSIGNMENT ( #2778, #3268, ( #756 ) ) ;
#742 = AXIS2_PLACEMENT_3D ( 'NONE', #1522, #3202, #4474 ) ;
#743 = AXIS2_PLACEMENT_3D ( 'NONE', #3227, #1204, #2849 ) ;
#744 = EDGE_LOOP ( 'NONE', ( #2592, #1152, #4313, #4731, #779, #2342, #210, #1611, #3941, #1911, #313, #145 ) ) ;
#745 = DIRECTION ( 'NONE',  ( 1.000000000000000000, 4.081702296416016786E-15, -0.000000000000000000 ) ) ;
#746 = DIRECTION ( 'NONE',  ( 1.000000000000000000, 0.000000000000000000, 0.000000000000000000 ) ) ;
#747 = ORIENTED_EDGE ( 'NONE', *, *, #4563, .T. ) ;
#748 = DIRECTION ( 'NONE',  ( 0.000000000000000000, 1.000000000000000000, 0.000000000000000000 ) ) ;
#749 = DIRECTION ( 'NONE',  ( -0.000000000000000000, -0.000000000000000000, -1.000000000000000000 ) ) ;
#750 = VECTOR ( 'NONE', #85, 1000.000000000000000 ) ;
#751 = AXIS2_PLACEMENT_3D ( 'NONE', #1804, #4746, #219 ) ;
#752 = CYLINDRICAL_SURFACE ( 'NONE', #2212, 5.000000000000000888 ) ;
#753 = EDGE_CURVE ( 'NONE', #1644, #2836, #4223, .T. ) ;
#754 = VERTEX_POINT ( 'NONE', #493 ) ;
#755 = EDGE_LOOP ( 'NONE', ( #1969, #1588, #5170, #3777 ) ) ;
#756 = PRODUCT_DEFINITION_FORMATION_WITH_SPECIFIED_SOURCE ( '�', '', #2651, .NOT_KNOWN. ) ;
#758 = AXIS2_PLACEMENT_3D ( 'NONE', #4738, #3060, #3877 ) ;
#757 = DATE_AND_TIME ( #2424, #74 ) ;
#759 = DIRECTION ( 'NONE',  ( 1.000000000000000000, 0.000000000000000000, 0.000000000000000000 ) ) ;
#760 = VERTEX_POINT ( 'NONE', #3782 ) ;
#761 = ORIENTED_EDGE ( 'NONE', *, *, #4400, .F. ) ;
#762 = VECTOR ( 'NONE', #2959, 1000.000000000000000 ) ;
#763 = CARTESIAN_POINT ( 'NONE',  ( 115.0000000000000995, 26.10000000000000497, 21.19999999999999929 ) ) ;
#764 = CARTESIAN_POINT ( 'NONE',  ( -56.23696337501301201, -33.21953906996890993, 16.12220008844692387 ) ) ;
#765 = ORIENTED_EDGE ( 'NONE', *, *, #3063, .F. ) ;
#766 = ADVANCED_FACE ( 'NONE', ( #3811 ), #124, .F. ) ;
#767 = ADVANCED_BREP_SHAPE_REPRESENTATION ( 'backborad1', ( #1736, #2126 ), #3942 ) ;
#768 = VERTEX_POINT ( 'NONE', #3566 ) ;
#769 = CARTESIAN_POINT ( 'NONE',  ( -103.3999999999999631, -75.00000000000000000, 0.000000000000000000 ) ) ;
#770 = CARTESIAN_POINT ( 'NONE',  ( -95.00000000000046896, -49.99999999998776445, 25.00000000000000000 ) ) ;
#771 = EDGE_CURVE ( 'NONE', #4337, #1825, #5210, .T. ) ;
#772 = CARTESIAN_POINT ( 'NONE',  ( 109.6000000000000512, 28.99999999999999289, 3.000000000000000000 ) ) ;
#773 = DIRECTION ( 'NONE',  ( -1.000000000000000000, 0.000000000000000000, 0.000000000000000000 ) ) ;
#774 = AXIS2_PLACEMENT_3D ( 'NONE', #4051, #2000, #3673 ) ;
#775 = VERTEX_POINT ( 'NONE', #5185 ) ;
#776 = DIRECTION ( 'NONE',  ( 0.000000000000000000, 0.000000000000000000, -1.000000000000000000 ) ) ;
#777 = LINE ( 'NONE', #1207, #1042 ) ;
#778 = VECTOR ( 'NONE', #1026, 1000.000000000000000 ) ;
#779 = ORIENTED_EDGE ( 'NONE', *, *, #1247, .T. ) ;
#780 = DIRECTION ( 'NONE',  ( -0.000000000000000000, -0.000000000000000000, -1.000000000000000000 ) ) ;
#781 = DIRECTION ( 'NONE',  ( -1.000000000000000000, 0.000000000000000000, 0.000000000000000000 ) ) ;
#782 = CARTESIAN_POINT ( 'NONE',  ( -9.999999999999953815, 1.224020884649235086E-11, 25.00000000000000000 ) ) ;
#783 = AXIS2_PLACEMENT_3D ( 'NONE', #2131, #4570, #4620 ) ;
#784 = EDGE_LOOP ( 'NONE', ( #3030, #1444, #38, #4014 ) ) ;
#785 = VERTEX_POINT ( 'NONE', #3102 ) ;
#786 = APPROVAL_ROLE ( '' ) ;
#787 = LINE ( 'NONE', #3269, #288 ) ;
#788 = ORIENTED_EDGE ( 'NONE', *, *, #311, .F. ) ;
#789 = DIRECTION ( 'NONE',  ( 0.000000000000000000, 1.000000000000000000, 0.000000000000000000 ) ) ;
#790 = EDGE_CURVE ( 'NONE', #4527, #4728, #4407, .T. ) ;
#791 = LINE ( 'NONE', #3243, #1689 ) ;
#792 = ORIENTED_EDGE ( 'NONE', *, *, #5079, .T. ) ;
#793 = EDGE_CURVE ( 'NONE', #4484, #707, #975, .T. ) ;
#794 = CIRCLE ( 'NONE', #1905, 2.500000000000002220 ) ;
#795 = ORIENTED_EDGE ( 'NONE', *, *, #314, .F. ) ;
#796 = EDGE_CURVE ( 'NONE', #1825, #3358, #2927, .T. ) ;
#797 = CARTESIAN_POINT ( 'NONE',  ( 35.00000000000004263, 0.000000000000000000, 15.00000000000000000 ) ) ;
#798 = FACE_OUTER_BOUND ( 'NONE', #994, .T. ) ;
#799 = LINE ( 'NONE', #26, #1004 ) ;
#800 = DIRECTION ( 'NONE',  ( 0.000000000000000000, 0.000000000000000000, 1.000000000000000000 ) ) ;
#801 = ADVANCED_FACE ( 'NONE', ( #1401 ), #3538, .F. ) ;
#802 = EDGE_CURVE ( 'NONE', #5246, #516, #3510, .T. ) ;
#803 = DIRECTION ( 'NONE',  ( 1.000000000000000000, 0.000000000000000000, 0.000000000000000000 ) ) ;
#804 = DIRECTION ( 'NONE',  ( -0.000000000000000000, -0.000000000000000000, -1.000000000000000000 ) ) ;
#805 = EDGE_LOOP ( 'NONE', ( #4343, #5122, #3115, #708, #3725 ) ) ;
#806 = DIRECTION ( 'NONE',  ( 1.000000000000000000, -4.081702296416016366E-17, 0.000000000000000000 ) ) ;
#807 = CARTESIAN_POINT ( 'NONE',  ( 105.0000000000000284, 75.00000000000000000, 25.00000000000000000 ) ) ;
#808 = CARTESIAN_POINT ( 'NONE',  ( -24.99999999999993960, 0.000000000000000000, 25.00000000000000000 ) ) ;
#809 = EDGE_LOOP ( 'NONE', ( #2524, #2826, #2686, #1488 ) ) ;
#810 = EDGE_LOOP ( 'NONE', ( #4918, #513, #4603, #2314 ) ) ;
#811 = LINE ( 'NONE', #1265, #3808 ) ;
#812 = ORIENTED_EDGE ( 'NONE', *, *, #2875, .T. ) ;
#813 = VERTEX_POINT ( 'NONE', #1833 ) ;
#814 = CYLINDRICAL_SURFACE ( 'NONE', #4804, 1.600000000000004086 ) ;
#815 = ADVANCED_FACE ( 'NONE', ( #4264 ), #1000, .F. ) ;
#816 = ORIENTED_EDGE ( 'NONE', *, *, #3118, .T. ) ;
#817 = ORIENTED_EDGE ( 'NONE', *, *, #4116, .T. ) ;
#818 = EDGE_CURVE ( 'NONE', #4317, #4406, #2070, .T. ) ;
#819 = DIRECTION ( 'NONE',  ( 1.000000000000000000, 4.081702296416016786E-15, -0.000000000000000000 ) ) ;
#820 = DIRECTION ( 'NONE',  ( 0.000000000000000000, -0.000000000000000000, -1.000000000000000000 ) ) ;
#821 = DIRECTION ( 'NONE',  ( -0.000000000000000000, 0.000000000000000000, 1.000000000000000000 ) ) ;
#822 = AXIS2_PLACEMENT_3D ( 'NONE', #937, #1390, #4306 ) ;
#823 = DIRECTION ( 'NONE',  ( -1.000000000000000000, 0.000000000000000000, 0.000000000000000000 ) ) ;
#824 = CARTESIAN_POINT ( 'NONE',  ( -118.3999999999999773, 64.99999999999998579, 25.00000000000000000 ) ) ;
#825 = ORIENTED_EDGE ( 'NONE', *, *, #3137, .F. ) ;
#826 = ADVANCED_FACE ( 'NONE', ( #1482 ), #2237, .F. ) ;
#827 = DIRECTION ( 'NONE',  ( 0.000000000000000000, 0.000000000000000000, -1.000000000000000000 ) ) ;
#828 = CARTESIAN_POINT ( 'NONE',  ( 65.00000000000022737, 50.00000000001224265, 15.00000000000000000 ) ) ;
#829 = DIRECTION ( 'NONE',  ( -1.000000000000000000, 1.020425574104003013E-15, -0.000000000000000000 ) ) ;
#830 = EDGE_CURVE ( 'NONE', #4717, #2480, #3076, .T. ) ;
#831 = AXIS2_PLACEMENT_3D ( 'NONE', #1576, #4117, #2514 ) ;
#832 = ORIENTED_EDGE ( 'NONE', *, *, #3394, .F. ) ;
#833 = ORIENTED_EDGE ( 'NONE', *, *, #1561, .F. ) ;
#834 = CARTESIAN_POINT ( 'NONE',  ( 35.00000000000022027, 50.00000000000000000, 15.00000000000000000 ) ) ;
#835 = CIRCLE ( 'NONE', #3499, 4.999999999999997335 ) ;
#836 = VECTOR ( 'NONE', #2856, 1000.000000000000000 ) ;
#837 = CIRCLE ( 'NONE', #4030, 2.500000000000002220 ) ;
#838 = VERTEX_POINT ( 'NONE', #595 ) ;
#839 = CARTESIAN_POINT ( 'NONE',  ( 70.00000000000004263, 1.224020884649235086E-11, 25.00000000000000000 ) ) ;
#840 = PLANE ( 'NONE',  #2727 ) ;
#841 = CIRCLE ( 'NONE', #1523, 5.000000000000004441 ) ;
#842 = VECTOR ( 'NONE', #460, 1000.000000000000000 ) ;
#843 = AXIS2_PLACEMENT_3D ( 'NONE', #1608, #4505, #803 ) ;
#844 = ORIENTED_EDGE ( 'NONE', *, *, #3604, .T. ) ;
#845 = LINE ( 'NONE', #2485, #4493 ) ;
#846 = VECTOR ( 'NONE', #5261, 1000.000000000000000 ) ;
#847 = EDGE_LOOP ( 'NONE', ( #510, #1802, #5044, #2118, #3651, #2039, #1999, #3629, #968, #2440, #3034, #1728 ) ) ;
#848 = FACE_OUTER_BOUND ( 'NONE', #1787, .T. ) ;
#849 = ADVANCED_FACE ( 'NONE', ( #4777 ), #286, .F. ) ;
#850 = CYLINDRICAL_SURFACE ( 'NONE', #572, 1.600000000000004086 ) ;
#851 = CARTESIAN_POINT ( 'NONE',  ( -54.99999999999995026, -26.10000000000000497, 21.69999999999999929 ) ) ;
#852 = CARTESIAN_POINT ( 'NONE',  ( -54.99999999999995737, -32.40000000000001279, 25.00000000000000000 ) ) ;
#853 = CARTESIAN_POINT ( 'NONE',  ( 115.0000000000000995, 26.85000000000000497, 21.19999999999999929 ) ) ;
#854 = VERTEX_POINT ( 'NONE', #1082 ) ;
#855 = DIRECTION ( 'NONE',  ( -0.000000000000000000, -0.000000000000000000, -1.000000000000000000 ) ) ;
#856 = FACE_OUTER_BOUND ( 'NONE', #1370, .T. ) ;
#857 = AXIS2_PLACEMENT_3D ( 'NONE', #4208, #3296, #1647 ) ;
#858 = CARTESIAN_POINT ( 'NONE',  ( 121.6000000000000512, -64.99999999999998579, 25.00000000000000000 ) ) ;
#859 = ORIENTED_EDGE ( 'NONE', *, *, #3328, .T. ) ;
#860 = EDGE_CURVE ( 'NONE', #4728, #1337, #4752, .T. ) ;
#861 = ORIENTED_EDGE ( 'NONE', *, *, #1016, .F. ) ;
#862 = DIRECTION ( 'NONE',  ( -0.000000000000000000, -0.000000000000000000, -1.000000000000000000 ) ) ;
#863 = ORIENTED_EDGE ( 'NONE', *, *, #4229, .F. ) ;
#864 = FACE_OUTER_BOUND ( 'NONE', #3130, .T. ) ;
#865 = DIRECTION ( 'NONE',  ( -2.040851148208008393E-15, 1.000000000000000000, 0.000000000000000000 ) ) ;
#866 = VECTOR ( 'NONE', #2945, 1000.000000000000000 ) ;
#867 = EDGE_CURVE ( 'NONE', #393, #2840, #4310, .T. ) ;
#868 = VERTEX_POINT ( 'NONE', #5157 ) ;
#869 = DIRECTION ( 'NONE',  ( -0.000000000000000000, 0.000000000000000000, 1.000000000000000000 ) ) ;
#870 = ORIENTED_EDGE ( 'NONE', *, *, #1656, .T. ) ;
#871 = AXIS2_PLACEMENT_3D ( 'NONE', #4761, #1894, #3551 ) ;
#872 = DIRECTION ( 'NONE',  ( 1.000000000000000000, 0.000000000000000000, 0.000000000000000000 ) ) ;
#873 = VECTOR ( 'NONE', #3064, 1000.000000000000000 ) ;
#874 = FACE_OUTER_BOUND ( 'NONE', #2218, .T. ) ;
#875 = CARTESIAN_POINT ( 'NONE',  ( -55.41742430504410777, 25.60000000000000497, 18.00000000000000000 ) ) ;
#876 = EDGE_CURVE ( 'NONE', #381, #3214, #2671, .T. ) ;
#877 = DIRECTION ( 'NONE',  ( -1.000000000000000000, 0.000000000000000000, 0.000000000000000000 ) ) ;
#878 = CARTESIAN_POINT ( 'NONE',  ( -55.41742430504412198, -31.15000000000069846, 18.00000000000000000 ) ) ;
#879 = EDGE_LOOP ( 'NONE', ( #3075, #651, #1918, #4129 ) ) ;
#880 = DIRECTION ( 'NONE',  ( 1.000000000000000000, 2.040851148208008393E-15, -0.000000000000000000 ) ) ;
#881 = DIRECTION ( 'NONE',  ( 1.000000000000000000, -4.081702296416016366E-17, 0.000000000000000000 ) ) ;
#882 = DIRECTION ( 'NONE',  ( -1.000000000000000000, 0.000000000000000000, 0.000000000000000000 ) ) ;
#883 = EDGE_LOOP ( 'NONE', ( #4287, #1746, #4105, #1017, #1799, #1379 ) ) ;
#884 = EDGE_CURVE ( 'NONE', #4942, #2786, #4668, .T. ) ;
#885 = ORIENTED_EDGE ( 'NONE', *, *, #4316, .F. ) ;
#886 = LINE ( 'NONE', #1692, #705 ) ;
#887 = EDGE_LOOP ( 'NONE', ( #4902, #3045 ) ) ;
#888 = CARTESIAN_POINT ( 'NONE',  ( 55.00000000000006395, 0.000000000000000000, 15.00000000000000000 ) ) ;
#889 = CYLINDRICAL_SURFACE ( 'NONE', #4027, 3.000000000000002665 ) ;
#890 = DIRECTION ( 'NONE',  ( -0.000000000000000000, -0.000000000000000000, -1.000000000000000000 ) ) ;
#891 = VERTEX_POINT ( 'NONE', #678 ) ;
#892 = CARTESIAN_POINT ( 'NONE',  ( -118.3999999999999773, -64.99999999999998579, 0.000000000000000000 ) ) ;
#893 = EDGE_CURVE ( 'NONE', #4327, #3946, #1912, .T. ) ;
#894 = EDGE_CURVE ( 'NONE', #955, #1144, #2795, .T. ) ;
#895 = ORIENTED_EDGE ( 'NONE', *, *, #4956, .F. ) ;
#896 = EDGE_CURVE ( 'NONE', #3194, #4679, #4143, .T. ) ;
#897 = ADVANCED_FACE ( 'NONE', ( #1960 ), #3146, .F. ) ;
#898 = DIRECTION ( 'NONE',  ( -1.734723475976807094E-16, 1.000000000000000000, 0.000000000000000000 ) ) ;
#899 = LINE ( 'NONE', #2538, #233 ) ;
#900 = CARTESIAN_POINT ( 'NONE',  ( 19.99999999999952394, -54.99999999998775735, 25.00000000000000000 ) ) ;
#901 = CARTESIAN_POINT ( 'NONE',  ( -22.79999999999996163, -28.99999999999998934, 25.00000000000000000 ) ) ;
#902 = DIRECTION ( 'NONE',  ( -0.000000000000000000, 0.000000000000000000, 1.000000000000000000 ) ) ;
#903 = ORIENTED_EDGE ( 'NONE', *, *, #449, .T. ) ;
#904 = DIRECTION ( 'NONE',  ( 0.000000000000000000, 0.000000000000000000, 1.000000000000000000 ) ) ;
#905 = DIRECTION ( 'NONE',  ( -1.000000000000000000, 1.020425574104003013E-15, -0.000000000000000000 ) ) ;
#906 = CARTESIAN_POINT ( 'NONE',  ( 70.00000000000021316, 50.00000000001224265, 15.00000000000000000 ) ) ;
#907 = AXIS2_PLACEMENT_3D ( 'NONE', #4756, #312, #3569 ) ;
#908 = ORIENTED_EDGE ( 'NONE', *, *, #1228, .F. ) ;
#909 = VECTOR ( 'NONE', #296, 1000.000000000000000 ) ;
#910 = ORIENTED_EDGE ( 'NONE', *, *, #3400, .F. ) ;
#911 = CARTESIAN_POINT ( 'NONE',  ( 32.50000000000021316, 50.00000000000000000, 25.00000000000000000 ) ) ;
#912 = ORIENTED_EDGE ( 'NONE', *, *, #4825, .F. ) ;
#913 = LINE ( 'NONE', #2124, #178 ) ;
#914 = AXIS2_PLACEMENT_3D ( 'NONE', #2251, #5038, #3903 ) ;
#915 = CARTESIAN_POINT ( 'NONE',  ( -25.00000000000045830, -50.00000000000000000, 0.000000000000000000 ) ) ;
#916 = EDGE_CURVE ( 'NONE', #1344, #226, #5228, .T. ) ;
#917 = ORIENTED_EDGE ( 'NONE', *, *, #5188, .F. ) ;
#918 = VECTOR ( 'NONE', #1490, 1000.000000000000000 ) ;
#919 = AXIS2_PLACEMENT_3D ( 'NONE', #1360, #4270, #4247 ) ;
#921 = CIRCLE ( 'NONE', #1859, 4.999999999999997335 ) ;
#920 = CARTESIAN_POINT ( 'NONE',  ( -24.39999999999996305, -28.99999999999998934, 25.00000000000000000 ) ) ;
#922 = ORIENTED_EDGE ( 'NONE', *, *, #802, .T. ) ;
#923 = DIRECTION ( 'NONE',  ( -1.000000000000000000, 0.000000000000000000, 0.000000000000000000 ) ) ;
#924 = EDGE_LOOP ( 'NONE', ( #1274, #2636, #4783, #1393 ) ) ;
#925 = CIRCLE ( 'NONE', #3416, 3.000000000000002665 ) ;
#926 = EDGE_CURVE ( 'NONE', #1970, #2958, #4575, .T. ) ;
#927 = VECTOR ( 'NONE', #2982, 1000.000000000000000 ) ;
#928 = CARTESIAN_POINT ( 'NONE',  ( -44.99999999999995737, 0.000000000000000000, 15.00000000000000000 ) ) ;
#929 = DIRECTION ( 'NONE',  ( -1.000000000000000000, 0.000000000000000000, -0.000000000000000000 ) ) ;
#930 = AXIS2_PLACEMENT_3D ( 'NONE', #5009, #2876, #2138 ) ;
#931 = DIRECTION ( 'NONE',  ( -1.000000000000000000, 0.000000000000000000, 0.000000000000000000 ) ) ;
#932 = EDGE_CURVE ( 'NONE', #2466, #4426, #717, .T. ) ;
#933 = FACE_BOUND ( 'NONE', #3543, .T. ) ;
#934 = CARTESIAN_POINT ( 'NONE',  ( 106.6000000000000369, 28.99999999999999289, 25.00000000000000000 ) ) ;
#935 = VERTEX_POINT ( 'NONE', #3932 ) ;
#936 = CARTESIAN_POINT ( 'NONE',  ( 55.00000000000006395, 0.000000000000000000, 0.000000000000000000 ) ) ;
#937 = CARTESIAN_POINT ( 'NONE',  ( -24.99999999999976907, 50.00000000000000000, 25.00000000000000000 ) ) ;
#938 = CARTESIAN_POINT ( 'NONE',  ( -21.39999999999995950, 28.99999999999998934, 3.000000000000000000 ) ) ;
#939 = ORIENTED_EDGE ( 'NONE', *, *, #394, .T. ) ;
#940 = EDGE_LOOP ( 'NONE', ( #1628, #258, #4611, #3397 ) ) ;
#941 = CARTESIAN_POINT ( 'NONE',  ( 115.4174243050442357, -32.40000000000000568, 18.00000000000000000 ) ) ;
#942 = VERTEX_POINT ( 'NONE', #5147 ) ;
#943 = DIRECTION ( 'NONE',  ( 0.000000000000000000, 0.000000000000000000, 1.000000000000000000 ) ) ;
#944 = FACE_OUTER_BOUND ( 'NONE', #3854, .T. ) ;
#945 = CIRCLE ( 'NONE', #4826, 2.500000000000002220 ) ;
#946 = ORIENTED_EDGE ( 'NONE', *, *, #1228, .T. ) ;
#947 = CARTESIAN_POINT ( 'NONE',  ( 100.0000000000000426, 5.000000000012239987, 15.00000000000000000 ) ) ;
#948 = CC_DESIGN_PERSON_AND_ORGANIZATION_ASSIGNMENT ( #1161, #1564, ( #2651 ) ) ;
#949 = ORIENTED_EDGE ( 'NONE', *, *, #2658, .T. ) ;
#950 = DIRECTION ( 'NONE',  ( 0.000000000000000000, 0.000000000000000000, -1.000000000000000000 ) ) ;
#951 = ORIENTED_EDGE ( 'NONE', *, *, #3658, .F. ) ;
#952 = CIRCLE ( 'NONE', #4741, 5.000000000000004441 ) ;
#953 = EDGE_CURVE ( 'NONE', #2535, #5246, #2499, .T. ) ;
#954 = FACE_OUTER_BOUND ( 'NONE', #1593, .T. ) ;
#955 = VERTEX_POINT ( 'NONE', #1154 ) ;
#956 = DIRECTION ( 'NONE',  ( 0.000000000000000000, -0.000000000000000000, -1.000000000000000000 ) ) ;
#957 = VECTOR ( 'NONE', #1609, 1000.000000000000000 ) ;
#958 = ADVANCED_FACE ( 'NONE', ( #4798 ), #3580, .F. ) ;
#959 = LINE ( 'NONE', #1793, #1008 ) ;
#960 = FACE_BOUND ( 'NONE', #4735, .T. ) ;
#961 = CYLINDRICAL_SURFACE ( 'NONE', #1139, 2.500000000000002220 ) ;
#962 = ORIENTED_EDGE ( 'NONE', *, *, #4056, .T. ) ;
#963 = DIRECTION ( 'NONE',  ( 0.000000000000000000, 1.000000000000000000, 0.000000000000000000 ) ) ;
#964 = LINE ( 'NONE', #938, #927 ) ;
#965 = ADVANCED_FACE ( 'NONE', ( #5172 ), #325, .F. ) ;
#966 = ADVANCED_FACE ( 'NONE', ( #4041 ), #5201, .F. ) ;
#967 = VECTOR ( 'NONE', #2502, 1000.000000000000000 ) ;
#968 = ORIENTED_EDGE ( 'NONE', *, *, #1600, .T. ) ;
#969 = CARTESIAN_POINT ( 'NONE',  ( 105.0000000000000284, -75.00000000000000000, 15.00000000000000000 ) ) ;
#970 = ORIENTED_EDGE ( 'NONE', *, *, #468, .T. ) ;
#971 = CYLINDRICAL_SURFACE ( 'NONE', #3354, 5.000000000000004441 ) ;
#972 = CARTESIAN_POINT ( 'NONE',  ( -24.39999999999996305, 28.99999999999998934, 0.000000000000000000 ) ) ;
#973 = VERTEX_POINT ( 'NONE', #3121 ) ;
#974 = EDGE_LOOP ( 'NONE', ( #4074, #2123 ) ) ;
#975 = LINE ( 'NONE', #1425, #270 ) ;
#976 = ORIENTED_EDGE ( 'NONE', *, *, #3211, .F. ) ;
#977 = APPROVAL ( #4486, '未' ) ;
#978 = CARTESIAN_POINT ( 'NONE',  ( 99.99999999999951683, -54.99999999998775735, 0.000000000000000000 ) ) ;
#979 = VERTEX_POINT ( 'NONE', #2277 ) ;
#980 = ORIENTED_EDGE ( 'NONE', *, *, #2394, .F. ) ;
#981 = ADVANCED_FACE ( 'NONE', ( #4395 ), #1073, .T. ) ;
#982 = DIRECTION ( 'NONE',  ( -0.000000000000000000, 0.000000000000000000, 1.000000000000000000 ) ) ;
#983 = FACE_OUTER_BOUND ( 'NONE', #4099, .T. ) ;
#984 = DIRECTION ( 'NONE',  ( -0.000000000000000000, 0.000000000000000000, 1.000000000000000000 ) ) ;
#985 = VERTEX_POINT ( 'NONE', #2389 ) ;
#986 = CARTESIAN_POINT ( 'NONE',  ( -27.49999999999993960, 0.000000000000000000, 15.00000000000000000 ) ) ;
#987 = CARTESIAN_POINT ( 'NONE',  ( -119.9999999999999716, 79.99999999999998579, 15.00000000000000000 ) ) ;
#988 = VERTEX_POINT ( 'NONE', #1848 ) ;
#989 = EDGE_CURVE ( 'NONE', #4671, #4069, #1725, .T. ) ;
#990 = CARTESIAN_POINT ( 'NONE',  ( -55.41742430504411487, -32.40000000000001279, 18.00000000000000000 ) ) ;
#991 = EDGE_LOOP ( 'NONE', ( #602, #3952 ) ) ;
#992 = CARTESIAN_POINT ( 'NONE',  ( -21.39999999999995950, 28.99999999999998934, 3.000000000000000000 ) ) ;
#993 = CYLINDRICAL_SURFACE ( 'NONE', #2291, 4.999999999999997335 ) ;
#994 = EDGE_LOOP ( 'NONE', ( #5247, #4376, #2364, #202, #5080, #951, #3677, #2987 ) ) ;
#995 = DIRECTION ( 'NONE',  ( -0.000000000000000000, -0.000000000000000000, -1.000000000000000000 ) ) ;
#996 = EDGE_CURVE ( 'NONE', #4256, #3432, #3021, .T. ) ;
#997 = VECTOR ( 'NONE', #4217, 1000.000000000000000 ) ;
#998 = AXIS2_PLACEMENT_3D ( 'NONE', #4356, #3633, #5222 ) ;
#999 = EDGE_LOOP ( 'NONE', ( #3364, #4005, #910, #3610 ) ) ;
#1000 = CYLINDRICAL_SURFACE ( 'NONE', #445, 1.600000000000004086 ) ;
#1001 = EDGE_LOOP ( 'NONE', ( #4913, #2446, #1822, #302 ) ) ;
#1002 = VECTOR ( 'NONE', #5195, 1000.000000000000000 ) ;
#1003 = AXIS2_PLACEMENT_3D ( 'NONE', #376, #1632, #3282 ) ;
#1004 = VECTOR ( 'NONE', #2106, 1000.000000000000000 ) ;
#1005 = DIRECTION ( 'NONE',  ( -0.000000000000000000, -0.000000000000000000, -1.000000000000000000 ) ) ;
#1006 = ORIENTED_EDGE ( 'NONE', *, *, #1120, .T. ) ;
#1007 = CIRCLE ( 'NONE', #1947, 1.600000000000004086 ) ;
#1008 = VECTOR ( 'NONE', #3871, 1000.000000000000000 ) ;
#1009 = AXIS2_PLACEMENT_3D ( 'NONE', #4517, #1505, #1115 ) ;
#1010 = EDGE_LOOP ( 'NONE', ( #917, #4475, #4748, #479 ) ) ;
#1011 = ORGANIZATION ( '未', '未', '' ) ;
#1012 = AXIS2_PLACEMENT_3D ( 'NONE', #4017, #3616, #5287 ) ;
#1013 = FACE_OUTER_BOUND ( 'NONE', #2645, .T. ) ;
#1014 = DIRECTION ( 'NONE',  ( 0.000000000000000000, 0.000000000000000000, -1.000000000000000000 ) ) ;
#1015 = DIRECTION ( 'NONE',  ( -1.000000000000000000, 0.000000000000000000, 0.000000000000000000 ) ) ;
#1016 = EDGE_CURVE ( 'NONE', #2119, #3478, #3990, .T. ) ;
#1017 = ORIENTED_EDGE ( 'NONE', *, *, #1506, .F. ) ;
#1018 = AXIS2_PLACEMENT_3D ( 'NONE', #106, #3956, #3982 ) ;
#1019 = CARTESIAN_POINT ( 'NONE',  ( 70.00000000000021316, 55.00000000001224265, 0.000000000000000000 ) ) ;
#1020 = DIRECTION ( 'NONE',  ( -0.000000000000000000, -0.000000000000000000, -1.000000000000000000 ) ) ;
#1021 = ORIENTED_EDGE ( 'NONE', *, *, #1178, .T. ) ;
#1022 = FACE_OUTER_BOUND ( 'NONE', #326, .T. ) ;
#1023 = EDGE_CURVE ( 'NONE', #5028, #5019, #1129, .T. ) ;
#1024 = ORIENTED_EDGE ( 'NONE', *, *, #4325, .T. ) ;
#1025 = EDGE_LOOP ( 'NONE', ( #3168, #3914 ) ) ;
#1026 = DIRECTION ( 'NONE',  ( -0.000000000000000000, -0.000000000000000000, -1.000000000000000000 ) ) ;
#1027 = DIRECTION ( 'NONE',  ( -0.000000000000000000, 0.000000000000000000, 1.000000000000000000 ) ) ;
#1028 = EDGE_CURVE ( 'NONE', #4384, #3194, #4556, .T. ) ;
#1029 = EDGE_LOOP ( 'NONE', ( #3461, #1748, #3417, #4081, #3391 ) ) ;
#1030 = DIRECTION ( 'NONE',  ( 1.000000000000000000, 4.081702296416016366E-17, -0.000000000000000000 ) ) ;
#1031 = EDGE_LOOP ( 'NONE', ( #2695, #1301, #2860, #3969, #2195, #4618, #3525, #2266 ) ) ;
#1032 = DIRECTION ( 'NONE',  ( -1.000000000000000000, 0.000000000000000000, 0.000000000000000000 ) ) ;
#1033 = ADVANCED_FACE ( 'NONE', ( #1282 ), #3740, .F. ) ;
#1034 = CIRCLE ( 'NONE', #1378, 1.600000000000004086 ) ;
#1035 = DIRECTION ( 'NONE',  ( -0.000000000000000000, -0.000000000000000000, -1.000000000000000000 ) ) ;
#1036 = ORIENTED_EDGE ( 'NONE', *, *, #2303, .T. ) ;
#1037 = VERTEX_POINT ( 'NONE', #2038 ) ;
#1038 = AXIS2_PLACEMENT_3D ( 'NONE', #4960, #5037, #3694 ) ;
#1039 = CARTESIAN_POINT ( 'NONE',  ( -59.99999999999995737, 5.000000000012239987, 0.000000000000000000 ) ) ;
#1040 = DIRECTION ( 'NONE',  ( -1.000000000000000000, 0.000000000000000000, 0.000000000000000000 ) ) ;
#1041 = CARTESIAN_POINT ( 'NONE',  ( 115.0000000000000568, 32.40000000000000568, 24.50000000000000000 ) ) ;
#1042 = VECTOR ( 'NONE', #4506, 1000.000000000000000 ) ;
#1043 = ORIENTED_EDGE ( 'NONE', *, *, #2303, .F. ) ;
#1044 = DIRECTION ( 'NONE',  ( 1.000000000000000000, 0.000000000000000000, 0.000000000000000000 ) ) ;
#1045 = CARTESIAN_POINT ( 'NONE',  ( 57.50000000000006395, 3.061616997868386099E-16, 15.00000000000000000 ) ) ;
#1046 = CIRCLE ( 'NONE', #1729, 1.600000000000004086 ) ;
#1047 = EDGE_LOOP ( 'NONE', ( #1542, #4768, #2663, #825 ) ) ;
#1048 = DIRECTION ( 'NONE',  ( 1.000000000000000000, 0.000000000000000000, 0.000000000000000000 ) ) ;
#1049 = ORIENTED_EDGE ( 'NONE', *, *, #3349, .T. ) ;
#1050 = DIRECTION ( 'NONE',  ( -0.000000000000000000, -0.000000000000000000, -1.000000000000000000 ) ) ;
#1051 = AXIS2_PLACEMENT_3D ( 'NONE', #3945, #3587, #3536 ) ;
#1052 = CARTESIAN_POINT ( 'NONE',  ( 105.0000000000000426, 28.99999999999999289, 25.00000000000000000 ) ) ;
#1053 = EDGE_CURVE ( 'NONE', #222, #5071, #2926, .T. ) ;
#1054 = ORIENTED_EDGE ( 'NONE', *, *, #3244, .T. ) ;
#1055 = DIRECTION ( 'NONE',  ( 0.000000000000000000, 0.000000000000000000, -1.000000000000000000 ) ) ;
#1056 = EDGE_LOOP ( 'NONE', ( #425, #2445, #2417, #1310 ) ) ;
#1057 = CARTESIAN_POINT ( 'NONE',  ( 106.6000000000000369, -28.99999999999999289, 25.00000000000000000 ) ) ;
#1058 = DIRECTION ( 'NONE',  ( 1.000000000000000000, 4.081702296416016786E-15, -0.000000000000000000 ) ) ;
#1059 = FACE_BOUND ( 'NONE', #1256, .T. ) ;
#1060 = ORIENTED_EDGE ( 'NONE', *, *, #1656, .F. ) ;
#1061 = ADVANCED_FACE ( 'NONE', ( #3662 ), #4477, .F. ) ;
#1062 = EDGE_CURVE ( 'NONE', #4743, #1367, #5306, .T. ) ;
#1063 = EDGE_LOOP ( 'NONE', ( #4647, #3001, #816, #5074 ) ) ;
#1064 = CARTESIAN_POINT ( 'NONE',  ( 19.99999999999952394, -54.99999999998775735, 0.000000000000000000 ) ) ;
#1065 = DIRECTION ( 'NONE',  ( -0.000000000000000000, 0.000000000000000000, 1.000000000000000000 ) ) ;
#1066 = CARTESIAN_POINT ( 'NONE',  ( -22.79999999999996163, 28.99999999999998934, 2.999999999999999112 ) ) ;
#1067 = EDGE_CURVE ( 'NONE', #4042, #168, #380, .T. ) ;
#1068 = EDGE_LOOP ( 'NONE', ( #95, #1674, #2882, #5207 ) ) ;
#1069 = CARTESIAN_POINT ( 'NONE',  ( -103.3999999999999631, -75.00000000000000000, 25.00000000000000000 ) ) ;
#1070 = DIRECTION ( 'NONE',  ( 0.000000000000000000, 0.000000000000000000, 1.000000000000000000 ) ) ;
#1071 = ORIENTED_EDGE ( 'NONE', *, *, #4308, .T. ) ;
#1072 = CARTESIAN_POINT ( 'NONE',  ( 115.0000000000001137, -31.15000000000000568, 21.19999999999999929 ) ) ;
#1073 = CYLINDRICAL_SURFACE ( 'NONE', #3542, 5.000000000000004441 ) ;
#1074 = EDGE_LOOP ( 'NONE', ( #4046, #2543 ) ) ;
#1075 = DIRECTION ( 'NONE',  ( -1.000000000000000000, 0.000000000000000000, 0.000000000000000000 ) ) ;
#1076 = CARTESIAN_POINT ( 'NONE',  ( -89.99999999999978684, 45.00000000001224265, 25.00000000000000000 ) ) ;
#1077 = FACE_OUTER_BOUND ( 'NONE', #2733, .T. ) ;
#1078 = ORIENTED_EDGE ( 'NONE', *, *, #3328, .F. ) ;
#1079 = CYLINDRICAL_SURFACE ( 'NONE', #5237, 2.500000000000002220 ) ;
#1080 = CARTESIAN_POINT ( 'NONE',  ( -56.23696337501299780, -24.78046093003111139, 16.12220008844692032 ) ) ;
#1081 = ORIENTED_EDGE ( 'NONE', *, *, #289, .F. ) ;
#1082 = CARTESIAN_POINT ( 'NONE',  ( 20.00000000000021672, 55.00000000001224265, 0.000000000000000000 ) ) ;
#1083 = EDGE_CURVE ( 'NONE', #338, #4131, #3, .T. ) ;
#1084 = LINE ( 'NONE', #4346, #4190 ) ;
#1085 = VECTOR ( 'NONE', #3402, 1000.000000000000000 ) ;
#1086 = VECTOR ( 'NONE', #3822, 1000.000000000000000 ) ;
#1087 = FACE_BOUND ( 'NONE', #1029, .T. ) ;
#1088 = ORIENTED_EDGE ( 'NONE', *, *, #2868, .F. ) ;
#1089 = AXIS2_PLACEMENT_3D ( 'NONE', #3524, #3577, #1070 ) ;
#1090 = ORIENTED_EDGE ( 'NONE', *, *, #2137, .F. ) ;
#1091 = AXIS2_PLACEMENT_3D ( 'NONE', #256, #2001, #5295 ) ;
#1092 = EDGE_CURVE ( 'NONE', #4717, #577, #777, .T. ) ;
#1093 = FACE_OUTER_BOUND ( 'NONE', #5255, .T. ) ;
#1094 = VECTOR ( 'NONE', #2015, 1000.000000000000000 ) ;
#1095 = DIRECTION ( 'NONE',  ( 1.000000000000000000, 0.000000000000000000, 0.000000000000000000 ) ) ;
#1096 = CARTESIAN_POINT ( 'NONE',  ( 0.000000000000000000, -44.99999999998776445, 15.00000000000000000 ) ) ;
#1097 = LINE ( 'NONE', #2922, #5137 ) ;
#1098 = CARTESIAN_POINT ( 'NONE',  ( -54.99999999999995026, -25.60000000000000497, 18.00000000000000000 ) ) ;
#1099 = VECTOR ( 'NONE', #262, 1000.000000000000000 ) ;
#1100 = AXIS2_PLACEMENT_3D ( 'NONE', #808, #2443, #4095 ) ;
#1101 = ADVANCED_FACE ( 'NONE', ( #4068 ), #2853, .F. ) ;
#1102 = VERTEX_POINT ( 'NONE', #2517 ) ;
#1103 = DIRECTION ( 'NONE',  ( -1.000000000000000000, -4.081702296416016366E-17, 0.000000000000000000 ) ) ;
#1104 = CARTESIAN_POINT ( 'NONE',  ( 70.00000000000021316, 50.00000000001224265, 25.00000000000000000 ) ) ;
#1105 = ORIENTED_EDGE ( 'NONE', *, *, #4518, .T. ) ;
#1106 = CIRCLE ( 'NONE', #1785, 3.000000000000002665 ) ;
#1107 = CARTESIAN_POINT ( 'NONE',  ( -54.99999999999995737, 31.90000000000001279, 25.00000000000000000 ) ) ;
#1108 = DIRECTION ( 'NONE',  ( -1.000000000000000000, 0.000000000000000000, 0.000000000000000000 ) ) ;
#1109 = CARTESIAN_POINT ( 'NONE',  ( 115.0000000000000995, -25.60000000000000142, 21.19999999999999929 ) ) ;
#1110 = AXIS2_PLACEMENT_3D ( 'NONE', #50, #4196, #823 ) ;
#1111 = ORIENTED_EDGE ( 'NONE', *, *, #5322, .F. ) ;
#1112 = CARTESIAN_POINT ( 'NONE',  ( 0.000000000000000000, -4.999999999987760013, 15.00000000000000000 ) ) ;
#1113 = ORIENTED_EDGE ( 'NONE', *, *, #876, .F. ) ;
#1114 = VERTEX_POINT ( 'NONE', #2064 ) ;
#1115 = DIRECTION ( 'NONE',  ( -1.000000000000000000, 0.000000000000000000, 0.000000000000000000 ) ) ;
#1116 = EDGE_CURVE ( 'NONE', #1571, #664, #3717, .T. ) ;
#1117 = CARTESIAN_POINT ( 'NONE',  ( -60.00000000000047606, -44.99999999998776445, 25.00000000000000000 ) ) ;
#1118 = VERTEX_POINT ( 'NONE', #3333 ) ;
#1119 = VERTEX_POINT ( 'NONE', #1635 ) ;
#1120 = EDGE_CURVE ( 'NONE', #4138, #1758, #2588, .T. ) ;
#1121 = DIRECTION ( 'NONE',  ( 1.000000000000000000, -0.000000000000000000, -0.000000000000000000 ) ) ;
#1122 = LINE ( 'NONE', #3172, #3513 ) ;
#1123 = CARTESIAN_POINT ( 'NONE',  ( -121.5999999999999801, -64.99999999999998579, 25.00000000000000000 ) ) ;
#1124 = CYLINDRICAL_SURFACE ( 'NONE', #4790, 5.000000000000000888 ) ;
#1125 = AXIS2_PLACEMENT_3D ( 'NONE', #32, #5, #3795 ) ;
#1126 = DIRECTION ( 'NONE',  ( 0.000000000000000000, 0.000000000000000000, -1.000000000000000000 ) ) ;
#1127 = ORIENTED_EDGE ( 'NONE', *, *, #4036, .T. ) ;
#1128 = CARTESIAN_POINT ( 'NONE',  ( 106.6000000000000369, -28.99999999999999289, 25.00000000000000000 ) ) ;
#1129 = LINE ( 'NONE', #2772, #5006 ) ;
#1130 = EDGE_LOOP ( 'NONE', ( #56, #1049, #156, #2500 ) ) ;
#1131 = EDGE_CURVE ( 'NONE', #5313, #1454, #3798, .T. ) ;
#1132 = DIRECTION ( 'NONE',  ( 1.000000000000000000, -4.081702296416016786E-15, -0.000000000000000000 ) ) ;
#1133 = DIRECTION ( 'NONE',  ( -0.000000000000000000, -0.000000000000000000, -1.000000000000000000 ) ) ;
#1134 = EDGE_CURVE ( 'NONE', #1902, #5098, #1466, .T. ) ;
#1135 = DIRECTION ( 'NONE',  ( 0.000000000000000000, 0.000000000000000000, -1.000000000000000000 ) ) ;
#1136 = ORIENTED_EDGE ( 'NONE', *, *, #2796, .F. ) ;
#1137 = PERSON_AND_ORGANIZATION ( #3217, #1011 ) ;
#1138 = DIRECTION ( 'NONE',  ( -0.000000000000000000, 0.000000000000000000, 1.000000000000000000 ) ) ;
#1139 = AXIS2_PLACEMENT_3D ( 'NONE', #107, #3382, #553 ) ;
#1140 = ORIENTED_EDGE ( 'NONE', *, *, #5018, .F. ) ;
#1141 = CYLINDRICAL_SURFACE ( 'NONE', #1887, 4.999999999999997335 ) ;
#1142 = CARTESIAN_POINT ( 'NONE',  ( -125.0000000000001990, -25.60000000000097842, 21.19999999999999929 ) ) ;
#1143 = PLANE ( 'NONE',  #1792 ) ;
#1144 = VERTEX_POINT ( 'NONE', #1683 ) ;
#1145 = ORIENTED_EDGE ( 'NONE', *, *, #2133, .T. ) ;
#1146 = LINE ( 'NONE', #4437, #415 ) ;
#1147 = PLANE ( 'NONE',  #2983 ) ;
#1148 = CARTESIAN_POINT ( 'NONE',  ( 37.50000000000022027, 50.00000000000000000, 0.000000000000000000 ) ) ;
#1149 = EDGE_CURVE ( 'NONE', #1289, #2201, #2416, .T. ) ;
#1150 = CYLINDRICAL_SURFACE ( 'NONE', #3842, 0.5000000000000004441 ) ;
#1151 = LINE ( 'NONE', #1098, #4708 ) ;
#1152 = ORIENTED_EDGE ( 'NONE', *, *, #4607, .T. ) ;
#1153 = CARTESIAN_POINT ( 'NONE',  ( -124.9999999999999432, -75.00000000000001421, 0.000000000000000000 ) ) ;
#1154 = CARTESIAN_POINT ( 'NONE',  ( -10.00000000000047429, -44.99999999998776445, 0.000000000000000000 ) ) ;
#1155 = VERTEX_POINT ( 'NONE', #30 ) ;
#1156 = FACE_OUTER_BOUND ( 'NONE', #755, .T. ) ;
#1157 = CARTESIAN_POINT ( 'NONE',  ( 0.000000000000000000, -44.99999999998776445, 15.00000000000000000 ) ) ;
#1158 = DIRECTION ( 'NONE',  ( -1.000000000000000000, 0.000000000000000000, 0.000000000000000000 ) ) ;
#1159 = ORIENTED_EDGE ( 'NONE', *, *, #3401, .T. ) ;
#1160 = EDGE_LOOP ( 'NONE', ( #3019, #4, #5040, #2629, #4993, #1450, #1775, #2793 ) ) ;
#1161 = PERSON_AND_ORGANIZATION ( #3217, #1011 ) ;
#1162 = LINE ( 'NONE', #1112, #2505 ) ;
#1163 = VERTEX_POINT ( 'NONE', #4958 ) ;
#1164 = DIRECTION ( 'NONE',  ( -0.000000000000000000, -0.000000000000000000, -1.000000000000000000 ) ) ;
#1165 = FACE_OUTER_BOUND ( 'NONE', #3012, .T. ) ;
#1166 = EDGE_CURVE ( 'NONE', #222, #2423, #1988, .T. ) ;
#1167 =( BOUNDED_CURVE ( )  B_SPLINE_CURVE ( 3, ( #5003, #1303, #4598, #2006 ),
 .UNSPECIFIED., .F., .F. ) 
 B_SPLINE_CURVE_WITH_KNOTS ( ( 4, 4 ),
 ( 4.712388980384691450, 5.871668461112097503 ),
 .UNSPECIFIED. ) 
 CURVE ( )  GEOMETRIC_REPRESENTATION_ITEM ( )  RATIONAL_B_SPLINE_CURVE ( ( 1.000000000000000000, 0.8911066843560507822, 0.8911066843560507822, 1.000000000000000000 ) ) 
 REPRESENTATION_ITEM ( '' )  );
#1168 = CARTESIAN_POINT ( 'NONE',  ( -55.41742430504411487, -32.40000000000001279, 18.00000000000000000 ) ) ;
#1169 = ORIENTED_EDGE ( 'NONE', *, *, #4002, .T. ) ;
#1170 = ORIENTED_EDGE ( 'NONE', *, *, #618, .T. ) ;
#1171 = PLANE ( 'NONE',  #5316 ) ;
#1172 = CARTESIAN_POINT ( 'NONE',  ( -9.999999999999953815, 1.224020884649235086E-11, 15.00000000000000000 ) ) ;
#1173 = CIRCLE ( 'NONE', #4969, 1.600000000000000755 ) ;
#1174 = CARTESIAN_POINT ( 'NONE',  ( -9.999999999999781508, 55.00000000001224265, 15.00000000000000000 ) ) ;
#1175 = CARTESIAN_POINT ( 'NONE',  ( 106.6000000000000227, 75.00000000000000000, 0.000000000000000000 ) ) ;
#1176 = CIRCLE ( 'NONE', #4189, 1.600000000000004086 ) ;
#1177 = CIRCLE ( 'NONE', #1091, 1.600000000000004086 ) ;
#1178 = EDGE_CURVE ( 'NONE', #3972, #1754, #5178, .T. ) ;
#1179 = VERTEX_POINT ( 'NONE', #878 ) ;
#1180 = DIRECTION ( 'NONE',  ( -0.000000000000000000, -0.000000000000000000, -1.000000000000000000 ) ) ;
#1181 = DIRECTION ( 'NONE',  ( 1.000000000000000000, 0.000000000000000000, 0.000000000000000000 ) ) ;
#1182 = VERTEX_POINT ( 'NONE', #354 ) ;
#1183 = DIRECTION ( 'NONE',  ( -0.000000000000000000, -0.000000000000000000, -1.000000000000000000 ) ) ;
#1184 = CARTESIAN_POINT ( 'NONE',  ( -89.99999999999978684, 50.00000000001224265, 25.00000000000000000 ) ) ;
#1185 = CC_DESIGN_APPROVAL ( #2062, ( #3984 ) ) ;
#1186 = AXIS2_PLACEMENT_3D ( 'NONE', #3975, #287, #3393 ) ;
#1187 = CARTESIAN_POINT ( 'NONE',  ( -59.99999999999995737, 1.224020884649235086E-11, 0.000000000000000000 ) ) ;
#1188 = ORIENTED_EDGE ( 'NONE', *, *, #4135, .T. ) ;
#1189 = EDGE_CURVE ( 'NONE', #4309, #4703, #1562, .T. ) ;
#1190 = ORIENTED_EDGE ( 'NONE', *, *, #860, .F. ) ;
#1192 = VECTOR ( 'NONE', #1664, 1000.000000000000000 ) ;
#1191 = APPLICATION_PROTOCOL_DEFINITION ( 'international standard', 'config_control_design', 1994, #2529 ) ;
#1193 = CARTESIAN_POINT ( 'NONE',  ( -54.99999999999995026, -26.10000000000000497, 24.50000000000000000 ) ) ;
#1194 = VERTEX_POINT ( 'NONE', #82 ) ;
#1195 = DIRECTION ( 'NONE',  ( -1.000000000000000000, -1.020425574104003013E-15, 0.000000000000000000 ) ) ;
#1196 = AXIS2_PLACEMENT_3D ( 'NONE', #2582, #4232, #537 ) ;
#1197 = FACE_OUTER_BOUND ( 'NONE', #465, .T. ) ;
#1198 = ADVANCED_FACE ( 'NONE', ( #2601, #3873, #1709 ), #5035, .F. ) ;
#1199 = EDGE_LOOP ( 'NONE', ( #3363, #3286, #1323, #4265 ) ) ;
#1200 = EDGE_CURVE ( 'NONE', #2057, #5229, #4411, .T. ) ;
#1201 = ORIENTED_EDGE ( 'NONE', *, *, #2437, .F. ) ;
#1202 = CARTESIAN_POINT ( 'NONE',  ( -44.99999999999977973, 50.00000000000000000, 25.00000000000000000 ) ) ;
#1203 = DIRECTION ( 'NONE',  ( 4.081702296416016786E-15, 1.000000000000000000, 0.000000000000000000 ) ) ;
#1204 = DIRECTION ( 'NONE',  ( 1.000000000000000000, 2.040851148208008393E-15, -0.000000000000000000 ) ) ;
#1205 = DIRECTION ( 'NONE',  ( -1.000000000000000000, 0.000000000000000000, 0.000000000000000000 ) ) ;
#1206 = CARTESIAN_POINT ( 'NONE',  ( -125.0000000000001705, 31.15000000000098268, 21.19999999999999929 ) ) ;
#1207 = CARTESIAN_POINT ( 'NONE',  ( -125.0000000000001990, -26.10000000000000497, 21.19999999999999929 ) ) ;
#1208 = AXIS2_PLACEMENT_3D ( 'NONE', #5101, #1448, #194 ) ;
#1209 = EDGE_LOOP ( 'NONE', ( #4198, #2864, #4020, #3999, #3555 ) ) ;
#1210 = CARTESIAN_POINT ( 'NONE',  ( -24.99999999999993960, 0.000000000000000000, 15.00000000000000000 ) ) ;
#1211 = CARTESIAN_POINT ( 'NONE',  ( -54.99999999999995026, -26.85000000000070131, 25.00000000000000000 ) ) ;
#1212 = CARTESIAN_POINT ( 'NONE',  ( 121.6000000000000512, -64.99999999999998579, 0.000000000000000000 ) ) ;
#1213 = EDGE_CURVE ( 'NONE', #3869, #536, #2858, .T. ) ;
#1214 = CIRCLE ( 'NONE', #1982, 2.500000000000002220 ) ;
#1215 = ORIENTED_EDGE ( 'NONE', *, *, #2507, .F. ) ;
#1216 = ORIENTED_EDGE ( 'NONE', *, *, #3226, .F. ) ;
#1217 = APPROVAL_DATE_TIME ( #4921, #977 ) ;
#1218 = DIRECTION ( 'NONE',  ( -0.000000000000000000, 0.000000000000000000, 1.000000000000000000 ) ) ;
#1219 = EDGE_LOOP ( 'NONE', ( #386, #291, #1460, #3889, #682 ) ) ;
#1220 = DIRECTION ( 'NONE',  ( -1.000000000000000000, 0.000000000000000000, -0.000000000000000000 ) ) ;
#1221 = VECTOR ( 'NONE', #3231, 1000.000000000000000 ) ;
#1222 = DIRECTION ( 'NONE',  ( 1.000000000000000000, 0.000000000000000000, 0.000000000000000000 ) ) ;
#1223 = ADVANCED_FACE ( 'NONE', ( #1331 ), #5066, .F. ) ;
#1224 = AXIS2_PLACEMENT_3D ( 'NONE', #3199, #3141, #4734 ) ;
#1225 = VERTEX_POINT ( 'NONE', #2978 ) ;
#1226 = AXIS2_PLACEMENT_3D ( 'NONE', #3314, #4944, #3776 ) ;
#1227 = ORIENTED_EDGE ( 'NONE', *, *, #1149, .F. ) ;
#1228 = EDGE_CURVE ( 'NONE', #4406, #4317, #1470, .T. ) ;
#1229 = EDGE_CURVE ( 'NONE', #205, #4943, #1302, .T. ) ;
#1230 = DIRECTION ( 'NONE',  ( -0.000000000000000000, -0.000000000000000000, -1.000000000000000000 ) ) ;
#1231 = EDGE_CURVE ( 'NONE', #4889, #1768, #3033, .T. ) ;
#1232 = DIRECTION ( 'NONE',  ( -0.000000000000000000, -0.000000000000000000, -1.000000000000000000 ) ) ;
#1233 = DIRECTION ( 'NONE',  ( 1.000000000000000000, 0.000000000000000000, 0.000000000000000000 ) ) ;
#1234 = EDGE_CURVE ( 'NONE', #3783, #1344, #2244, .T. ) ;
#1235 = CARTESIAN_POINT ( 'NONE',  ( 35.00000000000004263, 0.000000000000000000, 25.00000000000000000 ) ) ;
#1236 = DIRECTION ( 'NONE',  ( 4.081702296416016786E-15, -1.000000000000000000, 0.000000000000000000 ) ) ;
#1237 = ORIENTED_EDGE ( 'NONE', *, *, #1260, .F. ) ;
#1238 = CARTESIAN_POINT ( 'NONE',  ( 35.00000000000004263, 0.000000000000000000, 0.000000000000000000 ) ) ;
#1239 = LINE ( 'NONE', #1211, #836 ) ;
#1240 = CARTESIAN_POINT ( 'NONE',  ( 70.00000000000004263, -4.999999999987760013, 0.000000000000000000 ) ) ;
#1241 = ORIENTED_EDGE ( 'NONE', *, *, #3318, .F. ) ;
#1242 = EDGE_LOOP ( 'NONE', ( #1484, #2156, #2586, #5129 ) ) ;
#1243 = LINE ( 'NONE', #4487, #5016 ) ;
#1244 = ORIENTED_EDGE ( 'NONE', *, *, #20, .T. ) ;
#1245 = DIRECTION ( 'NONE',  ( 0.000000000000000000, 0.000000000000000000, -1.000000000000000000 ) ) ;
#1246 = DIRECTION ( 'NONE',  ( -0.000000000000000000, 0.000000000000000000, 1.000000000000000000 ) ) ;
#1247 = EDGE_CURVE ( 'NONE', #1809, #3839, #3290, .T. ) ;
#1248 = ORIENTED_EDGE ( 'NONE', *, *, #1844, .F. ) ;
#1249 = ORIENTED_EDGE ( 'NONE', *, *, #2779, .T. ) ;
#1250 = CARTESIAN_POINT ( 'NONE',  ( 120.0000000000000711, -32.39999999999999858, 20.00000000000000000 ) ) ;
#1251 = CARTESIAN_POINT ( 'NONE',  ( 115.1391414350147642, -25.60000000000000497, 17.99999999999999645 ) ) ;
#1252 = LINE ( 'NONE', #900, #1511 ) ;
#1253 = VECTOR ( 'NONE', #716, 1000.000000000000000 ) ;
#1254 = LINE ( 'NONE', #3259, #4981 ) ;
#1255 = DIRECTION ( 'NONE',  ( -0.000000000000000000, 0.000000000000000000, 1.000000000000000000 ) ) ;
#1256 = EDGE_LOOP ( 'NONE', ( #1036, #3987 ) ) ;
#1257 = DIRECTION ( 'NONE',  ( 1.000000000000000000, 0.000000000000000000, 0.000000000000000000 ) ) ;
#1258 = DIRECTION ( 'NONE',  ( -1.000000000000000000, 0.000000000000000000, 0.000000000000000000 ) ) ;
#1259 = CARTESIAN_POINT ( 'NONE',  ( -44.99999999999977973, 50.00000000000000000, 25.00000000000000000 ) ) ;
#1260 = EDGE_CURVE ( 'NONE', #492, #4483, #1388, .T. ) ;
#1261 = AXIS2_PLACEMENT_3D ( 'NONE', #659, #3737, #27 ) ;
#1262 = AXIS2_PLACEMENT_3D ( 'NONE', #2059, #820, #4086 ) ;
#1263 = ORIENTED_EDGE ( 'NONE', *, *, #894, .F. ) ;
#1264 = VERTEX_POINT ( 'NONE', #1738 ) ;
#1265 = CARTESIAN_POINT ( 'NONE',  ( -124.9999999999999432, -75.00000000000001421, 15.00000000000000000 ) ) ;
#1266 = VECTOR ( 'NONE', #2775, 1000.000000000000000 ) ;
#1267 = VECTOR ( 'NONE', #865, 1000.000000000000000 ) ;
#1268 = ORIENTED_EDGE ( 'NONE', *, *, #2454, .T. ) ;
#1269 = CARTESIAN_POINT ( 'NONE',  ( -47.49999999999995737, 0.000000000000000000, 15.00000000000000000 ) ) ;
#1270 = CARTESIAN_POINT ( 'NONE',  ( 103.4000000000000199, 75.00000000000000000, 15.00000000000000000 ) ) ;
#1271 = AXIS2_PLACEMENT_3D ( 'NONE', #3751, #517, #94 ) ;
#1272 = CIRCLE ( 'NONE', #4547, 5.000000000000004441 ) ;
#1273 = CIRCLE ( 'NONE', #4906, 1.600000000000004086 ) ;
#1274 = ORIENTED_EDGE ( 'NONE', *, *, #5033, .T. ) ;
#1275 = DIRECTION ( 'NONE',  ( -1.000000000000000000, 0.000000000000000000, 0.000000000000000000 ) ) ;
#1276 = VERTEX_POINT ( 'NONE', #581 ) ;
#1277 = CARTESIAN_POINT ( 'NONE',  ( -59.99999999999995737, 5.000000000012239987, 0.000000000000000000 ) ) ;
#1278 = DIRECTION ( 'NONE',  ( 0.000000000000000000, 0.000000000000000000, 1.000000000000000000 ) ) ;
#1279 = CARTESIAN_POINT ( 'NONE',  ( 103.4000000000000199, 75.00000000000000000, 0.000000000000000000 ) ) ;
#1280 = EDGE_CURVE ( 'NONE', #2786, #3135, #5270, .T. ) ;
#1281 = FACE_OUTER_BOUND ( 'NONE', #13, .T. ) ;
#1282 = FACE_OUTER_BOUND ( 'NONE', #2146, .T. ) ;
#1283 = EDGE_LOOP ( 'NONE', ( #3429, #3376, #174, #2168 ) ) ;
#1284 = FACE_OUTER_BOUND ( 'NONE', #3108, .T. ) ;
#1285 = CYLINDRICAL_SURFACE ( 'NONE', #5059, 0.5000000000000004441 ) ;
#1286 = AXIS2_PLACEMENT_3D ( 'NONE', #3909, #1050, #1075 ) ;
#1287 = FACE_OUTER_BOUND ( 'NONE', #1966, .T. ) ;
#1288 = ORIENTED_EDGE ( 'NONE', *, *, #2868, .T. ) ;
#1289 = VERTEX_POINT ( 'NONE', #1363 ) ;
#1290 = CIRCLE ( 'NONE', #1636, 0.5000000000000004441 ) ;
#1291 = ADVANCED_FACE ( 'NONE', ( #505 ), #4197, .F. ) ;
#1292 = CYLINDRICAL_SURFACE ( 'NONE', #4585, 4.999999999999990230 ) ;
#1293 = EDGE_CURVE ( 'NONE', #5098, #3395, #478, .T. ) ;
#1294 = ORIENTED_EDGE ( 'NONE', *, *, #1471, .T. ) ;
#1295 = DIRECTION ( 'NONE',  ( 1.000000000000000000, 0.000000000000000000, 0.000000000000000000 ) ) ;
#1296 = CARTESIAN_POINT ( 'NONE',  ( 19.99999999999952394, -44.99999999998776445, 25.00000000000000000 ) ) ;
#1297 = AXIS2_PLACEMENT_3D ( 'NONE', #200, #3479, #5130 ) ;
#1298 = DIRECTION ( 'NONE',  ( -0.000000000000000000, -0.000000000000000000, -1.000000000000000000 ) ) ;
#1299 = VERTEX_POINT ( 'NONE', #1308 ) ;
#1300 = DIRECTION ( 'NONE',  ( 1.000000000000000000, 0.000000000000000000, -0.000000000000000000 ) ) ;
#1301 = ORIENTED_EDGE ( 'NONE', *, *, #1359, .T. ) ;
#1302 = CIRCLE ( 'NONE', #369, 3.000000000000002665 ) ;
#1303 = CARTESIAN_POINT ( 'NONE',  ( 117.9511523250777998, -34.93372802003361244, 15.00000000000000178 ) ) ;
#1304 = VECTOR ( 'NONE', #282, 1000.000000000000000 ) ;
#1305 = DIRECTION ( 'NONE',  ( -0.000000000000000000, -0.000000000000000000, -1.000000000000000000 ) ) ;
#1306 = CARTESIAN_POINT ( 'NONE',  ( 115.0000000000000426, 26.10000000000000497, 25.00000000000000000 ) ) ;
#1307 = FACE_OUTER_BOUND ( 'NONE', #4268, .T. ) ;
#1308 = CARTESIAN_POINT ( 'NONE',  ( -60.00000000000047606, -44.99999999998776445, 0.000000000000000000 ) ) ;
#1309 = ADVANCED_FACE ( 'NONE', ( #3791 ), #961, .F. ) ;
#1310 = ORIENTED_EDGE ( 'NONE', *, *, #2875, .F. ) ;
#1311 = DIRECTION ( 'NONE',  ( -0.000000000000000000, -0.000000000000000000, -1.000000000000000000 ) ) ;
#1312 = CARTESIAN_POINT ( 'NONE',  ( -125.0000000000001990, 25.60000000000098197, 21.19999999999999929 ) ) ;
#1313 = CYLINDRICAL_SURFACE ( 'NONE', #3256, 2.500000000000002220 ) ;
#1314 = ORIENTED_EDGE ( 'NONE', *, *, #2464, .F. ) ;
#1315 = ORIENTED_EDGE ( 'NONE', *, *, #3318, .T. ) ;
#1316 = CYLINDRICAL_SURFACE ( 'NONE', #4676, 0.5000000000000004441 ) ;
#1317 = ORIENTED_EDGE ( 'NONE', *, *, #4212, .T. ) ;
#1318 = CARTESIAN_POINT ( 'NONE',  ( 69.99999999999951683, -44.99999999998776445, 0.000000000000000000 ) ) ;
#1319 = CARTESIAN_POINT ( 'NONE',  ( 120.0000000000000568, -80.00000000000001421, 15.00000000000000000 ) ) ;
#1320 = EDGE_CURVE ( 'NONE', #3138, #5124, #3200, .T. ) ;
#1321 = ORIENTED_EDGE ( 'NONE', *, *, #3091, .F. ) ;
#1322 = CARTESIAN_POINT ( 'NONE',  ( 115.0000000000001137, 31.15000000000000568, 20.00000000000000000 ) ) ;
#1323 = ORIENTED_EDGE ( 'NONE', *, *, #4284, .T. ) ;
#1324 = CARTESIAN_POINT ( 'NONE',  ( -56.23696337501300491, 24.78046093003111139, 16.12220008844691677 ) ) ;
#1325 = ORIENTED_EDGE ( 'NONE', *, *, #3425, .T. ) ;
#1326 = DIRECTION ( 'NONE',  ( -1.000000000000000000, 0.000000000000000000, 0.000000000000000000 ) ) ;
#1327 = CARTESIAN_POINT ( 'NONE',  ( -124.9999999999999432, -80.00000000000001421, 15.00000000000000000 ) ) ;
#1328 = CARTESIAN_POINT ( 'NONE',  ( -44.99999999999977973, 50.00000000000000000, 15.00000000000000000 ) ) ;
#1329 = PLANE ( 'NONE',  #1693 ) ;
#1330 = CARTESIAN_POINT ( 'NONE',  ( 64.99999999999953104, -49.99999999998776445, 25.00000000000000000 ) ) ;
#1331 = FACE_OUTER_BOUND ( 'NONE', #3861, .T. ) ;
#1332 = VERTEX_POINT ( 'NONE', #235 ) ;
#1333 = CYLINDRICAL_SURFACE ( 'NONE', #4140, 4.999999999999997335 ) ;
#1334 = DIRECTION ( 'NONE',  ( -0.000000000000000000, -0.000000000000000000, -1.000000000000000000 ) ) ;
#1335 = CARTESIAN_POINT ( 'NONE',  ( -124.9999999999999716, 79.99999999999998579, 15.00000000000000000 ) ) ;
#1336 = EDGE_LOOP ( 'NONE', ( #1538, #3308, #4964, #2659 ) ) ;
#1337 = VERTEX_POINT ( 'NONE', #1066 ) ;
#1338 = CARTESIAN_POINT ( 'NONE',  ( 125.0000000000000284, 79.99999999999998579, 0.000000000000000000 ) ) ;
#1339 = ORIENTED_EDGE ( 'NONE', *, *, #2957, .F. ) ;
#1340 = CARTESIAN_POINT ( 'NONE',  ( -125.0000000000001990, 26.10000000000000497, 21.19999999999999929 ) ) ;
#1341 = AXIS2_PLACEMENT_3D ( 'NONE', #1456, #4753, #2724 ) ;
#1342 = DIRECTION ( 'NONE',  ( 1.000000000000000000, -0.000000000000000000, -0.000000000000000000 ) ) ;
#1343 = EDGE_CURVE ( 'NONE', #979, #4799, #5139, .T. ) ;
#1344 = VERTEX_POINT ( 'NONE', #2764 ) ;
#1346 = CIRCLE ( 'NONE', #2036, 2.500000000000002220 ) ;
#1345 = CARTESIAN_POINT ( 'NONE',  ( -89.99999999999995737, 1.224020884649235086E-11, 25.00000000000000000 ) ) ;
#1347 = EDGE_LOOP ( 'NONE', ( #4446, #559, #2130, #3613, #3497, #22 ) ) ;
#1348 = EDGE_CURVE ( 'NONE', #3204, #5084, #4501, .T. ) ;
#1349 = DIRECTION ( 'NONE',  ( 0.000000000000000000, -0.000000000000000000, -1.000000000000000000 ) ) ;
#1350 = CIRCLE ( 'NONE', #1862, 1.600000000000000755 ) ;
#1351 = EDGE_LOOP ( 'NONE', ( #3886, #4244, #1974, #132 ) ) ;
#1352 = CIRCLE ( 'NONE', #2732, 2.500000000000002220 ) ;
#1353 = CIRCLE ( 'NONE', #1003, 1.600000000000000755 ) ;
#1354 = CARTESIAN_POINT ( 'NONE',  ( -124.9999999999999716, 79.99999999999998579, 15.00000000000000000 ) ) ;
#1355 = ORIENTED_EDGE ( 'NONE', *, *, #1487, .T. ) ;
#1356 = EDGE_CURVE ( 'NONE', #4784, #1509, #2682, .T. ) ;
#1357 = EDGE_CURVE ( 'NONE', #854, #3184, #2940, .T. ) ;
#1358 = DIRECTION ( 'NONE',  ( 0.000000000000000000, 0.000000000000000000, -1.000000000000000000 ) ) ;
#1359 = EDGE_CURVE ( 'NONE', #4178, #2019, #527, .T. ) ;
#1360 = CARTESIAN_POINT ( 'NONE',  ( -59.99999999999977973, 50.00000000001224265, 25.00000000000000000 ) ) ;
#1361 = EDGE_CURVE ( 'NONE', #217, #1961, #2705, .T. ) ;
#1362 = FACE_BOUND ( 'NONE', #4847, .T. ) ;
#1363 = CARTESIAN_POINT ( 'NONE',  ( -118.3999999999999773, 64.99999999999998579, 15.00000000000000000 ) ) ;
#1364 = ORIENTED_EDGE ( 'NONE', *, *, #3605, .F. ) ;
#1365 = DIRECTION ( 'NONE',  ( -0.000000000000000000, 0.000000000000000000, 1.000000000000000000 ) ) ;
#1366 = DIRECTION ( 'NONE',  ( -1.000000000000000000, 0.000000000000000000, 0.000000000000000000 ) ) ;
#1367 = VERTEX_POINT ( 'NONE', #4415 ) ;
#1368 = ORIENTED_EDGE ( 'NONE', *, *, #3349, .F. ) ;
#1369 = CARTESIAN_POINT ( 'NONE',  ( 115.0000000000000568, -32.40000000000000568, 24.50000000000000000 ) ) ;
#1370 = EDGE_LOOP ( 'NONE', ( #2404, #179, #2805, #4773 ) ) ;
#1371 = CARTESIAN_POINT ( 'NONE',  ( 37.49999999999952394, -50.00000000000000000, 15.00000000000000000 ) ) ;
#1372 = CARTESIAN_POINT ( 'NONE',  ( 99.99999999999951683, -44.99999999998776445, 15.00000000000000000 ) ) ;
#1373 = ORIENTED_EDGE ( 'NONE', *, *, #474, .F. ) ;
#1374 = LINE ( 'NONE', #543, #2823 ) ;
#1375 = ORIENTED_EDGE ( 'NONE', *, *, #3063, .T. ) ;
#1376 = CARTESIAN_POINT ( 'NONE',  ( -55.41742430504410777, 25.60000000000000497, 18.00000000000000000 ) ) ;
#1377 = EDGE_CURVE ( 'NONE', #1037, #4818, #5164, .T. ) ;
#1378 = AXIS2_PLACEMENT_3D ( 'NONE', #4769, #2610, #3095 ) ;
#1379 = ORIENTED_EDGE ( 'NONE', *, *, #3266, .F. ) ;
#1380 = AXIS2_PLACEMENT_3D ( 'NONE', #3836, #950, #1275 ) ;
#1381 = PLANE ( 'NONE',  #4880 ) ;
#1382 = EDGE_LOOP ( 'NONE', ( #309, #2511, #5174, #91 ) ) ;
#1383 = ORIENTED_EDGE ( 'NONE', *, *, #2402, .F. ) ;
#1384 = EDGE_CURVE ( 'NONE', #1299, #2177, #5008, .T. ) ;
#1385 = CARTESIAN_POINT ( 'NONE',  ( -89.99999999999978684, 55.00000000001224265, 0.000000000000000000 ) ) ;
#1386 = AXIS2_PLACEMENT_3D ( 'NONE', #2344, #5182, #4455 ) ;
#1387 = DIRECTION ( 'NONE',  ( -0.000000000000000000, 0.000000000000000000, 1.000000000000000000 ) ) ;
#1388 = LINE ( 'NONE', #3056, #610 ) ;
#1389 = EDGE_LOOP ( 'NONE', ( #4055, #3572, #2317, #5117, #2561, #123 ) ) ;
#1390 = DIRECTION ( 'NONE',  ( -0.000000000000000000, -0.000000000000000000, -1.000000000000000000 ) ) ;
#1391 = CARTESIAN_POINT ( 'NONE',  ( 99.99999999999951683, -54.99999999998775735, 25.00000000000000000 ) ) ;
#1392 = EDGE_CURVE ( 'NONE', #1118, #2239, #3575, .T. ) ;
#1393 = ORIENTED_EDGE ( 'NONE', *, *, #1745, .F. ) ;
#1394 = DIRECTION ( 'NONE',  ( -0.000000000000000000, 0.000000000000000000, 1.000000000000000000 ) ) ;
#1395 = ORIENTED_EDGE ( 'NONE', *, *, #2699, .F. ) ;
#1396 = DIRECTION ( 'NONE',  ( -1.000000000000000000, 0.000000000000000000, 0.000000000000000000 ) ) ;
#1397 = FACE_OUTER_BOUND ( 'NONE', #2712, .T. ) ;
#1398 = ORIENTED_EDGE ( 'NONE', *, *, #4623, .T. ) ;
#1399 = DIRECTION ( 'NONE',  ( 1.000000000000000000, 0.000000000000000000, 0.000000000000000000 ) ) ;
#1400 = ORIENTED_EDGE ( 'NONE', *, *, #1834, .F. ) ;
#1401 = FACE_OUTER_BOUND ( 'NONE', #2867, .T. ) ;
#1402 = ORIENTED_EDGE ( 'NONE', *, *, #1412, .F. ) ;
#1403 = EDGE_CURVE ( 'NONE', #2149, #3188, #3607, .T. ) ;
#1404 = CARTESIAN_POINT ( 'NONE',  ( 120.0000000000000568, 64.99999999999998579, 25.00000000000000000 ) ) ;
#1405 = VERTEX_POINT ( 'NONE', #4789 ) ;
#1406 = EDGE_LOOP ( 'NONE', ( #3222, #4263 ) ) ;
#1407 = EDGE_CURVE ( 'NONE', #4942, #3933, #295, .T. ) ;
#1408 = CARTESIAN_POINT ( 'NONE',  ( 70.00000000000004263, 1.224020884649235086E-11, 15.00000000000000000 ) ) ;
#1409 = FACE_BOUND ( 'NONE', #3648, .T. ) ;
#1410 = DIRECTION ( 'NONE',  ( 1.000000000000000000, -2.040851148208008393E-15, -0.000000000000000000 ) ) ;
#1411 = ORIENTED_EDGE ( 'NONE', *, *, #2796, .T. ) ;
#1412 = EDGE_CURVE ( 'NONE', #4776, #1337, #3546, .T. ) ;
#1413 = CARTESIAN_POINT ( 'NONE',  ( 105.0000000000000284, 75.00000000000000000, 15.00000000000000000 ) ) ;
#1414 = DIRECTION ( 'NONE',  ( -0.000000000000000000, -0.000000000000000000, -1.000000000000000000 ) ) ;
#1415 = VERTEX_POINT ( 'NONE', #3487 ) ;
#1416 = CARTESIAN_POINT ( 'NONE',  ( -10.00000000000047429, -44.99999999998776445, 15.00000000000000000 ) ) ;
#1417 = ORIENTED_EDGE ( 'NONE', *, *, #4036, .F. ) ;
#1418 = EDGE_CURVE ( 'NONE', #2869, #1276, #1046, .T. ) ;
#1419 = DIRECTION ( 'NONE',  ( -1.000000000000000000, 0.000000000000000000, 0.000000000000000000 ) ) ;
#1420 = DIRECTION ( 'NONE',  ( 0.000000000000000000, 0.000000000000000000, -1.000000000000000000 ) ) ;
#1421 = ORIENTED_EDGE ( 'NONE', *, *, #5248, .F. ) ;
#1422 = CARTESIAN_POINT ( 'NONE',  ( -54.99999999999995737, -32.40000000000001279, 21.69999999999999929 ) ) ;
#1423 = CIRCLE ( 'NONE', #5304, 3.000000000000002665 ) ;
#1424 = EDGE_LOOP ( 'NONE', ( #1847, #1169, #1043, #538 ) ) ;
#1425 = CARTESIAN_POINT ( 'NONE',  ( -118.3999999999999773, -64.99999999999998579, 25.00000000000000000 ) ) ;
#1426 = AXIS2_PLACEMENT_3D ( 'NONE', #4523, #3761, #4144 ) ;
#1427 = CIRCLE ( 'NONE', #3157, 2.500000000000002220 ) ;
#1428 = CARTESIAN_POINT ( 'NONE',  ( -55.41742430504410777, 26.85000000000070131, 18.00000000000000000 ) ) ;
#1429 = ORIENTED_EDGE ( 'NONE', *, *, #4739, .T. ) ;
#1430 = VECTOR ( 'NONE', #749, 1000.000000000000000 ) ;
#1431 = VECTOR ( 'NONE', #1539, 1000.000000000000000 ) ;
#1432 = EDGE_CURVE ( 'NONE', #5124, #2869, #2738, .T. ) ;
#1433 = VERTEX_POINT ( 'NONE', #711 ) ;
#1434 = LOCAL_TIME ( 14, 40, 30.00000000000000000, #3619 ) ;
#1435 = CIRCLE ( 'NONE', #2646, 4.999999999999997335 ) ;
#1436 = PLANE ( 'NONE',  #4975 ) ;
#1437 = CYLINDRICAL_SURFACE ( 'NONE', #3860, 5.000000000000004441 ) ;
#1438 = CARTESIAN_POINT ( 'NONE',  ( -9.999999999999953815, 5.000000000012239987, 25.00000000000000000 ) ) ;
#1439 = EDGE_LOOP ( 'NONE', ( #970, #5323, #3896, #5184 ) ) ;
#1440 = VECTOR ( 'NONE', #3690, 1000.000000000000000 ) ;
#1441 = ADVANCED_FACE ( 'NONE', ( #657 ), #2353, .F. ) ;
#1442 = DIRECTION ( 'NONE',  ( 1.000000000000000000, -0.000000000000000000, -0.000000000000000000 ) ) ;
#1443 = CARTESIAN_POINT ( 'NONE',  ( -54.99999999999995737, -32.40000000000001279, 25.00000000000000000 ) ) ;
#1444 = ORIENTED_EDGE ( 'NONE', *, *, #3298, .T. ) ;
#1445 = DIRECTION ( 'NONE',  ( -0.000000000000000000, 0.000000000000000000, -1.000000000000000000 ) ) ;
#1446 = ORIENTED_EDGE ( 'NONE', *, *, #996, .T. ) ;
#1447 = ORIENTED_EDGE ( 'NONE', *, *, #796, .T. ) ;
#1448 = DIRECTION ( 'NONE',  ( -0.000000000000000000, -0.000000000000000000, -1.000000000000000000 ) ) ;
#1449 = CARTESIAN_POINT ( 'NONE',  ( 103.4000000000000199, -75.00000000000000000, 15.00000000000000000 ) ) ;
#1450 = ORIENTED_EDGE ( 'NONE', *, *, #1083, .F. ) ;
#1451 = EDGE_CURVE ( 'NONE', #3194, #2836, #3922, .T. ) ;
#1452 = EDGE_CURVE ( 'NONE', #5109, #2431, #4932, .T. ) ;
#1453 = DIRECTION ( 'NONE',  ( 1.000000000000000000, -4.081702296416016366E-17, 0.000000000000000000 ) ) ;
#1454 = VERTEX_POINT ( 'NONE', #5196 ) ;
#1455 = DIRECTION ( 'NONE',  ( 2.040851148208008393E-15, 1.000000000000000000, 0.000000000000000000 ) ) ;
#1456 = CARTESIAN_POINT ( 'NONE',  ( -125.0000000000001990, 26.85000000000098552, 21.19999999999999929 ) ) ;
#1457 = VECTOR ( 'NONE', #1164, 1000.000000000000000 ) ;
#1458 = AXIS2_PLACEMENT_3D ( 'NONE', #615, #2257, #2689 ) ;
#1459 = DIRECTION ( 'NONE',  ( -0.000000000000000000, 0.000000000000000000, 1.000000000000000000 ) ) ;
#1460 = ORIENTED_EDGE ( 'NONE', *, *, #5052, .F. ) ;
#1461 = ORIENTED_EDGE ( 'NONE', *, *, #932, .T. ) ;
#1462 = CIRCLE ( 'NONE', #3357, 1.600000000000004086 ) ;
#1463 = CARTESIAN_POINT ( 'NONE',  ( 57.49999999999954525, -50.00000000000000000, 15.00000000000000000 ) ) ;
#1464 = CARTESIAN_POINT ( 'NONE',  ( 70.00000000000021316, 45.00000000001224265, 25.00000000000000000 ) ) ;
#1465 = CARTESIAN_POINT ( 'NONE',  ( -9.999999999999781508, 55.00000000001224265, 25.00000000000000000 ) ) ;
#1466 = CIRCLE ( 'NONE', #4496, 5.000000000000004441 ) ;
#1467 = EDGE_LOOP ( 'NONE', ( #2265, #4300, #4157, #2755 ) ) ;
#1468 = CARTESIAN_POINT ( 'NONE',  ( -54.99999999999995737, -31.90000000000001279, 21.69999999999999929 ) ) ;
#1469 = DIRECTION ( 'NONE',  ( 1.000000000000000000, 0.000000000000000000, 0.000000000000000000 ) ) ;
#1470 = CIRCLE ( 'NONE', #3632, 1.600000000000004086 ) ;
#1471 = EDGE_CURVE ( 'NONE', #3799, #754, #1491, .T. ) ;
#1472 = ORIENTED_EDGE ( 'NONE', *, *, #494, .F. ) ;
#1473 = CARTESIAN_POINT ( 'NONE',  ( 0.000000000000000000, 5.000000000012239987, 15.00000000000000000 ) ) ;
#1474 = VERTEX_POINT ( 'NONE', #2789 ) ;
#1475 = FACE_OUTER_BOUND ( 'NONE', #3835, .T. ) ;
#1476 = DIRECTION ( 'NONE',  ( 2.040851148208008393E-15, 1.000000000000000000, 0.000000000000000000 ) ) ;
#1477 = CIRCLE ( 'NONE', #3294, 5.000000000000004441 ) ;
#1478 = DIRECTION ( 'NONE',  ( -1.000000000000000000, 0.000000000000000000, 0.000000000000000000 ) ) ;
#1479 = ORIENTED_EDGE ( 'NONE', *, *, #5322, .T. ) ;
#1480 = FACE_OUTER_BOUND ( 'NONE', #1841, .T. ) ;
#1481 = EDGE_LOOP ( 'NONE', ( #4082, #89, #2912, #3232 ) ) ;
#1482 = FACE_OUTER_BOUND ( 'NONE', #5290, .T. ) ;
#1483 = CARTESIAN_POINT ( 'NONE',  ( -24.99999999999993960, 0.000000000000000000, 15.00000000000000000 ) ) ;
#1484 = ORIENTED_EDGE ( 'NONE', *, *, #1260, .T. ) ;
#1485 = CARTESIAN_POINT ( 'NONE',  ( -57.95115232507773584, -34.93372802003361954, 15.00000000000000000 ) ) ;
#1486 = ORIENTED_EDGE ( 'NONE', *, *, #3962, .F. ) ;
#1487 = EDGE_CURVE ( 'NONE', #4527, #4776, #736, .T. ) ;
#1488 = ORIENTED_EDGE ( 'NONE', *, *, #3894, .T. ) ;
#1489 = DIRECTION ( 'NONE',  ( 1.000000000000000000, 0.000000000000000000, 0.000000000000000000 ) ) ;
#1490 = DIRECTION ( 'NONE',  ( -0.000000000000000000, -0.000000000000000000, -1.000000000000000000 ) ) ;
#1491 = LINE ( 'NONE', #1096, #2593 ) ;
#1492 = DIRECTION ( 'NONE',  ( -0.000000000000000000, -0.000000000000000000, -1.000000000000000000 ) ) ;
#1493 = DIRECTION ( 'NONE',  ( 0.000000000000000000, 0.000000000000000000, -1.000000000000000000 ) ) ;
#1494 = VERTEX_POINT ( 'NONE', #1148 ) ;
#1495 = CARTESIAN_POINT ( 'NONE',  ( -104.9999999999999716, -75.00000000000000000, 25.00000000000000000 ) ) ;
#1496 = CARTESIAN_POINT ( 'NONE',  ( -54.99999999999995026, -21.01742430504416248, 20.00000000000000000 ) ) ;
#1497 = ORIENTED_EDGE ( 'NONE', *, *, #206, .F. ) ;
#1498 = FACE_OUTER_BOUND ( 'NONE', #1832, .T. ) ;
#1499 = LINE ( 'NONE', #4016, #3937 ) ;
#1500 = CYLINDRICAL_SURFACE ( 'NONE', #1012, 2.500000000000002220 ) ;
#1501 = ORIENTED_EDGE ( 'NONE', *, *, #4181, .T. ) ;
#1502 = CARTESIAN_POINT ( 'NONE',  ( -24.39999999999996305, 28.99999999999998934, 25.00000000000000000 ) ) ;
#1503 = ORIENTED_EDGE ( 'NONE', *, *, #2637, .F. ) ;
#1504 = CARTESIAN_POINT ( 'NONE',  ( -24.39999999999996305, 28.99999999999998934, 25.00000000000000000 ) ) ;
#1505 = DIRECTION ( 'NONE',  ( 0.000000000000000000, 0.000000000000000000, -1.000000000000000000 ) ) ;
#1506 = EDGE_CURVE ( 'NONE', #935, #3270, #3502, .T. ) ;
#1507 = EDGE_CURVE ( 'NONE', #1702, #1985, #701, .T. ) ;
#1508 = DIRECTION ( 'NONE',  ( 1.000000000000000000, 0.000000000000000000, 0.000000000000000000 ) ) ;
#1509 = VERTEX_POINT ( 'NONE', #4866 ) ;
#1510 = AXIS2_PLACEMENT_3D ( 'NONE', #1354, #599, #898 ) ;
#1511 = VECTOR ( 'NONE', #2035, 1000.000000000000000 ) ;
#1512 = EDGE_LOOP ( 'NONE', ( #870, #4705, #4533, #176 ) ) ;
#1513 = CIRCLE ( 'NONE', #491, 1.600000000000000755 ) ;
#1514 = CARTESIAN_POINT ( 'NONE',  ( -104.9999999999999716, 75.00000000000000000, 0.000000000000000000 ) ) ;
#1515 = AXIS2_PLACEMENT_3D ( 'NONE', #2488, #1230, #2847 ) ;
#1516 = EDGE_CURVE ( 'NONE', #775, #4717, #1819, .T. ) ;
#1517 = AXIS2_PLACEMENT_3D ( 'NONE', #4732, #1760, #931 ) ;
#1518 = VECTOR ( 'NONE', #2258, 1000.000000000000000 ) ;
#1519 = DIRECTION ( 'NONE',  ( -1.000000000000000000, 0.000000000000000000, 0.000000000000000000 ) ) ;
#1520 = DIRECTION ( 'NONE',  ( 1.000000000000000000, 0.000000000000000000, 0.000000000000000000 ) ) ;
#1521 = FACE_OUTER_BOUND ( 'NONE', #4240, .T. ) ;
#1522 = CARTESIAN_POINT ( 'NONE',  ( 115.0000000000000426, -26.10000000000000497, 24.50000000000000000 ) ) ;
#1523 = AXIS2_PLACEMENT_3D ( 'NONE', #5105, #4727, #1399 ) ;
#1524 = AXIS2_PLACEMENT_3D ( 'NONE', #4307, #165, #4279 ) ;
#1525 = ORIENTED_EDGE ( 'NONE', *, *, #4228, .F. ) ;
#1526 = AXIS2_PLACEMENT_3D ( 'NONE', #685, #4850, #349 ) ;
#1527 = CARTESIAN_POINT ( 'NONE',  ( 34.99999999999952394, -50.00000000000000000, 15.00000000000000000 ) ) ;
#1528 = CARTESIAN_POINT ( 'NONE',  ( -124.9999999999999432, -80.00000000000001421, 0.000000000000000000 ) ) ;
#1529 = ORIENTED_EDGE ( 'NONE', *, *, #4468, .F. ) ;
#1530 = VECTOR ( 'NONE', #739, 1000.000000000000000 ) ;
#1531 = FACE_OUTER_BOUND ( 'NONE', #42, .T. ) ;
#1532 = LINE ( 'NONE', #1076, #1858 ) ;
#1533 = CARTESIAN_POINT ( 'NONE',  ( 55.00000000000023448, 50.00000000000000000, 0.000000000000000000 ) ) ;
#1534 = ORIENTED_EDGE ( 'NONE', *, *, #298, .F. ) ;
#1535 = DATE_TIME_ROLE ( 'creation_date' ) ;
#1536 = CARTESIAN_POINT ( 'NONE',  ( -57.95115232507771452, -23.06627197996639467, 15.00000000000000000 ) ) ;
#1537 = ORIENTED_EDGE ( 'NONE', *, *, #1067, .T. ) ;
#1538 = ORIENTED_EDGE ( 'NONE', *, *, #3435, .T. ) ;
#1539 = DIRECTION ( 'NONE',  ( -0.000000000000000000, -0.000000000000000000, -1.000000000000000000 ) ) ;
#1540 = EDGE_CURVE ( 'NONE', #4478, #226, #4846, .T. ) ;
#1541 = CARTESIAN_POINT ( 'NONE',  ( -103.3999999999999631, 75.00000000000000000, 0.000000000000000000 ) ) ;
#1542 = ORIENTED_EDGE ( 'NONE', *, *, #3401, .F. ) ;
#1543 = AXIS2_PLACEMENT_3D ( 'NONE', #218, #5152, #1419 ) ;
#1544 = ORIENTED_EDGE ( 'NONE', *, *, #4212, .F. ) ;
#1545 = VECTOR ( 'NONE', #2632, 1000.000000000000000 ) ;
#1546 = CARTESIAN_POINT ( 'NONE',  ( -59.99999999999997158, 36.98257569495585528, 15.00000000000000000 ) ) ;
#1547 = DIRECTION ( 'NONE',  ( -1.000000000000000000, 0.000000000000000000, 0.000000000000000000 ) ) ;
#1548 = DIRECTION ( 'NONE',  ( -0.000000000000000000, 0.000000000000000000, -1.000000000000000000 ) ) ;
#1549 = DIRECTION ( 'NONE',  ( 1.020425574104003013E-15, -1.000000000000000000, 0.000000000000000000 ) ) ;
#1550 = VECTOR ( 'NONE', #855, 1000.000000000000000 ) ;
#1551 = CARTESIAN_POINT ( 'NONE',  ( -44.99999999999995737, 0.000000000000000000, 0.000000000000000000 ) ) ;
#1552 = ADVANCED_FACE ( 'NONE', ( #1480 ), #1910, .F. ) ;
#1553 = ORIENTED_EDGE ( 'NONE', *, *, #5135, .T. ) ;
#1554 = VECTOR ( 'NONE', #4767, 1000.000000000000000 ) ;
#1555 = DIRECTION ( 'NONE',  ( 0.000000000000000000, -0.000000000000000000, -1.000000000000000000 ) ) ;
#1556 = CARTESIAN_POINT ( 'NONE',  ( 19.99999999999952394, -44.99999999998776445, 0.000000000000000000 ) ) ;
#1557 = ORIENTED_EDGE ( 'NONE', *, *, #2194, .T. ) ;
#1558 = PLANE ( 'NONE',  #2924 ) ;
#1559 = CARTESIAN_POINT ( 'NONE',  ( -125.0000000000001990, 26.85000000000098552, 21.19999999999999929 ) ) ;
#1560 = LINE ( 'NONE', #4771, #4720 ) ;
#1561 = EDGE_CURVE ( 'NONE', #1225, #2745, #1162, .T. ) ;
#1562 = CIRCLE ( 'NONE', #283, 5.000000000000000888 ) ;
#1563 = ORIENTED_EDGE ( 'NONE', *, *, #1432, .F. ) ;
#1564 = PERSON_AND_ORGANIZATION_ROLE ( 'design_owner' ) ;
#1565 = CARTESIAN_POINT ( 'NONE',  ( -54.99999999999995737, -36.98257569495585528, 15.00000000000000000 ) ) ;
#1566 = VECTOR ( 'NONE', #3747, 1000.000000000000000 ) ;
#1567 = ORIENTED_EDGE ( 'NONE', *, *, #4345, .T. ) ;
#1568 = ORIENTED_EDGE ( 'NONE', *, *, #2263, .F. ) ;
#1569 = DIRECTION ( 'NONE',  ( 1.000000000000000000, 0.000000000000000000, 0.000000000000000000 ) ) ;
#1570 = CARTESIAN_POINT ( 'NONE',  ( -119.9999999999999858, 64.99999999999998579, 25.00000000000000000 ) ) ;
#1571 = VERTEX_POINT ( 'NONE', #725 ) ;
#1572 = EDGE_LOOP ( 'NONE', ( #1486, #4664 ) ) ;
#1573 = EDGE_CURVE ( 'NONE', #1494, #3965, #794, .T. ) ;
#1574 = CARTESIAN_POINT ( 'NONE',  ( 20.00000000000021672, 45.00000000001224265, 15.00000000000000000 ) ) ;
#1575 = CARTESIAN_POINT ( 'NONE',  ( 69.99999999999951683, -49.99999999998776445, 0.000000000000000000 ) ) ;
#1576 = CARTESIAN_POINT ( 'NONE',  ( -89.99999999999978684, 50.00000000001224265, 15.00000000000000000 ) ) ;
#1577 = CYLINDRICAL_SURFACE ( 'NONE', #4794, 4.999999999999997335 ) ;
#1578 = EDGE_CURVE ( 'NONE', #942, #5236, #2508, .T. ) ;
#1579 = ORIENTED_EDGE ( 'NONE', *, *, #5241, .F. ) ;
#1580 = DIRECTION ( 'NONE',  ( -1.000000000000000000, -4.081702296416016366E-17, -0.000000000000000000 ) ) ;
#1581 = EDGE_CURVE ( 'NONE', #1194, #3467, #112, .T. ) ;
#1582 = DIRECTION ( 'NONE',  ( -1.000000000000000000, 0.000000000000000000, 0.000000000000000000 ) ) ;
#1583 = ORIENTED_EDGE ( 'NONE', *, *, #1678, .F. ) ;
#1584 = LINE ( 'NONE', #3966, #3014 ) ;
#1585 = LINE ( 'NONE', #3994, #4814 ) ;
#1586 = DIRECTION ( 'NONE',  ( -0.000000000000000000, -0.000000000000000000, -1.000000000000000000 ) ) ;
#1587 = ORIENTED_EDGE ( 'NONE', *, *, #1673, .F. ) ;
#1588 = ORIENTED_EDGE ( 'NONE', *, *, #2263, .T. ) ;
#1589 = CALENDAR_DATE ( 2026, 15, 7 ) ;
#1590 = EDGE_CURVE ( 'NONE', #2276, #4317, #4775, .T. ) ;
#1591 = DIRECTION ( 'NONE',  ( -1.000000000000000000, -4.081702296416016366E-17, -0.000000000000000000 ) ) ;
#1592 = ORIENTED_EDGE ( 'NONE', *, *, #4857, .T. ) ;
#1593 = EDGE_LOOP ( 'NONE', ( #1024, #3645 ) ) ;
#1594 = CARTESIAN_POINT ( 'NONE',  ( 70.00000000000021316, 50.00000000001224265, 15.00000000000000000 ) ) ;
#1595 = EDGE_LOOP ( 'NONE', ( #1690, #4405 ) ) ;
#1596 = EDGE_LOOP ( 'NONE', ( #2553, #939, #3775, #1563 ) ) ;
#1597 = CIRCLE ( 'NONE', #4706, 1.600000000000004086 ) ;
#1598 = CYLINDRICAL_SURFACE ( 'NONE', #2469, 2.500000000000002220 ) ;
#1599 = LINE ( 'NONE', #2920, #4366 ) ;
#1600 = EDGE_CURVE ( 'NONE', #356, #2149, #3371, .T. ) ;
#1601 = VECTOR ( 'NONE', #2895, 1000.000000000000000 ) ;
#1602 = CARTESIAN_POINT ( 'NONE',  ( -27.39999999999996660, -28.99999999999998934, 3.000000000000000000 ) ) ;
#1603 = CARTESIAN_POINT ( 'NONE',  ( 100.0000000000002132, 45.00000000001224265, 0.000000000000000000 ) ) ;
#1604 = CIRCLE ( 'NONE', #3162, 5.000000000000000000 ) ;
#1605 = AXIS2_PLACEMENT_3D ( 'NONE', #4409, #4782, #1888 ) ;
#1606 = VECTOR ( 'NONE', #4044, 1000.000000000000000 ) ;
#1607 = AXIS2_PLACEMENT_3D ( 'NONE', #4522, #3254, #4909 ) ;
#1608 = CARTESIAN_POINT ( 'NONE',  ( -10.00000000000047429, -49.99999999998776445, 15.00000000000000000 ) ) ;
#1609 = DIRECTION ( 'NONE',  ( -0.000000000000000000, -0.000000000000000000, -1.000000000000000000 ) ) ;
#1610 = EDGE_CURVE ( 'NONE', #3270, #3342, #4161, .T. ) ;
#1611 = ORIENTED_EDGE ( 'NONE', *, *, #4135, .F. ) ;
#1612 = CARTESIAN_POINT ( 'NONE',  ( -119.9999999999999858, -64.99999999999998579, 25.00000000000000000 ) ) ;
#1613 = CYLINDRICAL_SURFACE ( 'NONE', #4625, 4.999999999999990230 ) ;
#1614 = AXIS2_PLACEMENT_3D ( 'NONE', #4785, #1946, #5276 ) ;
#1615 = LINE ( 'NONE', #1109, #3421 ) ;
#1616 = VERTEX_POINT ( 'NONE', #4342 ) ;
#1617 = EDGE_LOOP ( 'NONE', ( #2801, #4998, #4863, #4796, #135, #2051, #1136, #5190 ) ) ;
#1618 = COORDINATED_UNIVERSAL_TIME_OFFSET ( 8, 0, .AHEAD. ) ;
#1619 = DIRECTION ( 'NONE',  ( -0.000000000000000000, 0.000000000000000000, -1.000000000000000000 ) ) ;
#1620 = VERTEX_POINT ( 'NONE', #3564 ) ;
#1621 = FACE_OUTER_BOUND ( 'NONE', #2400, .T. ) ;
#1622 = AXIS2_PLACEMENT_3D ( 'NONE', #5065, #5115, #3440 ) ;
#1623 = DIRECTION ( 'NONE',  ( 0.000000000000000000, 0.000000000000000000, -1.000000000000000000 ) ) ;
#1624 = EDGE_CURVE ( 'NONE', #4728, #4527, #3636, .T. ) ;
#1625 = EDGE_CURVE ( 'NONE', #1876, #199, #1731, .T. ) ;
#1626 = EDGE_CURVE ( 'NONE', #3586, #3218, #2942, .T. ) ;
#1627 = EDGE_LOOP ( 'NONE', ( #2854, #2495, #3389, #1503, #193, #3824 ) ) ;
#1628 = ORIENTED_EDGE ( 'NONE', *, *, #4694, .T. ) ;
#1629 = EDGE_CURVE ( 'NONE', #4332, #2018, #3620, .T. ) ;
#1630 = DIRECTION ( 'NONE',  ( 1.000000000000000000, 0.000000000000000000, 0.000000000000000000 ) ) ;
#1631 = CARTESIAN_POINT ( 'NONE',  ( 105.0000000000000426, 28.99999999999999289, 25.00000000000000000 ) ) ;
#1632 = DIRECTION ( 'NONE',  ( -0.000000000000000000, 0.000000000000000000, -1.000000000000000000 ) ) ;
#1633 = VECTOR ( 'NONE', #466, 1000.000000000000000 ) ;
#1634 = DIRECTION ( 'NONE',  ( 1.000000000000000000, 0.000000000000000000, 0.000000000000000000 ) ) ;
#1635 = CARTESIAN_POINT ( 'NONE',  ( -89.99999999999978684, 55.00000000001224265, 15.00000000000000000 ) ) ;
#1636 = AXIS2_PLACEMENT_3D ( 'NONE', #3742, #2467, #1685 ) ;
#1637 = ORIENTED_EDGE ( 'NONE', *, *, #4876, .F. ) ;
#1638 = PLANE ( 'NONE',  #2410 ) ;
#1639 = CARTESIAN_POINT ( 'NONE',  ( 20.00000000000004619, 5.000000000012239987, 15.00000000000000000 ) ) ;
#1640 = DIRECTION ( 'NONE',  ( -1.000000000000000000, 0.000000000000000000, 0.000000000000000000 ) ) ;
#1641 = ADVANCED_FACE ( 'NONE', ( #3216 ), #2804, .F. ) ;
#1642 = CIRCLE ( 'NONE', #523, 1.600000000000004086 ) ;
#1643 = ORIENTED_EDGE ( 'NONE', *, *, #3803, .F. ) ;
#1644 = VERTEX_POINT ( 'NONE', #2694 ) ;
#1645 = DIRECTION ( 'NONE',  ( -1.000000000000000000, 0.000000000000000000, 0.000000000000000000 ) ) ;
#1646 = ORIENTED_EDGE ( 'NONE', *, *, #4499, .T. ) ;
#1647 = DIRECTION ( 'NONE',  ( -1.000000000000000000, 0.000000000000000000, 0.000000000000000000 ) ) ;
#1648 = VECTOR ( 'NONE', #2359, 1000.000000000000000 ) ;
#1649 = DIRECTION ( 'NONE',  ( 1.000000000000000000, 0.000000000000000000, 0.000000000000000000 ) ) ;
#1650 = VECTOR ( 'NONE', #264, 1000.000000000000000 ) ;
#1651 = ORIENTED_EDGE ( 'NONE', *, *, #1229, .F. ) ;
#1652 = EDGE_CURVE ( 'NONE', #1719, #3358, #642, .T. ) ;
#1653 = AXIS2_PLACEMENT_3D ( 'NONE', #969, #3855, #4670 ) ;
#1654 = ORIENTED_EDGE ( 'NONE', *, *, #4565, .T. ) ;
#1655 = CARTESIAN_POINT ( 'NONE',  ( -59.99999999999995026, -26.85000000000071907, 20.00000000000000000 ) ) ;
#1656 = EDGE_CURVE ( 'NONE', #536, #3869, #4238, .T. ) ;
#1657 = DIRECTION ( 'NONE',  ( 0.000000000000000000, -1.000000000000000000, 0.000000000000000000 ) ) ;
#1658 = CARTESIAN_POINT ( 'NONE',  ( 120.0000000000000284, 74.99999999999998579, 0.000000000000000000 ) ) ;
#1659 = CARTESIAN_POINT ( 'NONE',  ( -60.00000000000047606, -44.99999999998776445, 15.00000000000000000 ) ) ;
#1660 = CARTESIAN_POINT ( 'NONE',  ( -54.99999999999995026, 26.85000000000070131, 25.00000000000000000 ) ) ;
#1661 = ORIENTED_EDGE ( 'NONE', *, *, #4658, .F. ) ;
#1662 = CARTESIAN_POINT ( 'NONE',  ( 115.0000000000000568, -31.90000000000000568, 24.50000000000000000 ) ) ;
#1663 = CARTESIAN_POINT ( 'NONE',  ( 106.6000000000000369, 28.99999999999999289, 3.000000000000000000 ) ) ;
#1664 = DIRECTION ( 'NONE',  ( -0.000000000000000000, -0.000000000000000000, -1.000000000000000000 ) ) ;
#1665 = ORIENTED_EDGE ( 'NONE', *, *, #3257, .T. ) ;
#1666 = VERTEX_POINT ( 'NONE', #4588 ) ;
#1667 = CARTESIAN_POINT ( 'NONE',  ( 99.99999999999951683, -49.99999999998776445, 0.000000000000000000 ) ) ;
#1668 = ORIENTED_EDGE ( 'NONE', *, *, #1403, .F. ) ;
#1669 = CARTESIAN_POINT ( 'NONE',  ( -24.99999999999976907, 50.00000000000000000, 25.00000000000000000 ) ) ;
#1670 = CARTESIAN_POINT ( 'NONE',  ( -42.49999999999977973, 50.00000000000000000, 0.000000000000000000 ) ) ;
#1671 = ORIENTED_EDGE ( 'NONE', *, *, #4325, .F. ) ;
#1672 = DIRECTION ( 'NONE',  ( 0.000000000000000000, 0.000000000000000000, -1.000000000000000000 ) ) ;
#1673 = EDGE_CURVE ( 'NONE', #4237, #3517, #1243, .T. ) ;
#1674 = ORIENTED_EDGE ( 'NONE', *, *, #2137, .T. ) ;
#1675 = CARTESIAN_POINT ( 'NONE',  ( -59.99999999999977973, 50.00000000001224265, 0.000000000000000000 ) ) ;
#1676 = FACE_OUTER_BOUND ( 'NONE', #5214, .T. ) ;
#1677 = CYLINDRICAL_SURFACE ( 'NONE', #584, 2.500000000000002220 ) ;
#1678 = EDGE_CURVE ( 'NONE', #3972, #1415, #2884, .T. ) ;
#1679 = EDGE_CURVE ( 'NONE', #4703, #4784, #787, .T. ) ;
#1680 = ADVANCED_FACE ( 'NONE', ( #2911 ), #4922, .F. ) ;
#1681 = VECTOR ( 'NONE', #5278, 1000.000000000000000 ) ;
#1682 = CARTESIAN_POINT ( 'NONE',  ( 108.2000000000000455, -28.99999999999999289, 2.999999999999999112 ) ) ;
#1683 = CARTESIAN_POINT ( 'NONE',  ( 19.99999999999952394, -44.99999999998776445, 0.000000000000000000 ) ) ;
#1684 = EDGE_LOOP ( 'NONE', ( #703, #1525 ) ) ;
#1685 = DIRECTION ( 'NONE',  ( 0.000000000000000000, 1.000000000000000000, 0.000000000000000000 ) ) ;
#1686 = DIRECTION ( 'NONE',  ( -1.734723475976807094E-16, 1.000000000000000000, -0.000000000000000000 ) ) ;
#1687 = CARTESIAN_POINT ( 'NONE',  ( 106.6000000000000227, -75.00000000000000000, 25.00000000000000000 ) ) ;
#1688 = AXIS2_PLACEMENT_3D ( 'NONE', #1551, #5223, #1872 ) ;
#1689 = VECTOR ( 'NONE', #2347, 1000.000000000000000 ) ;
#1690 = ORIENTED_EDGE ( 'NONE', *, *, #1834, .T. ) ;
#1691 = EDGE_LOOP ( 'NONE', ( #3339, #1400, #220, #5303 ) ) ;
#1692 = CARTESIAN_POINT ( 'NONE',  ( 115.0000000000000426, 26.10000000000000497, 25.00000000000000000 ) ) ;
#1693 = AXIS2_PLACEMENT_3D ( 'NONE', #207, #579, #1817 ) ;
#1694 = AXIS2_PLACEMENT_3D ( 'NONE', #3830, #3044, #1852 ) ;
#1695 = ORIENTED_EDGE ( 'NONE', *, *, #558, .T. ) ;
#1696 = DIRECTION ( 'NONE',  ( -1.000000000000000000, 0.000000000000000000, 0.000000000000000000 ) ) ;
#1697 = DIRECTION ( 'NONE',  ( -0.000000000000000000, -0.000000000000000000, -1.000000000000000000 ) ) ;
#1698 = VECTOR ( 'NONE', #3073, 1000.000000000000000 ) ;
#1699 = CIRCLE ( 'NONE', #3512, 1.600000000000004086 ) ;
#1700 = DIRECTION ( 'NONE',  ( 1.000000000000000000, 0.000000000000000000, 0.000000000000000000 ) ) ;
#1701 = AXIS2_PLACEMENT_3D ( 'NONE', #1235, #401, #4983 ) ;
#1702 = VERTEX_POINT ( 'NONE', #1718 ) ;
#1703 = DIRECTION ( 'NONE',  ( -1.000000000000000000, 0.000000000000000000, 0.000000000000000000 ) ) ;
#1704 = VERTEX_POINT ( 'NONE', #464 ) ;
#1705 = ADVANCED_FACE ( 'NONE', ( #485 ), #3700, .F. ) ;
#1706 = DIRECTION ( 'NONE',  ( 0.000000000000000000, 0.000000000000000000, -1.000000000000000000 ) ) ;
#1707 = FACE_OUTER_BOUND ( 'NONE', #3340, .T. ) ;
#1708 = FACE_OUTER_BOUND ( 'NONE', #1351, .T. ) ;
#1709 = FACE_OUTER_BOUND ( 'NONE', #3388, .T. ) ;
#1710 = EDGE_LOOP ( 'NONE', ( #4148, #1078 ) ) ;
#1711 = EDGE_CURVE ( 'NONE', #334, #3812, #4755, .T. ) ;
#1712 = CARTESIAN_POINT ( 'NONE',  ( -9.999999999999953815, -4.999999999987760013, 0.000000000000000000 ) ) ;
#1713 = CYLINDRICAL_SURFACE ( 'NONE', #3072, 1.600000000000004086 ) ;
#1714 = DIRECTION ( 'NONE',  ( 0.000000000000000000, -0.000000000000000000, -1.000000000000000000 ) ) ;
#1715 = ORIENTED_EDGE ( 'NONE', *, *, #4291, .F. ) ;
#1716 = ORIENTED_EDGE ( 'NONE', *, *, #4754, .F. ) ;
#1717 = CIRCLE ( 'NONE', #3876, 4.999999999999997335 ) ;
#1718 = CARTESIAN_POINT ( 'NONE',  ( -60.00000000000047606, -54.99999999998775735, 15.00000000000000000 ) ) ;
#1719 = VERTEX_POINT ( 'NONE', #4130 ) ;
#1720 = EDGE_CURVE ( 'NONE', #170, #3565, #440, .T. ) ;
#1721 = DIRECTION ( 'NONE',  ( 1.000000000000000000, 0.000000000000000000, 0.000000000000000000 ) ) ;
#1722 = CARTESIAN_POINT ( 'NONE',  ( 0.000000000000000000, -26.10000000000000497, 25.00000000000000000 ) ) ;
#1723 = AXIS2_PLACEMENT_3D ( 'NONE', #545, #3347, #923 ) ;
#1724 = DIRECTION ( 'NONE',  ( 0.000000000000000000, -1.000000000000000000, 0.000000000000000000 ) ) ;
#1725 = CIRCLE ( 'NONE', #3976, 2.500000000000002220 ) ;
#1726 = EDGE_LOOP ( 'NONE', ( #4031, #4090, #1751, #4855 ) ) ;
#1727 = CARTESIAN_POINT ( 'NONE',  ( -59.99999999999995026, 21.01742430504416248, 15.00000000000000000 ) ) ;
#1728 = ORIENTED_EDGE ( 'NONE', *, *, #4163, .T. ) ;
#1729 = AXIS2_PLACEMENT_3D ( 'NONE', #2654, #4822, #4353 ) ;
#1730 = FACE_BOUND ( 'NONE', #2608, .T. ) ;
#1731 = CIRCLE ( 'NONE', #195, 4.999999999999997335 ) ;
#1732 = EDGE_CURVE ( 'NONE', #4703, #2535, #4076, .T. ) ;
#1733 = CARTESIAN_POINT ( 'NONE',  ( -24.39999999999996305, 28.99999999999998934, 3.000000000000000000 ) ) ;
#1734 = DIRECTION ( 'NONE',  ( 0.000000000000000000, 0.000000000000000000, -1.000000000000000000 ) ) ;
#1735 = LINE ( 'NONE', #3464, #5232 ) ;
#1736 = MANIFOLD_SOLID_BREP ( '\X2\52079664\X0\-\X2\62c94f38\X0\6', #4301 ) ;
#1737 = FACE_BOUND ( 'NONE', #4436, .T. ) ;
#1738 = CARTESIAN_POINT ( 'NONE',  ( 32.50000000000004263, 0.000000000000000000, 0.000000000000000000 ) ) ;
#1739 = VERTEX_POINT ( 'NONE', #2937 ) ;
#1740 = DIRECTION ( 'NONE',  ( -0.000000000000000000, 0.000000000000000000, 1.000000000000000000 ) ) ;
#1741 = EDGE_CURVE ( 'NONE', #5021, #4495, #886, .T. ) ;
#1742 = CARTESIAN_POINT ( 'NONE',  ( -55.41742430504412198, 32.40000000000070202, 18.00000000000000000 ) ) ;
#1743 = DIRECTION ( 'NONE',  ( -1.000000000000000000, 0.000000000000000000, 0.000000000000000000 ) ) ;
#1744 = EDGE_LOOP ( 'NONE', ( #1190, #1890, #1355, #3177 ) ) ;
#1745 = EDGE_CURVE ( 'NONE', #4261, #1768, #413, .T. ) ;
#1746 = ORIENTED_EDGE ( 'NONE', *, *, #3670, .F. ) ;
#1747 = FACE_OUTER_BOUND ( 'NONE', #4895, .T. ) ;
#1748 = ORIENTED_EDGE ( 'NONE', *, *, #3522, .F. ) ;
#1749 = CARTESIAN_POINT ( 'NONE',  ( -9.999999999999953815, -4.999999999987760013, 25.00000000000000000 ) ) ;
#1750 = FACE_OUTER_BOUND ( 'NONE', #2642, .T. ) ;
#1751 = ORIENTED_EDGE ( 'NONE', *, *, #3735, .T. ) ;
#1752 = EDGE_CURVE ( 'NONE', #2399, #1929, #1998, .T. ) ;
#1753 = DIRECTION ( 'NONE',  ( 1.000000000000000000, 0.000000000000000000, 0.000000000000000000 ) ) ;
#1754 = VERTEX_POINT ( 'NONE', #2049 ) ;
#1755 = CARTESIAN_POINT ( 'NONE',  ( 106.6000000000000369, -28.99999999999999289, 3.000000000000000000 ) ) ;
#1756 = VERTEX_POINT ( 'NONE', #37 ) ;
#1757 = CARTESIAN_POINT ( 'NONE',  ( 52.50000000000023448, 50.00000000000000000, 25.00000000000000000 ) ) ;
#1758 = VERTEX_POINT ( 'NONE', #4564 ) ;
#1759 = CARTESIAN_POINT ( 'NONE',  ( -45.00000000000047606, -50.00000000000000000, 0.000000000000000000 ) ) ;
#1760 = DIRECTION ( 'NONE',  ( 0.000000000000000000, 0.000000000000000000, -1.000000000000000000 ) ) ;
#1761 = DIRECTION ( 'NONE',  ( -0.000000000000000000, -0.000000000000000000, -1.000000000000000000 ) ) ;
#1762 = DIRECTION ( 'NONE',  ( 1.000000000000000000, 0.000000000000000000, 0.000000000000000000 ) ) ;
#1763 = ORIENTED_EDGE ( 'NONE', *, *, #1348, .F. ) ;
#1764 = CARTESIAN_POINT ( 'NONE',  ( -54.99999999999995737, -31.90000000000001279, 24.50000000000000000 ) ) ;
#1765 = DIRECTION ( 'NONE',  ( 0.000000000000000000, -0.000000000000000000, -1.000000000000000000 ) ) ;
#1766 = VERTEX_POINT ( 'NONE', #2525 ) ;
#1767 = EDGE_CURVE ( 'NONE', #4511, #2526, #2680, .T. ) ;
#1768 = VERTEX_POINT ( 'NONE', #4514 ) ;
#1769 = CARTESIAN_POINT ( 'NONE',  ( 106.6000000000000227, -75.00000000000000000, 15.00000000000000000 ) ) ;
#1770 = ORIENTED_EDGE ( 'NONE', *, *, #4816, .T. ) ;
#1771 = CYLINDRICAL_SURFACE ( 'NONE', #1208, 5.000000000000004441 ) ;
#1772 = CIRCLE ( 'NONE', #4272, 3.000000000000002665 ) ;
#1773 = CIRCLE ( 'NONE', #1262, 1.600000000000004086 ) ;
#1774 = CARTESIAN_POINT ( 'NONE',  ( 19.99999999999952394, -54.99999999998775735, 25.00000000000000000 ) ) ;
#1775 = ORIENTED_EDGE ( 'NONE', *, *, #2370, .F. ) ;
#1776 = VECTOR ( 'NONE', #2093, 1000.000000000000000 ) ;
#1778 = VECTOR ( 'NONE', #1697, 1000.000000000000000 ) ;
#1777 = DIRECTION ( 'NONE',  ( -1.000000000000000000, 0.000000000000000000, 0.000000000000000000 ) ) ;
#1779 = VERTEX_POINT ( 'NONE', #3341 ) ;
#1780 = CARTESIAN_POINT ( 'NONE',  ( -119.9999999999999432, -75.00000000000001421, 15.00000000000000000 ) ) ;
#1781 = EDGE_CURVE ( 'NONE', #2706, #985, #811, .T. ) ;
#1782 = AXIS2_PLACEMENT_3D ( 'NONE', #293, #1920, #4874 ) ;
#1783 = ORIENTED_EDGE ( 'NONE', *, *, #122, .T. ) ;
#1784 = AXIS2_PLACEMENT_3D ( 'NONE', #5234, #3995, #1932 ) ;
#1785 = AXIS2_PLACEMENT_3D ( 'NONE', #103, #1734, #3642 ) ;
#1786 = DIRECTION ( 'NONE',  ( -1.000000000000000000, 0.000000000000000000, 0.000000000000000000 ) ) ;
#1787 = EDGE_LOOP ( 'NONE', ( #2773, #4267, #3384, #1249 ) ) ;
#1788 = ADVANCED_FACE ( 'NONE', ( #4992 ), #1292, .F. ) ;
#1789 = CARTESIAN_POINT ( 'NONE',  ( 54.99999999999954525, -50.00000000000000000, 0.000000000000000000 ) ) ;
#1790 = ORIENTED_EDGE ( 'NONE', *, *, #1516, .T. ) ;
#1791 = VECTOR ( 'NONE', #1980, 1000.000000000000000 ) ;
#1792 = AXIS2_PLACEMENT_3D ( 'NONE', #706, #2348, #2784 ) ;
#1793 = CARTESIAN_POINT ( 'NONE',  ( -59.99999999999992184, 6.122553444624008928E-14, 15.00000000000000000 ) ) ;
#1794 = CARTESIAN_POINT ( 'NONE',  ( -54.99999999999995737, 32.40000000000001279, 21.69999999999999929 ) ) ;
#1795 = DIRECTION ( 'NONE',  ( -1.000000000000000000, 0.000000000000000000, 0.000000000000000000 ) ) ;
#1796 = EDGE_LOOP ( 'NONE', ( #2403, #1668, #3807, #1321 ) ) ;
#1797 = DIRECTION ( 'NONE',  ( -1.000000000000000000, 0.000000000000000000, 0.000000000000000000 ) ) ;
#1798 = PLANE ( 'NONE',  #3856 ) ;
#1799 = ORIENTED_EDGE ( 'NONE', *, *, #4316, .T. ) ;
#1800 = CYLINDRICAL_SURFACE ( 'NONE', #4815, 3.000000000000002665 ) ;
#1801 = CIRCLE ( 'NONE', #3092, 0.5000000000000004441 ) ;
#1802 = ORIENTED_EDGE ( 'NONE', *, *, #3002, .T. ) ;
#1803 = CARTESIAN_POINT ( 'NONE',  ( -59.99999999999995737, -4.999999999987760013, 0.000000000000000000 ) ) ;
#1804 = CARTESIAN_POINT ( 'NONE',  ( 1.302063032556709777E-15, -31.90000000000001279, 24.50000000000000000 ) ) ;
#1805 = EDGE_CURVE ( 'NONE', #3080, #1884, #2842, .T. ) ;
#1806 = CIRCLE ( 'NONE', #267, 4.999999999999990230 ) ;
#1807 = EDGE_LOOP ( 'NONE', ( #5226, #2241, #3532, #2928 ) ) ;
#1808 = DIRECTION ( 'NONE',  ( 0.000000000000000000, 0.000000000000000000, 1.000000000000000000 ) ) ;
#1809 = VERTEX_POINT ( 'NONE', #3293 ) ;
#1810 = DIRECTION ( 'NONE',  ( -0.000000000000000000, -0.000000000000000000, -1.000000000000000000 ) ) ;
#1811 = ORIENTED_EDGE ( 'NONE', *, *, #2752, .F. ) ;
#1812 = EDGE_CURVE ( 'NONE', #4138, #3346, #4255, .T. ) ;
#1813 = LINE ( 'NONE', #3433, #997 ) ;
#1814 = VERTEX_POINT ( 'NONE', #2200 ) ;
#1815 = AXIS2_PLACEMENT_3D ( 'NONE', #4021, #2366, #700 ) ;
#1816 = EDGE_LOOP ( 'NONE', ( #1989, #2769 ) ) ;
#1817 = DIRECTION ( 'NONE',  ( 0.000000000000000000, -0.000000000000000000, -1.000000000000000000 ) ) ;
#1818 = EDGE_CURVE ( 'NONE', #1934, #3319, #1477, .T. ) ;
#1819 = CIRCLE ( 'NONE', #1386, 0.5000000000000004441 ) ;
#1820 = FACE_BOUND ( 'NONE', #3640, .T. ) ;
#1821 = DIRECTION ( 'NONE',  ( -1.000000000000000000, 0.000000000000000000, 0.000000000000000000 ) ) ;
#1822 = ORIENTED_EDGE ( 'NONE', *, *, #3037, .T. ) ;
#1823 = FACE_OUTER_BOUND ( 'NONE', #3745, .T. ) ;
#1824 = CARTESIAN_POINT ( 'NONE',  ( 120.0000000000000711, 36.98257569495584818, 15.00000000000000000 ) ) ;
#1825 = VERTEX_POINT ( 'NONE', #588 ) ;
#1826 = DIRECTION ( 'NONE',  ( 0.000000000000000000, 0.000000000000000000, 1.000000000000000000 ) ) ;
#1827 = ORIENTED_EDGE ( 'NONE', *, *, #1818, .T. ) ;
#1828 = DIRECTION ( 'NONE',  ( -0.000000000000000000, -0.000000000000000000, -1.000000000000000000 ) ) ;
#1829 = CYLINDRICAL_SURFACE ( 'NONE', #751, 0.5000000000000004441 ) ;
#1830 = ORIENTED_EDGE ( 'NONE', *, *, #1573, .F. ) ;
#1831 = DIRECTION ( 'NONE',  ( -0.000000000000000000, -0.000000000000000000, -1.000000000000000000 ) ) ;
#1832 = EDGE_LOOP ( 'NONE', ( #2580, #5089, #4730, #69 ) ) ;
#1833 = CARTESIAN_POINT ( 'NONE',  ( 32.50000000000004263, 0.000000000000000000, 15.00000000000000000 ) ) ;
#1834 = EDGE_CURVE ( 'NONE', #3748, #1944, #2247, .T. ) ;
#1835 = LINE ( 'NONE', #1757, #4793 ) ;
#1836 = ORIENTED_EDGE ( 'NONE', *, *, #2412, .T. ) ;
#1837 = ORIENTED_EDGE ( 'NONE', *, *, #4688, .F. ) ;
#1838 = FACE_OUTER_BOUND ( 'NONE', #71, .T. ) ;
#1839 = CARTESIAN_POINT ( 'NONE',  ( -9.999999999999781508, 50.00000000001224265, 15.00000000000000000 ) ) ;
#1840 = DIRECTION ( 'NONE',  ( 1.000000000000000000, -4.081702296416016366E-17, 0.000000000000000000 ) ) ;
#1841 = EDGE_LOOP ( 'NONE', ( #582, #817, #2995, #1461 ) ) ;
#1842 = CARTESIAN_POINT ( 'NONE',  ( -10.00000000000047429, -54.99999999998775735, 0.000000000000000000 ) ) ;
#1843 = CARTESIAN_POINT ( 'NONE',  ( -25.00000000000045830, -50.00000000000000000, 0.000000000000000000 ) ) ;
#1844 = EDGE_CURVE ( 'NONE', #2009, #1898, #2597, .T. ) ;
#1845 = ADVANCED_FACE ( 'NONE', ( #1022 ), #1316, .T. ) ;
#1846 = ADVANCED_FACE ( 'NONE', ( #5075 ), #2148, .F. ) ;
#1847 = ORIENTED_EDGE ( 'NONE', *, *, #2691, .F. ) ;
#1848 = CARTESIAN_POINT ( 'NONE',  ( -21.39999999999995950, -28.99999999999998934, 3.000000000000000000 ) ) ;
#1849 = EDGE_LOOP ( 'NONE', ( #1715, #3065, #352, #3918 ) ) ;
#1850 = VERTEX_POINT ( 'NONE', #1369 ) ;
#1851 = DIRECTION ( 'NONE',  ( -1.000000000000000000, 4.163336342344333082E-15, 0.000000000000000000 ) ) ;
#1852 = DIRECTION ( 'NONE',  ( -1.000000000000000000, 0.000000000000000000, 0.000000000000000000 ) ) ;
#1853 = EDGE_LOOP ( 'NONE', ( #3024, #345, #35, #2991 ) ) ;
#1854 = DIRECTION ( 'NONE',  ( -1.000000000000000000, 0.000000000000000000, 0.000000000000000000 ) ) ;
#1855 = ORIENTED_EDGE ( 'NONE', *, *, #4781, .F. ) ;
#1856 = DIRECTION ( 'NONE',  ( -0.000000000000000000, -0.000000000000000000, -1.000000000000000000 ) ) ;
#1857 = CC_DESIGN_DATE_AND_TIME_ASSIGNMENT ( #3699, #2020, ( #495 ) ) ;
#1858 = VECTOR ( 'NONE', #1904, 1000.000000000000000 ) ;
#1859 = AXIS2_PLACEMENT_3D ( 'NONE', #3161, #391, #3190 ) ;
#1860 = PLANE ( 'NONE',  #907 ) ;
#1861 = ORIENTED_EDGE ( 'NONE', *, *, #4433, .T. ) ;
#1862 = AXIS2_PLACEMENT_3D ( 'NONE', #920, #2531, #1753 ) ;
#1863 = CIRCLE ( 'NONE', #4901, 3.000000000000002665 ) ;
#1864 = ORIENTED_EDGE ( 'NONE', *, *, #1711, .T. ) ;
#1865 = EDGE_CURVE ( 'NONE', #4131, #273, #192, .T. ) ;
#1866 = CIRCLE ( 'NONE', #4903, 0.5000000000000004441 ) ;
#1867 = LINE ( 'NONE', #3519, #918 ) ;
#1868 = CARTESIAN_POINT ( 'NONE',  ( 20.00000000000021672, 50.00000000001224265, 0.000000000000000000 ) ) ;
#1869 = ORIENTED_EDGE ( 'NONE', *, *, #3126, .F. ) ;
#1870 = AXIS2_PLACEMENT_3D ( 'NONE', #3906, #1394, #215 ) ;
#1871 = CARTESIAN_POINT ( 'NONE',  ( 106.6000000000000369, 28.99999999999999289, 25.00000000000000000 ) ) ;
#1872 = DIRECTION ( 'NONE',  ( -1.000000000000000000, 0.000000000000000000, 0.000000000000000000 ) ) ;
#1873 = ORIENTED_EDGE ( 'NONE', *, *, #989, .F. ) ;
#1874 = EDGE_CURVE ( 'NONE', #536, #3965, #5123, .T. ) ;
#1875 = DIRECTION ( 'NONE',  ( -0.000000000000000000, -0.000000000000000000, -1.000000000000000000 ) ) ;
#1876 = VERTEX_POINT ( 'NONE', #1416 ) ;
#1877 = CARTESIAN_POINT ( 'NONE',  ( 70.00000000000004263, 1.224020884649235086E-11, 25.00000000000000000 ) ) ;
#1878 = PLANE ( 'NONE',  #3679 ) ;
#1879 = CARTESIAN_POINT ( 'NONE',  ( 125.0000000000000284, 74.99999999999998579, 15.00000000000000000 ) ) ;
#1880 = ORIENTED_EDGE ( 'NONE', *, *, #2967, .T. ) ;
#1881 = CARTESIAN_POINT ( 'NONE',  ( 103.6000000000000369, -28.99999999999999289, 3.000000000000000000 ) ) ;
#1882 = ADVANCED_FACE ( 'NONE', ( #1747 ), #1800, .F. ) ;
#1883 = DIRECTION ( 'NONE',  ( 0.000000000000000000, 0.000000000000000000, -1.000000000000000000 ) ) ;
#1884 = VERTEX_POINT ( 'NONE', #5043 ) ;
#1885 = DIRECTION ( 'NONE',  ( -0.000000000000000000, 0.000000000000000000, 1.000000000000000000 ) ) ;
#1886 = DIRECTION ( 'NONE',  ( 1.000000000000000000, 0.000000000000000000, 0.000000000000000000 ) ) ;
#1887 = AXIS2_PLACEMENT_3D ( 'NONE', #5318, #4431, #4868 ) ;
#1888 = DIRECTION ( 'NONE',  ( -1.000000000000000000, 0.000000000000000000, 0.000000000000000000 ) ) ;
#1889 = EDGE_LOOP ( 'NONE', ( #2075, #2649 ) ) ;
#1890 = ORIENTED_EDGE ( 'NONE', *, *, #790, .F. ) ;
#1891 = VECTOR ( 'NONE', #4296, 1000.000000000000000 ) ;
#1892 = DIRECTION ( 'NONE',  ( 1.000000000000000000, 0.000000000000000000, 0.000000000000000000 ) ) ;
#1893 = LINE ( 'NONE', #1921, #78 ) ;
#1894 = DIRECTION ( 'NONE',  ( -4.081702296416016786E-15, -1.000000000000000000, -0.000000000000000000 ) ) ;
#1895 = LINE ( 'NONE', #2707, #4018 ) ;
#1896 = LINE ( 'NONE', #4824, #3588 ) ;
#1897 = AXIS2_PLACEMENT_3D ( 'NONE', #4304, #605, #2249 ) ;
#1898 = VERTEX_POINT ( 'NONE', #4642 ) ;
#1899 = DIRECTION ( 'NONE',  ( -1.000000000000000000, 0.000000000000000000, 0.000000000000000000 ) ) ;
#1900 = DIRECTION ( 'NONE',  ( 1.000000000000000000, 1.387778780781446464E-15, 0.000000000000000000 ) ) ;
#1901 = EDGE_CURVE ( 'NONE', #1704, #1289, #4032, .T. ) ;
#1902 = VERTEX_POINT ( 'NONE', #2254 ) ;
#1903 = CYLINDRICAL_SURFACE ( 'NONE', #520, 5.000000000000000888 ) ;
#1904 = DIRECTION ( 'NONE',  ( -0.000000000000000000, -0.000000000000000000, -1.000000000000000000 ) ) ;
#1905 = AXIS2_PLACEMENT_3D ( 'NONE', #2754, #3997, #2398 ) ;
#1906 = DIRECTION ( 'NONE',  ( 1.000000000000000000, 0.000000000000000000, 0.000000000000000000 ) ) ;
#1907 = EDGE_CURVE ( 'NONE', #217, #768, #249, .T. ) ;
#1908 = ORIENTED_EDGE ( 'NONE', *, *, #3470, .T. ) ;
#1909 = DIRECTION ( 'NONE',  ( -0.000000000000000000, -0.000000000000000000, -1.000000000000000000 ) ) ;
#1910 = PLANE ( 'NONE',  #4843 ) ;
#1911 = ORIENTED_EDGE ( 'NONE', *, *, #2329, .T. ) ;
#1912 = LINE ( 'NONE', #1473, #1554 ) ;
#1913 = DIRECTION ( 'NONE',  ( -0.000000000000000000, 0.000000000000000000, 1.000000000000000000 ) ) ;
#1914 = EDGE_CURVE ( 'NONE', #3348, #5127, #3365, .T. ) ;
#1915 = EDGE_CURVE ( 'NONE', #5229, #2057, #1273, .T. ) ;
#1916 =( BOUNDED_CURVE ( )  B_SPLINE_CURVE ( 3, ( #2794, #4012, #4394, #353 ),
 .UNSPECIFIED., .F., .F. ) 
 B_SPLINE_CURVE_WITH_KNOTS ( ( 4, 4 ),
 ( 4.712388980384689674, 5.871668461112098392 ),
 .UNSPECIFIED. ) 
 CURVE ( )  GEOMETRIC_REPRESENTATION_ITEM ( )  RATIONAL_B_SPLINE_CURVE ( ( 1.000000000000000000, 0.8911066843560503381, 0.8911066843560503381, 1.000000000000000000 ) ) 
 REPRESENTATION_ITEM ( '' )  );
#1917 = FACE_BOUND ( 'NONE', #4320, .T. ) ;
#1918 = ORIENTED_EDGE ( 'NONE', *, *, #3394, .T. ) ;
#1919 = VERTEX_POINT ( 'NONE', #941 ) ;
#1920 = DIRECTION ( 'NONE',  ( 0.000000000000000000, -0.000000000000000000, 1.000000000000000000 ) ) ;
#1921 = CARTESIAN_POINT ( 'NONE',  ( 99.99999999999951683, -54.99999999998775735, 0.000000000000000000 ) ) ;
#1922 = DIRECTION ( 'NONE',  ( -0.000000000000000000, -0.000000000000000000, 1.000000000000000000 ) ) ;
#1923 = FACE_OUTER_BOUND ( 'NONE', #5213, .T. ) ;
#1924 = CARTESIAN_POINT ( 'NONE',  ( -24.39999999999996305, -28.99999999999998934, 3.000000000000000000 ) ) ;
#1925 = CC_DESIGN_PERSON_AND_ORGANIZATION_ASSIGNMENT ( #5291, #387, ( #495 ) ) ;
#1926 = ORIENTED_EDGE ( 'NONE', *, *, #4154, .T. ) ;
#1927 = DIRECTION ( 'NONE',  ( -1.000000000000000000, 0.000000000000000000, 0.000000000000000000 ) ) ;
#1928 = CARTESIAN_POINT ( 'NONE',  ( 70.00000000000004263, 1.224020884649235086E-11, 0.000000000000000000 ) ) ;
#1929 = VERTEX_POINT ( 'NONE', #3827 ) ;
#1930 = CARTESIAN_POINT ( 'NONE',  ( -125.0000000000001990, 26.85000000000098552, 18.00000000000000000 ) ) ;
#1931 = LINE ( 'NONE', #1991, #654 ) ;
#1932 = DIRECTION ( 'NONE',  ( -1.000000000000000000, 0.000000000000000000, 0.000000000000000000 ) ) ;
#1933 = EDGE_CURVE ( 'NONE', #1719, #492, #4470, .T. ) ;
#1934 = VERTEX_POINT ( 'NONE', #2175 ) ;
#1935 = SECURITY_CLASSIFICATION_LEVEL ( 'unclassified' ) ;
#1936 = CARTESIAN_POINT ( 'NONE',  ( 106.6000000000000227, 75.00000000000000000, 25.00000000000000000 ) ) ;
#1937 = ORIENTED_EDGE ( 'NONE', *, *, #4714, .T. ) ;
#1938 = ORIENTED_EDGE ( 'NONE', *, *, #4080, .T. ) ;
#1939 = DIRECTION ( 'NONE',  ( -1.000000000000000000, 0.000000000000000000, 0.000000000000000000 ) ) ;
#1940 = CIRCLE ( 'NONE', #2282, 4.999999999999997335 ) ;
#1941 = FACE_BOUND ( 'NONE', #1572, .T. ) ;
#1942 = ORIENTED_EDGE ( 'NONE', *, *, #2412, .F. ) ;
#1943 = CIRCLE ( 'NONE', #4106, 2.500000000000002220 ) ;
#1944 = VERTEX_POINT ( 'NONE', #1769 ) ;
#1945 = AXIS2_PLACEMENT_3D ( 'NONE', #2435, #453, #3281 ) ;
#1946 = DIRECTION ( 'NONE',  ( 0.000000000000000000, 0.000000000000000000, -1.000000000000000000 ) ) ;
#1947 = AXIS2_PLACEMENT_3D ( 'NONE', #3544, #1459, #1508 ) ;
#1948 = CIRCLE ( 'NONE', #4803, 3.000000000000002665 ) ;
#1949 = VECTOR ( 'NONE', #3750, 1000.000000000000000 ) ;
#1950 = DIRECTION ( 'NONE',  ( -4.081702296416016786E-15, 1.000000000000000000, 0.000000000000000000 ) ) ;
#1951 = DIRECTION ( 'NONE',  ( 1.000000000000000000, 0.000000000000000000, 0.000000000000000000 ) ) ;
#1952 = ADVANCED_FACE ( 'NONE', ( #3419 ), #2899, .F. ) ;
#1953 = CARTESIAN_POINT ( 'NONE',  ( -104.9999999999999716, -75.00000000000000000, 0.000000000000000000 ) ) ;
#1954 = PLANE ( 'NONE',  #1089 ) ;
#1955 = CIRCLE ( 'NONE', #5143, 5.000000000000004441 ) ;
#1956 = AXIS2_PLACEMENT_3D ( 'NONE', #2115, #5015, #437 ) ;
#1957 = EDGE_LOOP ( 'NONE', ( #483, #613, #4282, #2614 ) ) ;
#1958 = AXIS2_PLACEMENT_3D ( 'NONE', #5093, #1761, #4632 ) ;
#1959 = CARTESIAN_POINT ( 'NONE',  ( 106.6000000000000369, -28.99999999999999289, 3.000000000000000000 ) ) ;
#1960 = FACE_OUTER_BOUND ( 'NONE', #1617, .T. ) ;
#1961 = VERTEX_POINT ( 'NONE', #29 ) ;
#1962 = CARTESIAN_POINT ( 'NONE',  ( -121.5999999999999801, 64.99999999999998579, 0.000000000000000000 ) ) ;
#1963 = CARTESIAN_POINT ( 'NONE',  ( -42.49999999999995737, 3.061616997868386099E-16, 15.00000000000000000 ) ) ;
#1964 = CARTESIAN_POINT ( 'NONE',  ( 32.50000000000021316, 50.00000000000000000, 0.000000000000000000 ) ) ;
#1965 = AXIS2_PLACEMENT_3D ( 'NONE', #1570, #257, #4003 ) ;
#1966 = EDGE_LOOP ( 'NONE', ( #4458, #4057, #2606, #635 ) ) ;
#1967 = SHAPE_DEFINITION_REPRESENTATION ( #3040, #767 ) ;
#1968 = CARTESIAN_POINT ( 'NONE',  ( -55.13914143501467180, -25.60000000000000497, 18.00000000000000000 ) ) ;
#1969 = ORIENTED_EDGE ( 'NONE', *, *, #4524, .F. ) ;
#1970 = VERTEX_POINT ( 'NONE', #455 ) ;
#1971 = EDGE_CURVE ( 'NONE', #4327, #2367, #4601, .T. ) ;
#1972 = CARTESIAN_POINT ( 'NONE',  ( 19.99999999999952394, -49.99999999998776445, 0.000000000000000000 ) ) ;
#1973 = CARTESIAN_POINT ( 'NONE',  ( 115.0000000000000568, -32.40000000000000568, 25.00000000000000000 ) ) ;
#1974 = ORIENTED_EDGE ( 'NONE', *, *, #298, .T. ) ;
#1975 = ADVANCED_FACE ( 'NONE', ( #1281 ), #2516, .F. ) ;
#1976 = ORIENTED_EDGE ( 'NONE', *, *, #3605, .T. ) ;
#1977 = EDGE_CURVE ( 'NONE', #2177, #365, #1254, .T. ) ;
#1978 = CIRCLE ( 'NONE', #4737, 2.500000000000002220 ) ;
#1979 = DIRECTION ( 'NONE',  ( -1.000000000000000000, 0.000000000000000000, 0.000000000000000000 ) ) ;
#1980 = DIRECTION ( 'NONE',  ( -0.000000000000000000, -0.000000000000000000, -1.000000000000000000 ) ) ;
#1981 = CARTESIAN_POINT ( 'NONE',  ( 120.0000000000000000, -2.449021377849610134E-13, 15.00000000000000000 ) ) ;
#1982 = AXIS2_PLACEMENT_3D ( 'NONE', #109, #1740, #1257 ) ;
#1983 = CARTESIAN_POINT ( 'NONE',  ( 20.00000000000021672, 55.00000000001224265, 15.00000000000000000 ) ) ;
#1984 = ADVANCED_FACE ( 'NONE', ( #4911 ), #4555, .F. ) ;
#1985 = VERTEX_POINT ( 'NONE', #1659 ) ;
#1986 = VECTOR ( 'NONE', #4829, 1000.000000000000000 ) ;
#1987 = CARTESIAN_POINT ( 'NONE',  ( 100.0000000000000426, -4.999999999987760013, 15.00000000000000000 ) ) ;
#1988 = LINE ( 'NONE', #2900, #957 ) ;
#1989 = ORIENTED_EDGE ( 'NONE', *, *, #2226, .F. ) ;
#1990 = CARTESIAN_POINT ( 'NONE',  ( 20.00000000000021672, 45.00000000001224265, 25.00000000000000000 ) ) ;
#1991 = CARTESIAN_POINT ( 'NONE',  ( 115.0000000000000568, 32.40000000000000568, 20.00000000000000000 ) ) ;
#1992 = DIRECTION ( 'NONE',  ( -1.000000000000000000, 0.000000000000000000, 0.000000000000000000 ) ) ;
#1993 = AXIS2_PLACEMENT_3D ( 'NONE', #1868, #1548, #3901 ) ;
#1994 = ORIENTED_EDGE ( 'NONE', *, *, #3280, .T. ) ;
#1995 = ORIENTED_EDGE ( 'NONE', *, *, #531, .T. ) ;
#1996 = PERSON_AND_ORGANIZATION ( #3217, #1011 ) ;
#1997 = CARTESIAN_POINT ( 'NONE',  ( 69.99999999999951683, -49.99999999998776445, 25.00000000000000000 ) ) ;
#1998 = CIRCLE ( 'NONE', #4935, 2.500000000000002220 ) ;
#1999 = ORIENTED_EDGE ( 'NONE', *, *, #522, .T. ) ;
#2000 = DIRECTION ( 'NONE',  ( -0.000000000000000000, -0.000000000000000000, 1.000000000000000000 ) ) ;
#2001 = DIRECTION ( 'NONE',  ( 0.000000000000000000, 0.000000000000000000, -1.000000000000000000 ) ) ;
#2002 = ORIENTED_EDGE ( 'NONE', *, *, #4498, .F. ) ;
#2003 = ORIENTED_EDGE ( 'NONE', *, *, #3036, .T. ) ;
#2004 = EDGE_CURVE ( 'NONE', #1919, #1332, #477, .T. ) ;
#2005 = FACE_OUTER_BOUND ( 'NONE', #292, .T. ) ;
#2006 = CARTESIAN_POINT ( 'NONE',  ( 115.4174243050442357, -32.40000000000000568, 18.00000000000000000 ) ) ;
#2007 = CARTESIAN_POINT ( 'NONE',  ( -55.41742430504412198, 31.15000000000069846, 18.00000000000000000 ) ) ;
#2008 = FACE_OUTER_BOUND ( 'NONE', #924, .T. ) ;
#2009 = VERTEX_POINT ( 'NONE', #431 ) ;
#2010 = DIRECTION ( 'NONE',  ( -1.000000000000000000, 0.000000000000000000, 0.000000000000000000 ) ) ;
#2011 = DIRECTION ( 'NONE',  ( 0.000000000000000000, -0.000000000000000000, 1.000000000000000000 ) ) ;
#2012 = ORIENTED_EDGE ( 'NONE', *, *, #4854, .T. ) ;
#2013 = ADVANCED_FACE ( 'NONE', ( #1307 ), #4122, .F. ) ;
#2014 = CARTESIAN_POINT ( 'NONE',  ( -54.99999999999995737, 36.98257569495585528, 20.00000000000000000 ) ) ;
#2015 = DIRECTION ( 'NONE',  ( -1.000000000000000000, 0.000000000000000000, -0.000000000000000000 ) ) ;
#2016 = EDGE_CURVE ( 'NONE', #5050, #2579, #2438, .T. ) ;
#2017 = DIRECTION ( 'NONE',  ( -0.000000000000000000, -0.000000000000000000, -1.000000000000000000 ) ) ;
#2018 = VERTEX_POINT ( 'NONE', #2852 ) ;
#2019 = VERTEX_POINT ( 'NONE', #3790 ) ;
#2020 = DATE_TIME_ROLE ( 'classification_date' ) ;
#2021 = CARTESIAN_POINT ( 'NONE',  ( -59.99999999999977973, 55.00000000001224265, 25.00000000000000000 ) ) ;
#2022 = ORIENTED_EDGE ( 'NONE', *, *, #280, .T. ) ;
#2023 = EDGE_CURVE ( 'NONE', #4634, #4309, #2925, .T. ) ;
#2024 = ORIENTED_EDGE ( 'NONE', *, *, #2870, .F. ) ;
#2025 = DIRECTION ( 'NONE',  ( -1.000000000000000000, 0.000000000000000000, 0.000000000000000000 ) ) ;
#2026 = ORIENTED_EDGE ( 'NONE', *, *, #141, .F. ) ;
#2027 = ORIENTED_EDGE ( 'NONE', *, *, #4951, .F. ) ;
#2028 = VECTOR ( 'NONE', #4440, 1000.000000000000000 ) ;
#2029 = FACE_OUTER_BOUND ( 'NONE', #1512, .T. ) ;
#2030 = CARTESIAN_POINT ( 'NONE',  ( -59.99999999999995026, 26.85000000000071907, 20.00000000000000000 ) ) ;
#2031 = VECTOR ( 'NONE', #398, 1000.000000000000000 ) ;
#2032 = AXIS2_PLACEMENT_3D ( 'NONE', #3711, #4574, #1657 ) ;
#2033 = EDGE_CURVE ( 'NONE', #3837, #5236, #2063, .T. ) ;
#2034 = DIRECTION ( 'NONE',  ( 0.000000000000000000, 1.000000000000000000, -0.000000000000000000 ) ) ;
#2035 = DIRECTION ( 'NONE',  ( -0.000000000000000000, -0.000000000000000000, -1.000000000000000000 ) ) ;
#2036 = AXIS2_PLACEMENT_3D ( 'NONE', #4289, #2665, #4315 ) ;
#2037 = CARTESIAN_POINT ( 'NONE',  ( 120.0000000000000568, -64.99999999999998579, 15.00000000000000000 ) ) ;
#2038 = CARTESIAN_POINT ( 'NONE',  ( -59.99999999999997158, 36.98257569495585528, 15.00000000000000000 ) ) ;
#2039 = ORIENTED_EDGE ( 'NONE', *, *, #4694, .F. ) ;
#2040 = CARTESIAN_POINT ( 'NONE',  ( 115.0000000000000995, -26.10000000000000497, 21.19999999999999929 ) ) ;
#2041 = LINE ( 'NONE', #3360, #1094 ) ;
#2042 = CIRCLE ( 'NONE', #662, 5.000000000000004441 ) ;
#2043 = VECTOR ( 'NONE', #1414, 1000.000000000000000 ) ;
#2044 = CARTESIAN_POINT ( 'NONE',  ( 115.4174243050442215, 25.60000000000000142, 18.00000000000000000 ) ) ;
#2045 = VERTEX_POINT ( 'NONE', #3766 ) ;
#2046 = ADVANCED_FACE ( 'NONE', ( #1708 ), #2089, .F. ) ;
#2047 = ORIENTED_EDGE ( 'NONE', *, *, #1213, .T. ) ;
#2048 = CIRCLE ( 'NONE', #424, 2.500000000000002220 ) ;
#2049 = CARTESIAN_POINT ( 'NONE',  ( 103.6000000000000369, -28.99999999999999289, 3.000000000000000000 ) ) ;
#2050 = EDGE_LOOP ( 'NONE', ( #446, #4108, #1937, #4516 ) ) ;
#2051 = ORIENTED_EDGE ( 'NONE', *, *, #3002, .F. ) ;
#2052 = AXIS2_PLACEMENT_3D ( 'NONE', #3225, #3921, #710 ) ;
#2053 = CARTESIAN_POINT ( 'NONE',  ( -119.9999999999999858, -64.99999999999998579, 0.000000000000000000 ) ) ;
#2054 = EDGE_LOOP ( 'NONE', ( #3992, #1241 ) ) ;
#2055 = EDGE_CURVE ( 'NONE', #3946, #3319, #81, .T. ) ;
#2056 = ORIENTED_EDGE ( 'NONE', *, *, #4331, .F. ) ;
#2057 = VERTEX_POINT ( 'NONE', #1682 ) ;
#2058 = DIRECTION ( 'NONE',  ( 0.000000000000000000, 1.000000000000000000, -0.000000000000000000 ) ) ;
#2059 = CARTESIAN_POINT ( 'NONE',  ( -104.9999999999999716, -75.00000000000000000, 15.00000000000000000 ) ) ;
#2060 = CARTESIAN_POINT ( 'NONE',  ( -59.99999999999977973, 45.00000000001224265, 25.00000000000000000 ) ) ;
#2061 = VECTOR ( 'NONE', #4590, 1000.000000000000000 ) ;
#2062 = APPROVAL ( #4048, '未' ) ;
#2063 = LINE ( 'NONE', #901, #3169 ) ;
#2064 = CARTESIAN_POINT ( 'NONE',  ( 69.99999999999951683, -54.99999999998775735, 0.000000000000000000 ) ) ;
#2065 = AXIS2_PLACEMENT_3D ( 'NONE', #2014, #806, #748 ) ;
#2066 = EDGE_LOOP ( 'NONE', ( #3953, #4919, #1216, #4004, #542 ) ) ;
#2067 = CARTESIAN_POINT ( 'NONE',  ( -89.99999999999995737, -4.999999999987760013, 25.00000000000000000 ) ) ;
#2068 = DIRECTION ( 'NONE',  ( 0.000000000000000000, -0.000000000000000000, 1.000000000000000000 ) ) ;
#2069 = LINE ( 'NONE', #3721, #663 ) ;
#2070 = CIRCLE ( 'NONE', #444, 1.600000000000004086 ) ;
#2071 = ORIENTED_EDGE ( 'NONE', *, *, #699, .F. ) ;
#2072 = ADVANCED_FACE ( 'NONE', ( #3332 ), #3284, .F. ) ;
#2073 = ORIENTED_EDGE ( 'NONE', *, *, #4597, .F. ) ;
#2074 = DIRECTION ( 'NONE',  ( -0.000000000000000000, -0.000000000000000000, -1.000000000000000000 ) ) ;
#2075 = ORIENTED_EDGE ( 'NONE', *, *, #2568, .F. ) ;
#2076 = LINE ( 'NONE', #1340, #2061 ) ;
#2077 = AXIS2_PLACEMENT_3D ( 'NONE', #255, #1885, #4377 ) ;
#2078 = LINE ( 'NONE', #40, #4370 ) ;
#2079 = VECTOR ( 'NONE', #2327, 1000.000000000000000 ) ;
#2080 = ORIENTED_EDGE ( 'NONE', *, *, #2023, .F. ) ;
#2081 = DIRECTION ( 'NONE',  ( 0.000000000000000000, 0.000000000000000000, 1.000000000000000000 ) ) ;
#2082 = EDGE_CURVE ( 'NONE', #199, #1118, #4724, .T. ) ;
#2083 = EDGE_CURVE ( 'NONE', #411, #2802, #2560, .T. ) ;
#2084 = ORIENTED_EDGE ( 'NONE', *, *, #4552, .T. ) ;
#2085 = EDGE_CURVE ( 'NONE', #4679, #222, #4550, .T. ) ;
#2086 = CARTESIAN_POINT ( 'NONE',  ( 52.50000000000023448, 50.00000000000000000, 15.00000000000000000 ) ) ;
#2087 = CARTESIAN_POINT ( 'NONE',  ( 120.0000000000000568, -64.99999999999998579, 25.00000000000000000 ) ) ;
#2088 = CARTESIAN_POINT ( 'NONE',  ( -59.99999999999977973, 55.00000000001224265, 25.00000000000000000 ) ) ;
#2089 = CYLINDRICAL_SURFACE ( 'NONE', #1110, 2.500000000000002220 ) ;
#2090 = DIRECTION ( 'NONE',  ( -1.000000000000000000, 0.000000000000000000, 0.000000000000000000 ) ) ;
#2091 = ORIENTED_EDGE ( 'NONE', *, *, #4385, .F. ) ;
#2092 = CARTESIAN_POINT ( 'NONE',  ( 103.4000000000000199, -75.00000000000000000, 0.000000000000000000 ) ) ;
#2093 = DIRECTION ( 'NONE',  ( 0.000000000000000000, 0.000000000000000000, -1.000000000000000000 ) ) ;
#2094 = CARTESIAN_POINT ( 'NONE',  ( -54.99999999999995737, -31.90000000000001279, 21.69999999999999929 ) ) ;
#2095 = ORIENTED_EDGE ( 'NONE', *, *, #5300, .F. ) ;
#2096 = ORIENTED_EDGE ( 'NONE', *, *, #4854, .F. ) ;
#2097 = DIRECTION ( 'NONE',  ( -0.000000000000000000, -0.000000000000000000, -1.000000000000000000 ) ) ;
#2098 = ORIENTED_EDGE ( 'NONE', *, *, #1590, .F. ) ;
#2099 = CYLINDRICAL_SURFACE ( 'NONE', #3185, 2.500000000000002220 ) ;
#2100 = LINE ( 'NONE', #4104, #1267 ) ;
#2101 = ADVANCED_FACE ( 'NONE', ( #3055 ), #2571, .F. ) ;
#2102 = ORIENTED_EDGE ( 'NONE', *, *, #3927, .T. ) ;
#2103 = CYLINDRICAL_SURFACE ( 'NONE', #2152, 0.5000000000000004441 ) ;
#2104 = ORIENTED_EDGE ( 'NONE', *, *, #4498, .T. ) ;
#2105 = DIRECTION ( 'NONE',  ( 0.000000000000000000, -0.000000000000000000, 1.000000000000000000 ) ) ;
#2106 = DIRECTION ( 'NONE',  ( 1.000000000000000000, 0.000000000000000000, -0.000000000000000000 ) ) ;
#2107 = DIRECTION ( 'NONE',  ( -1.000000000000000000, 0.000000000000000000, 0.000000000000000000 ) ) ;
#2108 = EDGE_CURVE ( 'NONE', #3839, #4594, #3032, .T. ) ;
#2109 = CIRCLE ( 'NONE', #3245, 0.5000000000000004441 ) ;
#2110 = DIRECTION ( 'NONE',  ( -0.000000000000000000, -0.000000000000000000, -1.000000000000000000 ) ) ;
#2111 = DIRECTION ( 'NONE',  ( 1.000000000000000000, -0.000000000000000000, -0.000000000000000000 ) ) ;
#2112 = ORIENTED_EDGE ( 'NONE', *, *, #2570, .T. ) ;
#2113 = CARTESIAN_POINT ( 'NONE',  ( 52.50000000000023448, 50.00000000000000000, 0.000000000000000000 ) ) ;
#2114 = CARTESIAN_POINT ( 'NONE',  ( -54.99999999999995026, 25.60000000000000497, 25.00000000000000000 ) ) ;
#2115 = CARTESIAN_POINT ( 'NONE',  ( 55.00000000000006395, 0.000000000000000000, 0.000000000000000000 ) ) ;
#2116 = AXIS2_PLACEMENT_3D ( 'NONE', #2892, #2058, #3734 ) ;
#2117 = CIRCLE ( 'NONE', #3845, 5.000000000000004441 ) ;
#2118 = ORIENTED_EDGE ( 'NONE', *, *, #2179, .T. ) ;
#2119 = VERTEX_POINT ( 'NONE', #3465 ) ;
#2120 = DIRECTION ( 'NONE',  ( 0.000000000000000000, 1.000000000000000000, 0.000000000000000000 ) ) ;
#2121 = AXIS2_PLACEMENT_3D ( 'NONE', #1408, #982, #2621 ) ;
#2122 = AXIS2_PLACEMENT_3D ( 'NONE', #2915, #419, #3370 ) ;
#2123 = ORIENTED_EDGE ( 'NONE', *, *, #3832, .F. ) ;
#2124 = CARTESIAN_POINT ( 'NONE',  ( 32.50000000000004263, 0.000000000000000000, 25.00000000000000000 ) ) ;
#2125 = DIRECTION ( 'NONE',  ( -0.000000000000000000, -0.000000000000000000, -1.000000000000000000 ) ) ;
#2126 = AXIS2_PLACEMENT_3D ( 'NONE', #175, #1808, #3453 ) ;
#2127 = DIRECTION ( 'NONE',  ( 0.000000000000000000, -0.000000000000000000, -1.000000000000000000 ) ) ;
#2128 = ADVANCED_FACE ( 'NONE', ( #160 ), #552, .F. ) ;
#2129 = VECTOR ( 'NONE', #4146, 1000.000000000000000 ) ;
#2130 = ORIENTED_EDGE ( 'NONE', *, *, #1062, .T. ) ;
#2131 = CARTESIAN_POINT ( 'NONE',  ( 20.00000000000021672, 50.00000000001224265, 15.00000000000000000 ) ) ;
#2132 = ORIENTED_EDGE ( 'NONE', *, *, #1200, .T. ) ;
#2133 = EDGE_CURVE ( 'NONE', #4131, #1179, #2473, .T. ) ;
#2134 = CARTESIAN_POINT ( 'NONE',  ( 20.00000000000004619, 5.000000000012239987, 0.000000000000000000 ) ) ;
#2135 = FACE_OUTER_BOUND ( 'NONE', #3437, .T. ) ;
#2136 = DIRECTION ( 'NONE',  ( 1.000000000000000000, 0.000000000000000000, 0.000000000000000000 ) ) ;
#2137 = EDGE_CURVE ( 'NONE', #5026, #1739, #2681, .T. ) ;
#2138 = DIRECTION ( 'NONE',  ( -1.000000000000000000, 0.000000000000000000, 0.000000000000000000 ) ) ;
#2139 = DIRECTION ( 'NONE',  ( -1.000000000000000000, 0.000000000000000000, 0.000000000000000000 ) ) ;
#2140 = ORIENTED_EDGE ( 'NONE', *, *, #1578, .F. ) ;
#2141 = DIRECTION ( 'NONE',  ( 0.000000000000000000, -0.000000000000000000, -1.000000000000000000 ) ) ;
#2142 = CARTESIAN_POINT ( 'NONE',  ( 103.4000000000000199, 75.00000000000000000, 25.00000000000000000 ) ) ;
#2143 = AXIS2_PLACEMENT_3D ( 'NONE', #4924, #390, #943 ) ;
#2144 = DIRECTION ( 'NONE',  ( -0.000000000000000000, -0.000000000000000000, -1.000000000000000000 ) ) ;
#2145 = ADVANCED_FACE ( 'NONE', ( #983 ), #1437, .T. ) ;
#2146 = EDGE_LOOP ( 'NONE', ( #136, #2999, #1201, #607 ) ) ;
#2147 = VERTEX_POINT ( 'NONE', #4710 ) ;
#2148 = CYLINDRICAL_SURFACE ( 'NONE', #2214, 2.500000000000002220 ) ;
#2149 = VERTEX_POINT ( 'NONE', #2622 ) ;
#2150 = LINE ( 'NONE', #1749, #2487 ) ;
#2151 = DIRECTION ( 'NONE',  ( -4.081702296416016366E-17, -1.000000000000000000, 0.000000000000000000 ) ) ;
#2152 = AXIS2_PLACEMENT_3D ( 'NONE', #519, #1300, #5083 ) ;
#2153 = ORIENTED_EDGE ( 'NONE', *, *, #1083, .T. ) ;
#2154 = PLANE ( 'NONE',  #5320 ) ;
#2155 = VECTOR ( 'NONE', #2465, 1000.000000000000000 ) ;
#2156 = ORIENTED_EDGE ( 'NONE', *, *, #660, .T. ) ;
#2157 = CARTESIAN_POINT ( 'NONE',  ( -25.99999999999996447, -28.99999999999998934, 25.00000000000000000 ) ) ;
#2158 = ORIENTED_EDGE ( 'NONE', *, *, #3480, .T. ) ;
#2159 = ADVANCED_FACE ( 'NONE', ( #129, #2653, #2977, #2166, #933, #1737, #604, #2248, #4274, #1409, #4221, #3900, #1362, #3409, #960, #580, #208, #5138, #3007, #2221, #3083, #4661, #528, #2600, #4248, #2192, #186, #630, #4733, #4329, #1820, #3846 ), #2269, .T. ) ;
#2160 = AXIS2_PLACEMENT_3D ( 'NONE', #3173, #686, #1951 ) ;
#2161 = PLANE ( 'NONE',  #4968 ) ;
#2162 = AXIS2_PLACEMENT_3D ( 'NONE', #4429, #337, #4049 ) ;
#2163 = CARTESIAN_POINT ( 'NONE',  ( 70.00000000000004263, 1.224020884649235086E-11, 0.000000000000000000 ) ) ;
#2164 = EDGE_CURVE ( 'NONE', #1182, #1902, #4821, .T. ) ;
#2165 = DIRECTION ( 'NONE',  ( -0.000000000000000000, -0.000000000000000000, -1.000000000000000000 ) ) ;
#2166 = FACE_BOUND ( 'NONE', #974, .T. ) ;
#2167 = CARTESIAN_POINT ( 'NONE',  ( 115.4174243050442215, -26.85000000000000142, 18.00000000000000000 ) ) ;
#2168 = ORIENTED_EDGE ( 'NONE', *, *, #660, .F. ) ;
#2169 = DIRECTION ( 'NONE',  ( -1.000000000000000000, 0.000000000000000000, 0.000000000000000000 ) ) ;
#2170 = CYLINDRICAL_SURFACE ( 'NONE', #914, 3.000000000000002665 ) ;
#2171 = LINE ( 'NONE', #212, #2558 ) ;
#2172 = ORIENTED_EDGE ( 'NONE', *, *, #2698, .T. ) ;
#2173 = ORIENTED_EDGE ( 'NONE', *, *, #2507, .T. ) ;
#2174 = EDGE_CURVE ( 'NONE', #1433, #2119, #1122, .T. ) ;
#2175 = CARTESIAN_POINT ( 'NONE',  ( -94.99999999999995737, 1.224020884649235086E-11, 0.000000000000000000 ) ) ;
#2176 = EDGE_CURVE ( 'NONE', #4384, #854, #263, .T. ) ;
#2177 = VERTEX_POINT ( 'NONE', #5218 ) ;
#2178 = CARTESIAN_POINT ( 'NONE',  ( -125.0000000000001705, 31.90000000000001279, 21.69999999999999929 ) ) ;
#2179 = EDGE_CURVE ( 'NONE', #664, #4641, #656, .T. ) ;
#2180 = DIRECTION ( 'NONE',  ( -1.000000000000000000, 0.000000000000000000, 0.000000000000000000 ) ) ;
#2181 = ORIENTED_EDGE ( 'NONE', *, *, #4461, .F. ) ;
#2182 = CARTESIAN_POINT ( 'NONE',  ( -119.9999999999999432, -75.00000000000001421, 0.000000000000000000 ) ) ;
#2183 = EDGE_CURVE ( 'NONE', #2526, #1114, #1893, .T. ) ;
#2184 = VERTEX_POINT ( 'NONE', #735 ) ;
#2185 = DIRECTION ( 'NONE',  ( -0.000000000000000000, -0.000000000000000000, -1.000000000000000000 ) ) ;
#2186 = ORIENTED_EDGE ( 'NONE', *, *, #2638, .F. ) ;
#2187 = DIRECTION ( 'NONE',  ( -1.000000000000000000, 0.000000000000000000, 0.000000000000000000 ) ) ;
#2188 = ORIENTED_EDGE ( 'NONE', *, *, #1540, .T. ) ;
#2189 = PRODUCT_RELATED_PRODUCT_CATEGORY ( 'detail', '', ( #2651 ) ) ;
#2190 = PLANE ( 'NONE',  #2378 ) ;
#2191 = DIRECTION ( 'NONE',  ( -1.000000000000000000, 0.000000000000000000, 0.000000000000000000 ) ) ;
#2192 = FACE_BOUND ( 'NONE', #1467, .T. ) ;
#2193 = CARTESIAN_POINT ( 'NONE',  ( 120.0000000000000568, 64.99999999999998579, 15.00000000000000000 ) ) ;
#2194 = EDGE_CURVE ( 'NONE', #1114, #1739, #500, .T. ) ;
#2195 = ORIENTED_EDGE ( 'NONE', *, *, #3400, .T. ) ;
#2196 = LINE ( 'NONE', #2142, #3674 ) ;
#2197 = FACE_OUTER_BOUND ( 'NONE', #1130, .T. ) ;
#2198 = VECTOR ( 'NONE', #608, 1000.000000000000000 ) ;
#2199 = ORIENTED_EDGE ( 'NONE', *, *, #3927, .F. ) ;
#2200 = CARTESIAN_POINT ( 'NONE',  ( 70.00000000000021316, 45.00000000001224265, 15.00000000000000000 ) ) ;
#2201 = VERTEX_POINT ( 'NONE', #2763 ) ;
#2202 = CARTESIAN_POINT ( 'NONE',  ( 120.0000000000000568, -64.99999999999998579, 25.00000000000000000 ) ) ;
#2203 = AXIS2_PLACEMENT_3D ( 'NONE', #1594, #2429, #1569 ) ;
#2204 = DIRECTION ( 'NONE',  ( -0.000000000000000000, -0.000000000000000000, -1.000000000000000000 ) ) ;
#2205 = ORIENTED_EDGE ( 'NONE', *, *, #2594, .F. ) ;
#2206 = AXIS2_PLACEMENT_3D ( 'NONE', #3583, #2799, #5231 ) ;
#2207 = CIRCLE ( 'NONE', #1186, 4.999999999999997335 ) ;
#2208 = ORIENTED_EDGE ( 'NONE', *, *, #5220, .T. ) ;
#2209 = DIRECTION ( 'NONE',  ( -1.000000000000000000, 0.000000000000000000, 0.000000000000000000 ) ) ;
#2210 = VECTOR ( 'NONE', #5217, 1000.000000000000000 ) ;
#2211 = ORIENTED_EDGE ( 'NONE', *, *, #4688, .T. ) ;
#2212 = AXIS2_PLACEMENT_3D ( 'NONE', #782, #4371, #359 ) ;
#2213 = EDGE_CURVE ( 'NONE', #2550, #5019, #2998, .T. ) ;
#2214 = AXIS2_PLACEMENT_3D ( 'NONE', #2630, #3801, #169 ) ;
#2215 = AXIS2_PLACEMENT_3D ( 'NONE', #3904, #5070, #1366 ) ;
#2216 = DIRECTION ( 'NONE',  ( 0.000000000000000000, 1.000000000000000000, -0.000000000000000000 ) ) ;
#2217 = ORIENTED_EDGE ( 'NONE', *, *, #1679, .T. ) ;
#2218 = EDGE_LOOP ( 'NONE', ( #2084, #1654, #486, #3931 ) ) ;
#2219 = VECTOR ( 'NONE', #3951, 1000.000000000000000 ) ;
#2220 = CARTESIAN_POINT ( 'NONE',  ( 115.0000000000000568, -32.40000000000000568, 18.00000000000000000 ) ) ;
#2221 = FACE_BOUND ( 'NONE', #2230, .T. ) ;
#2222 = DIRECTION ( 'NONE',  ( 0.000000000000000000, 0.000000000000000000, -1.000000000000000000 ) ) ;
#2223 = ORIENTED_EDGE ( 'NONE', *, *, #1865, .T. ) ;
#2224 = LINE ( 'NONE', #4605, #3405 ) ;
#2225 = PLANE ( 'NONE',  #2990 ) ;
#2226 = EDGE_CURVE ( 'NONE', #389, #2201, #5072, .T. ) ;
#2227 = ORIENTED_EDGE ( 'NONE', *, *, #1865, .F. ) ;
#2228 = DIRECTION ( 'NONE',  ( -1.000000000000000000, 0.000000000000000000, 0.000000000000000000 ) ) ;
#2229 = VECTOR ( 'NONE', #3528, 1000.000000000000000 ) ;
#2230 = EDGE_LOOP ( 'NONE', ( #3442, #690 ) ) ;
#2231 = CARTESIAN_POINT ( 'NONE',  ( -9.999999999999781508, 45.00000000001224265, 15.00000000000000000 ) ) ;
#2232 = CARTESIAN_POINT ( 'NONE',  ( -90.00000000000048317, -54.99999999998775735, 25.00000000000000000 ) ) ;
#2233 = ADVANCED_FACE ( 'NONE', ( #5163 ), #4414, .F. ) ;
#2234 = VECTOR ( 'NONE', #4257, 1000.000000000000000 ) ;
#2235 = ORIENTED_EDGE ( 'NONE', *, *, #790, .T. ) ;
#2236 = ORIENTED_EDGE ( 'NONE', *, *, #3916, .T. ) ;
#2237 = CYLINDRICAL_SURFACE ( 'NONE', #3446, 2.500000000000002220 ) ;
#2238 = AXIS2_PLACEMENT_3D ( 'NONE', #936, #4241, #1703 ) ;
#2239 = VERTEX_POINT ( 'NONE', #2352 ) ;
#2240 = CYLINDRICAL_SURFACE ( 'NONE', #3492, 1.600000000000004086 ) ;
#2241 = ORIENTED_EDGE ( 'NONE', *, *, #2085, .T. ) ;
#2242 = EDGE_CURVE ( 'NONE', #4976, #570, #163, .T. ) ;
#2243 = EDGE_CURVE ( 'NONE', #1814, #2009, #2788, .T. ) ;
#2244 = CIRCLE ( 'NONE', #5102, 1.600000000000004086 ) ;
#2245 = VERTEX_POINT ( 'NONE', #4007 ) ;
#2246 = CARTESIAN_POINT ( 'NONE',  ( -45.00000000000047606, -50.00000000000000000, 25.00000000000000000 ) ) ;
#2247 = CIRCLE ( 'NONE', #1653, 1.600000000000004086 ) ;
#2248 = FACE_BOUND ( 'NONE', #4453, .T. ) ;
#2249 = DIRECTION ( 'NONE',  ( -1.000000000000000000, 0.000000000000000000, 0.000000000000000000 ) ) ;
#2250 = ORIENTED_EDGE ( 'NONE', *, *, #68, .T. ) ;
#2251 = CARTESIAN_POINT ( 'NONE',  ( 106.6000000000000369, 28.99999999999999289, 3.000000000000000000 ) ) ;
#2252 = CYLINDRICAL_SURFACE ( 'NONE', #2215, 2.500000000000002220 ) ;
#2253 = ORIENTED_EDGE ( 'NONE', *, *, #1812, .F. ) ;
#2254 = CARTESIAN_POINT ( 'NONE',  ( 115.0000000000000995, -26.85000000000000497, 20.00000000000000000 ) ) ;
#2255 = ORIENTED_EDGE ( 'NONE', *, *, #2603, .F. ) ;
#2256 = ORIENTED_EDGE ( 'NONE', *, *, #522, .F. ) ;
#2257 = DIRECTION ( 'NONE',  ( 0.000000000000000000, 0.000000000000000000, -1.000000000000000000 ) ) ;
#2258 = DIRECTION ( 'NONE',  ( -0.000000000000000000, -0.000000000000000000, -1.000000000000000000 ) ) ;
#2259 = ORIENTED_EDGE ( 'NONE', *, *, #699, .T. ) ;
#2260 = CARTESIAN_POINT ( 'NONE',  ( 55.00000000000023448, 50.00000000000000000, 25.00000000000000000 ) ) ;
#2261 = ORIENTED_EDGE ( 'NONE', *, *, #2874, .F. ) ;
#2262 = DIRECTION ( 'NONE',  ( -0.000000000000000000, 0.000000000000000000, -1.000000000000000000 ) ) ;
#2263 = EDGE_CURVE ( 'NONE', #715, #4634, #2482, .T. ) ;
#2264 = FACE_BOUND ( 'NONE', #5042, .T. ) ;
#2265 = ORIENTED_EDGE ( 'NONE', *, *, #4848, .T. ) ;
#2266 = ORIENTED_EDGE ( 'NONE', *, *, #3436, .T. ) ;
#2267 = EDGE_CURVE ( 'NONE', #2786, #2323, #3631, .T. ) ;
#2268 = CARTESIAN_POINT ( 'NONE',  ( 115.0000000000001279, 32.40000000000000568, 21.19999999999999929 ) ) ;
#2269 = PLANE ( 'NONE',  #1018 ) ;
#2270 = DIRECTION ( 'NONE',  ( -0.000000000000000000, -0.000000000000000000, -1.000000000000000000 ) ) ;
#2271 = ORIENTED_EDGE ( 'NONE', *, *, #2658, .F. ) ;
#2272 = AXIS2_PLACEMENT_3D ( 'NONE', #4166, #2105, #76 ) ;
#2273 = DIRECTION ( 'NONE',  ( -0.000000000000000000, -0.000000000000000000, -1.000000000000000000 ) ) ;
#2274 = CARTESIAN_POINT ( 'NONE',  ( 19.99999999999952394, -44.99999999998776445, 15.00000000000000000 ) ) ;
#2275 = ADVANCED_FACE ( 'NONE', ( #234 ), #1147, .F. ) ;
#2276 = VERTEX_POINT ( 'NONE', #3198 ) ;
#2277 = CARTESIAN_POINT ( 'NONE',  ( -121.5999999999999801, -64.99999999999998579, 15.00000000000000000 ) ) ;
#2278 = ORIENTED_EDGE ( 'NONE', *, *, #2578, .F. ) ;
#2279 = CARTESIAN_POINT ( 'NONE',  ( 100.0000000000002132, 55.00000000001224265, 25.00000000000000000 ) ) ;
#2280 = CARTESIAN_POINT ( 'NONE',  ( -22.49999999999976552, 50.00000000000000000, 15.00000000000000000 ) ) ;
#2281 = DIRECTION ( 'NONE',  ( -1.000000000000000000, 0.000000000000000000, 0.000000000000000000 ) ) ;
#2282 = AXIS2_PLACEMENT_3D ( 'NONE', #583, #508, #1797 ) ;
#2283 = EDGE_LOOP ( 'NONE', ( #4165, #4372, #4078, #3998 ) ) ;
#2284 = CARTESIAN_POINT ( 'NONE',  ( 105.0000000000000426, -28.99999999999999289, 2.999999999999999112 ) ) ;
#2285 = CARTESIAN_POINT ( 'NONE',  ( -55.27828287002938623, -25.60000000000000497, 18.00000000000000000 ) ) ;
#2286 = CIRCLE ( 'NONE', #3503, 4.999999999999997335 ) ;
#2287 = ORIENTED_EDGE ( 'NONE', *, *, #4524, .T. ) ;
#2288 = DIRECTION ( 'NONE',  ( 1.000000000000000000, 0.000000000000000000, 0.000000000000000000 ) ) ;
#2289 = LINE ( 'NONE', #679, #3408 ) ;
#2290 = AXIS2_PLACEMENT_3D ( 'NONE', #3006, #2679, #5032 ) ;
#2291 = AXIS2_PLACEMENT_3D ( 'NONE', #5177, #5078, #1478 ) ;
#2292 = EDGE_CURVE ( 'NONE', #3188, #3839, #1867, .T. ) ;
#2293 = FACE_OUTER_BOUND ( 'NONE', #3374, .T. ) ;
#2294 = ORIENTED_EDGE ( 'NONE', *, *, #3463, .T. ) ;
#2295 = AXIS2_PLACEMENT_3D ( 'NONE', #1774, #3424, #248 ) ;
#2296 = EDGE_LOOP ( 'NONE', ( #619, #3697, #3558, #3768 ) ) ;
#2297 = EDGE_CURVE ( 'NONE', #3300, #868, #2704, .T. ) ;
#2298 = VECTOR ( 'NONE', #2577, 1000.000000000000000 ) ;
#2299 = LINE ( 'NONE', #1064, #2726 ) ;
#2300 = DIRECTION ( 'NONE',  ( 0.000000000000000000, 0.000000000000000000, -1.000000000000000000 ) ) ;
#2301 = DIRECTION ( 'NONE',  ( -0.000000000000000000, -0.000000000000000000, -1.000000000000000000 ) ) ;
#2302 = AXIS2_PLACEMENT_3D ( 'NONE', #1575, #2300, #3550 ) ;
#2303 = EDGE_CURVE ( 'NONE', #4762, #4096, #64, .T. ) ;
#2304 = CARTESIAN_POINT ( 'NONE',  ( -124.9999999999999716, 79.99999999999998579, 0.000000000000000000 ) ) ;
#2305 = DIRECTION ( 'NONE',  ( -0.000000000000000000, -0.000000000000000000, -1.000000000000000000 ) ) ;
#2306 = VERTEX_POINT ( 'NONE', #4387 ) ;
#2307 = LINE ( 'NONE', #3205, #4554 ) ;
#2308 = DIRECTION ( 'NONE',  ( -0.000000000000000000, 0.000000000000000000, -1.000000000000000000 ) ) ;
#2309 = VERTEX_POINT ( 'NONE', #4085 ) ;
#2310 = CARTESIAN_POINT ( 'NONE',  ( 120.0000000000000568, 26.84999999999998366, 20.00000000000000000 ) ) ;
#2311 = CARTESIAN_POINT ( 'NONE',  ( -54.99999999999995737, 32.40000000000001279, 21.69999999999999929 ) ) ;
#2312 = ADVANCED_FACE ( 'NONE', ( #4115 ), #24, .F. ) ;
#2313 = DIRECTION ( 'NONE',  ( 1.000000000000000000, 0.000000000000000000, 0.000000000000000000 ) ) ;
#2314 = ORIENTED_EDGE ( 'NONE', *, *, #531, .F. ) ;
#2315 = CARTESIAN_POINT ( 'NONE',  ( -124.9999999999999716, 79.99999999999998579, 15.00000000000000000 ) ) ;
#2316 = CARTESIAN_POINT ( 'NONE',  ( -59.99999999999994316, -21.01742430504416248, 15.00000000000000000 ) ) ;
#2317 = ORIENTED_EDGE ( 'NONE', *, *, #2619, .F. ) ;
#2318 = CARTESIAN_POINT ( 'NONE',  ( 55.00000000000006395, 0.000000000000000000, 25.00000000000000000 ) ) ;
#2319 = LINE ( 'NONE', #525, #2894 ) ;
#2320 = VECTOR ( 'NONE', #2544, 1000.000000000000000 ) ;
#2321 = FACE_BOUND ( 'NONE', #1710, .T. ) ;
#2322 = ORIENTED_EDGE ( 'NONE', *, *, #4219, .T. ) ;
#2323 = VERTEX_POINT ( 'NONE', #3683 ) ;
#2324 = AXIS2_PLACEMENT_3D ( 'NONE', #177, #1455, #3947 ) ;
#2325 = DIRECTION ( 'NONE',  ( 2.040851148208008393E-15, -1.000000000000000000, 0.000000000000000000 ) ) ;
#2326 = DIRECTION ( 'NONE',  ( -1.000000000000000000, 0.000000000000000000, 0.000000000000000000 ) ) ;
#2327 = DIRECTION ( 'NONE',  ( -0.000000000000000000, -0.000000000000000000, -1.000000000000000000 ) ) ;
#2328 = VECTOR ( 'NONE', #2687, 1000.000000000000000 ) ;
#2329 = EDGE_CURVE ( 'NONE', #1766, #2484, #3279, .T. ) ;
#2330 = LINE ( 'NONE', #2766, #909 ) ;
#2331 = CARTESIAN_POINT ( 'NONE',  ( 116.2369633750130902, -24.78046093003110784, 16.12220008844692032 ) ) ;
#2332 = AXIS2_PLACEMENT_3D ( 'NONE', #4222, #3466, #3356 ) ;
#2333 = VERTEX_POINT ( 'NONE', #4500 ) ;
#2334 = DIRECTION ( 'NONE',  ( 1.000000000000000000, 4.081702296416016786E-15, -0.000000000000000000 ) ) ;
#2335 = CARTESIAN_POINT ( 'NONE',  ( -24.99999999999976907, 50.00000000000000000, 15.00000000000000000 ) ) ;
#2336 = ORIENTED_EDGE ( 'NONE', *, *, #2672, .T. ) ;
#2337 = CARTESIAN_POINT ( 'NONE',  ( 20.00000000000004619, -4.999999999987760013, 25.00000000000000000 ) ) ;
#2338 = CYLINDRICAL_SURFACE ( 'NONE', #2639, 5.000000000000004441 ) ;
#2339 = AXIS2_PLACEMENT_3D ( 'NONE', #1997, #3647, #3239 ) ;
#2340 = CYLINDRICAL_SURFACE ( 'NONE', #1784, 4.999999999999990230 ) ;
#2341 = DESIGN_CONTEXT ( 'detailed design', #2529, 'design' ) ;
#2342 = ORIENTED_EDGE ( 'NONE', *, *, #2292, .F. ) ;
#2343 = EDGE_CURVE ( 'NONE', #1571, #2466, #152, .T. ) ;
#2344 = CARTESIAN_POINT ( 'NONE',  ( -54.99999999999995026, -26.10000000000000497, 21.69999999999999929 ) ) ;
#2345 = EDGE_LOOP ( 'NONE', ( #4155, #2071, #3099, #2650 ) ) ;
#2346 = VERTEX_POINT ( 'NONE', #4908 ) ;
#2347 = DIRECTION ( 'NONE',  ( -1.020425574104003013E-15, -1.000000000000000000, 0.000000000000000000 ) ) ;
#2348 = DIRECTION ( 'NONE',  ( 4.081702296416016786E-15, -1.000000000000000000, 0.000000000000000000 ) ) ;
#2349 = ORIENTED_EDGE ( 'NONE', *, *, #1320, .T. ) ;
#2350 = ORIENTED_EDGE ( 'NONE', *, *, #753, .T. ) ;
#2351 = LINE ( 'NONE', #3955, #1099 ) ;
#2352 = CARTESIAN_POINT ( 'NONE',  ( 19.99999999999952394, -54.99999999998775735, 15.00000000000000000 ) ) ;
#2353 = CYLINDRICAL_SURFACE ( 'NONE', #1897, 1.600000000000004086 ) ;
#2354 = DIRECTION ( 'NONE',  ( -0.000000000000000000, -0.000000000000000000, -1.000000000000000000 ) ) ;
#2355 = CARTESIAN_POINT ( 'NONE',  ( 19.99999999999952394, -54.99999999998775735, 0.000000000000000000 ) ) ;
#2356 = EDGE_CURVE ( 'NONE', #973, #216, #3678, .T. ) ;
#2357 = ORIENTED_EDGE ( 'NONE', *, *, #3661, .F. ) ;
#2358 = DIRECTION ( 'NONE',  ( -1.020425574104003013E-15, -1.000000000000000000, 0.000000000000000000 ) ) ;
#2359 = DIRECTION ( 'NONE',  ( -0.000000000000000000, -0.000000000000000000, -1.000000000000000000 ) ) ;
#2360 = ORIENTED_EDGE ( 'NONE', *, *, #1977, .F. ) ;
#2361 = FACE_OUTER_BOUND ( 'NONE', #2296, .T. ) ;
#2362 = CARTESIAN_POINT ( 'NONE',  ( 125.0000000000000284, 79.99999999999998579, 15.00000000000000000 ) ) ;
#2363 = DIRECTION ( 'NONE',  ( -0.000000000000000000, 0.000000000000000000, -1.000000000000000000 ) ) ;
#2364 = ORIENTED_EDGE ( 'NONE', *, *, #4350, .F. ) ;
#2365 = EDGE_CURVE ( 'NONE', #4784, #715, #1604, .T. ) ;
#2366 = DIRECTION ( 'NONE',  ( -0.000000000000000000, -0.000000000000000000, 1.000000000000000000 ) ) ;
#2367 = VERTEX_POINT ( 'NONE', #1277 ) ;
#2368 = CARTESIAN_POINT ( 'NONE',  ( 106.6000000000000369, 28.99999999999999289, 3.000000000000000000 ) ) ;
#2369 = DIRECTION ( 'NONE',  ( -1.000000000000000000, 0.000000000000000000, 0.000000000000000000 ) ) ;
#2370 = EDGE_CURVE ( 'NONE', #4904, #338, #835, .T. ) ;
#2371 = VECTOR ( 'NONE', #1005, 1000.000000000000000 ) ;
#2372 = CIRCLE ( 'NONE', #3493, 1.600000000000004086 ) ;
#2373 = FACE_BOUND ( 'NONE', #3195, .T. ) ;
#2374 = EDGE_LOOP ( 'NONE', ( #650, #2453, #3058, #97 ) ) ;
#2375 = ADVANCED_FACE ( 'NONE', ( #848 ), #5299, .F. ) ;
#2376 = VECTOR ( 'NONE', #268, 1000.000000000000000 ) ;
#2377 = ORIENTED_EDGE ( 'NONE', *, *, #4978, .T. ) ;
#2378 = AXIS2_PLACEMENT_3D ( 'NONE', #1327, #4245, #2972 ) ;
#2379 = EDGE_CURVE ( 'NONE', #273, #2306, #4979, .T. ) ;
#2380 = FACE_BOUND ( 'NONE', #4615, .T. ) ;
#2381 = DIRECTION ( 'NONE',  ( 0.000000000000000000, 0.000000000000000000, -1.000000000000000000 ) ) ;
#2382 = CARTESIAN_POINT ( 'NONE',  ( -25.99999999999996447, 28.99999999999998934, 25.00000000000000000 ) ) ;
#2383 = CARTESIAN_POINT ( 'NONE',  ( -55.41742430504411487, -32.40000000000001279, 18.00000000000000000 ) ) ;
#2384 = DIRECTION ( 'NONE',  ( -1.000000000000000000, 0.000000000000000000, 0.000000000000000000 ) ) ;
#2385 = VECTOR ( 'NONE', #1030, 1000.000000000000000 ) ;
#2386 = ORIENTED_EDGE ( 'NONE', *, *, #2242, .T. ) ;
#2387 = VECTOR ( 'NONE', #3574, 1000.000000000000000 ) ;
#2388 = DIRECTION ( 'NONE',  ( 1.000000000000000000, 0.000000000000000000, 0.000000000000000000 ) ) ;
#2389 = CARTESIAN_POINT ( 'NONE',  ( -124.9999999999999432, -75.00000000000001421, 15.00000000000000000 ) ) ;
#2390 = ORIENTED_EDGE ( 'NONE', *, *, #4442, .F. ) ;
#2391 = DIRECTION ( 'NONE',  ( 0.000000000000000000, 0.000000000000000000, -1.000000000000000000 ) ) ;
#2392 = CARTESIAN_POINT ( 'NONE',  ( 115.0000000000001137, 31.15000000000000568, 21.19999999999999929 ) ) ;
#2393 = DIRECTION ( 'NONE',  ( 1.000000000000000000, 0.000000000000000000, -0.000000000000000000 ) ) ;
#2394 = EDGE_CURVE ( 'NONE', #3214, #381, #4624, .T. ) ;
#2395 = EDGE_LOOP ( 'NONE', ( #3081, #4542 ) ) ;
#2396 = ORIENTED_EDGE ( 'NONE', *, *, #3708, .T. ) ;
#2397 = APPROVAL_STATUS ( 'not_yet_approved' ) ;
#2398 = DIRECTION ( 'NONE',  ( -1.000000000000000000, 0.000000000000000000, 0.000000000000000000 ) ) ;
#2399 = VERTEX_POINT ( 'NONE', #2086 ) ;
#2400 = EDGE_LOOP ( 'NONE', ( #1268, #1429 ) ) ;
#2401 = DIRECTION ( 'NONE',  ( 1.000000000000000000, 0.000000000000000000, -0.000000000000000000 ) ) ;
#2402 = EDGE_CURVE ( 'NONE', #2518, #3434, #1599, .T. ) ;
#2403 = ORIENTED_EDGE ( 'NONE', *, *, #3192, .F. ) ;
#2404 = ORIENTED_EDGE ( 'NONE', *, *, #5041, .T. ) ;
#2405 = AXIS2_PLACEMENT_3D ( 'NONE', #274, #5260, #382 ) ;
#2406 = CYLINDRICAL_SURFACE ( 'NONE', #1271, 2.500000000000002220 ) ;
#2407 = ADVANCED_FACE ( 'NONE', ( #798 ), #2434, .F. ) ;
#2408 = DIRECTION ( 'NONE',  ( 1.000000000000000000, 0.000000000000000000, 0.000000000000000000 ) ) ;
#2409 = LINE ( 'NONE', #3656, #1601 ) ;
#2410 = AXIS2_PLACEMENT_3D ( 'NONE', #3287, #2574, #532 ) ;
#2411 = FACE_OUTER_BOUND ( 'NONE', #2618, .T. ) ;
#2412 = EDGE_CURVE ( 'NONE', #3229, #535, #3253, .T. ) ;
#2413 = ORIENTED_EDGE ( 'NONE', *, *, #4905, .T. ) ;
#2414 = AXIS2_PLACEMENT_3D ( 'NONE', #432, #4579, #4882 ) ;
#2415 = LINE ( 'NONE', #3145, #4121 ) ;
#2416 = LINE ( 'NONE', #824, #2155 ) ;
#2417 = ORIENTED_EDGE ( 'NONE', *, *, #1581, .T. ) ;
#2418 = CARTESIAN_POINT ( 'NONE',  ( 100.0000000000002132, 55.00000000001224265, 0.000000000000000000 ) ) ;
#2419 = CARTESIAN_POINT ( 'NONE',  ( 125.0000000000000284, 79.99999999999998579, 15.00000000000000000 ) ) ;
#2420 = CARTESIAN_POINT ( 'NONE',  ( 115.0000000000001279, -32.40000000000001279, 21.19999999999999929 ) ) ;
#2421 = AXIS2_PLACEMENT_3D ( 'NONE', #3520, #5251, #209 ) ;
#2422 = EDGE_LOOP ( 'NONE', ( #4023, #3781 ) ) ;
#2423 = VERTEX_POINT ( 'NONE', #46 ) ;
#2424 = CALENDAR_DATE ( 2026, 15, 7 ) ;
#2425 = DIRECTION ( 'NONE',  ( -1.000000000000000000, 0.000000000000000000, 0.000000000000000000 ) ) ;
#2426 = VECTOR ( 'NONE', #58, 1000.000000000000000 ) ;
#2427 = EDGE_LOOP ( 'NONE', ( #4845, #3047, #903, #3418 ) ) ;
#2428 = DIRECTION ( 'NONE',  ( 0.000000000000000000, 0.000000000000000000, -1.000000000000000000 ) ) ;
#2429 = DIRECTION ( 'NONE',  ( -0.000000000000000000, 0.000000000000000000, 1.000000000000000000 ) ) ;
#2430 = EDGE_CURVE ( 'NONE', #1768, #4337, #3414, .T. ) ;
#2431 = VERTEX_POINT ( 'NONE', #2513 ) ;
#2432 = ORIENTED_EDGE ( 'NONE', *, *, #230, .F. ) ;
#2433 = DIRECTION ( 'NONE',  ( 1.734723475976807094E-16, -1.000000000000000000, 0.000000000000000000 ) ) ;
#2434 = CYLINDRICAL_SURFACE ( 'NONE', #2725, 5.000000000000004441 ) ;
#2435 = CARTESIAN_POINT ( 'NONE',  ( 115.0000000000000568, -26.10000000000000497, 21.69999999999999929 ) ) ;
#2436 = CARTESIAN_POINT ( 'NONE',  ( -90.00000000000048317, -49.99999999998776445, 25.00000000000000000 ) ) ;
#2437 = EDGE_CURVE ( 'NONE', #530, #3746, #3598, .T. ) ;
#2438 = LINE ( 'NONE', #4957, #2129 ) ;
#2439 = CARTESIAN_POINT ( 'NONE',  ( -24.39999999999996305, -28.99999999999998934, 0.000000000000000000 ) ) ;
#2440 = ORIENTED_EDGE ( 'NONE', *, *, #5286, .T. ) ;
#2441 = FACE_OUTER_BOUND ( 'NONE', #2050, .T. ) ;
#2442 = FACE_OUTER_BOUND ( 'NONE', #1957, .T. ) ;
#2443 = DIRECTION ( 'NONE',  ( -0.000000000000000000, -0.000000000000000000, -1.000000000000000000 ) ) ;
#2444 = EDGE_CURVE ( 'NONE', #4332, #1919, #1167, .T. ) ;
#2445 = ORIENTED_EDGE ( 'NONE', *, *, #3568, .T. ) ;
#2446 = ORIENTED_EDGE ( 'NONE', *, *, #1652, .T. ) ;
#2447 = ADVANCED_FACE ( 'NONE', ( #3350 ), #4061, .F. ) ;
#2448 = CARTESIAN_POINT ( 'NONE',  ( -90.00000000000048317, -49.99999999998776445, 25.00000000000000000 ) ) ;
#2449 = ORIENTED_EDGE ( 'NONE', *, *, #502, .F. ) ;
#2450 = ORIENTED_EDGE ( 'NONE', *, *, #4229, .T. ) ;
#2451 = FACE_OUTER_BOUND ( 'NONE', #4609, .T. ) ;
#2452 = ORIENTED_EDGE ( 'NONE', *, *, #503, .F. ) ;
#2453 = ORIENTED_EDGE ( 'NONE', *, *, #1451, .T. ) ;
#2454 = EDGE_CURVE ( 'NONE', #4136, #3229, #3057, .T. ) ;
#2455 = VECTOR ( 'NONE', #350, 1000.000000000000000 ) ;
#2456 = CARTESIAN_POINT ( 'NONE',  ( 115.0000000000000426, 25.60000000000000497, 25.00000000000000000 ) ) ;
#2457 = CIRCLE ( 'NONE', #4022, 1.600000000000004086 ) ;
#2458 = AXIS2_PLACEMENT_3D ( 'NONE', #1142, #4432, #2401 ) ;
#2459 = CARTESIAN_POINT ( 'NONE',  ( 20.00000000000021672, 45.00000000001224265, 0.000000000000000000 ) ) ;
#2460 = DIRECTION ( 'NONE',  ( -1.000000000000000000, 0.000000000000000000, 0.000000000000000000 ) ) ;
#2461 = EDGE_CURVE ( 'NONE', #2399, #570, #1835, .T. ) ;
#2462 = AXIS2_PLACEMENT_3D ( 'NONE', #1312, #2068, #5309 ) ;
#2463 = CARTESIAN_POINT ( 'NONE',  ( 115.4174243050442357, -32.40000000000000568, 18.00000000000000000 ) ) ;
#2464 = EDGE_CURVE ( 'NONE', #768, #891, #5029, .T. ) ;
#2465 = DIRECTION ( 'NONE',  ( -0.000000000000000000, -0.000000000000000000, -1.000000000000000000 ) ) ;
#2466 = VERTEX_POINT ( 'NONE', #1428 ) ;
#2467 = DIRECTION ( 'NONE',  ( -1.000000000000000000, -1.020425574104003013E-15, 0.000000000000000000 ) ) ;
#2468 = CARTESIAN_POINT ( 'NONE',  ( 120.0000000000000284, 79.99999999999998579, 15.00000000000000000 ) ) ;
#2469 = AXIS2_PLACEMENT_3D ( 'NONE', #4593, #890, #1777 ) ;
#2470 = AXIS2_PLACEMENT_3D ( 'NONE', #2932, #4584, #1714 ) ;
#2471 = CYLINDRICAL_SURFACE ( 'NONE', #1100, 2.500000000000002220 ) ;
#2472 = ORIENTED_EDGE ( 'NONE', *, *, #893, .T. ) ;
#2473 = CIRCLE ( 'NONE', #1622, 5.000000000000004441 ) ;
#2474 = ORIENTED_EDGE ( 'NONE', *, *, #5216, .F. ) ;
#2475 = CC_DESIGN_SECURITY_CLASSIFICATION ( #495, ( #756 ) ) ;
#2476 = AXIS2_PLACEMENT_3D ( 'NONE', #2088, #3352, #4954 ) ;
#2477 = EDGE_CURVE ( 'NONE', #2019, #985, #1813, .T. ) ;
#2478 = DIRECTION ( 'NONE',  ( 1.000000000000000000, 0.000000000000000000, 0.000000000000000000 ) ) ;
#2479 = EDGE_CURVE ( 'NONE', #1415, #2147, #3929, .T. ) ;
#2480 = VERTEX_POINT ( 'NONE', #3460 ) ;
#2481 = CARTESIAN_POINT ( 'NONE',  ( 115.2782828700294999, -32.40000000000000568, 18.00000000000000000 ) ) ;
#2482 = CIRCLE ( 'NONE', #348, 5.000000000000000000 ) ;
#2483 = CARTESIAN_POINT ( 'NONE',  ( 100.0000000000000426, 1.224020884649235086E-11, 15.00000000000000000 ) ) ;
#2484 = VERTEX_POINT ( 'NONE', #573 ) ;
#2485 = CARTESIAN_POINT ( 'NONE',  ( -59.99999999999977973, 45.00000000001224265, 25.00000000000000000 ) ) ;
#2486 = ORIENTED_EDGE ( 'NONE', *, *, #3868, .F. ) ;
#2487 = VECTOR ( 'NONE', #4567, 1000.000000000000000 ) ;
#2488 = CARTESIAN_POINT ( 'NONE',  ( 34.99999999999952394, -50.00000000000000000, 25.00000000000000000 ) ) ;
#2489 = CARTESIAN_POINT ( 'NONE',  ( 115.0000000000000568, 32.40000000000000568, 24.50000000000000000 ) ) ;
#2490 = DIRECTION ( 'NONE',  ( 0.000000000000000000, 0.000000000000000000, -1.000000000000000000 ) ) ;
#2491 = DIRECTION ( 'NONE',  ( -2.040851148208008393E-15, 1.000000000000000000, -0.000000000000000000 ) ) ;
#2492 = DIRECTION ( 'NONE',  ( 0.000000000000000000, 0.000000000000000000, -1.000000000000000000 ) ) ;
#2493 = ADVANCED_FACE ( 'NONE', ( #3838 ), #5087, .F. ) ;
#2494 = AXIS2_PLACEMENT_3D ( 'NONE', #1504, #223, #2643 ) ;
#2495 = ORIENTED_EDGE ( 'NONE', *, *, #49, .T. ) ;
#2496 = CARTESIAN_POINT ( 'NONE',  ( -89.99999999999978684, 45.00000000001224265, 15.00000000000000000 ) ) ;
#2497 = CARTESIAN_POINT ( 'NONE',  ( -9.999999999999953815, 5.000000000012239987, 15.00000000000000000 ) ) ;
#2498 = LINE ( 'NONE', #4151, #158 ) ;
#2499 = CIRCLE ( 'NONE', #2765, 5.000000000000000888 ) ;
#2500 = ORIENTED_EDGE ( 'NONE', *, *, #4056, .F. ) ;
#2501 = ORIENTED_EDGE ( 'NONE', *, *, #4400, .T. ) ;
#2502 = DIRECTION ( 'NONE',  ( -0.000000000000000000, -0.000000000000000000, -1.000000000000000000 ) ) ;
#2503 = ORIENTED_EDGE ( 'NONE', *, *, #2033, .T. ) ;
#2504 = PLANE ( 'NONE',  #4392 ) ;
#2505 = VECTOR ( 'NONE', #759, 1000.000000000000000 ) ;
#2506 = CARTESIAN_POINT ( 'NONE',  ( -27.50000000000046185, -50.00000000000000000, 25.00000000000000000 ) ) ;
#2507 = EDGE_CURVE ( 'NONE', #1985, #4942, #524, .T. ) ;
#2508 = CIRCLE ( 'NONE', #3549, 1.600000000000000755 ) ;
#2509 = ORIENTED_EDGE ( 'NONE', *, *, #1053, .F. ) ;
#2510 = DIRECTION ( 'NONE',  ( 1.000000000000000000, 0.000000000000000000, 0.000000000000000000 ) ) ;
#2511 = ORIENTED_EDGE ( 'NONE', *, *, #2176, .T. ) ;
#2512 = ADVANCED_FACE ( 'NONE', ( #954, #2536 ), #2161, .T. ) ;
#2513 = CARTESIAN_POINT ( 'NONE',  ( 115.4174243050442072, 31.15000000000000213, 18.00000000000000000 ) ) ;
#2514 = DIRECTION ( 'NONE',  ( 1.000000000000000000, 0.000000000000000000, 0.000000000000000000 ) ) ;
#2515 = DIRECTION ( 'NONE',  ( 0.000000000000000000, 0.000000000000000000, -1.000000000000000000 ) ) ;
#2516 = CYLINDRICAL_SURFACE ( 'NONE', #1701, 2.500000000000002220 ) ;
#2517 = CARTESIAN_POINT ( 'NONE',  ( 115.0000000000000568, -31.90000000000000568, 25.00000000000000000 ) ) ;
#2518 = VERTEX_POINT ( 'NONE', #5111 ) ;
#2519 = CARTESIAN_POINT ( 'NONE',  ( 32.50000000000021316, 50.00000000000000000, 15.00000000000000000 ) ) ;
#2520 = DIRECTION ( 'NONE',  ( 4.081702296415998494E-17, 1.000000000000000000, 0.000000000000000000 ) ) ;
#2521 = LINE ( 'NONE', #2881, #842 ) ;
#2522 = ADVANCED_FACE ( 'NONE', ( #4243 ), #1381, .F. ) ;
#2523 = ORIENTED_EDGE ( 'NONE', *, *, #3484, .T. ) ;
#2524 = ORIENTED_EDGE ( 'NONE', *, *, #4546, .T. ) ;
#2525 = CARTESIAN_POINT ( 'NONE',  ( 115.0000000000000426, 25.60000000000000497, 24.50000000000000000 ) ) ;
#2526 = VERTEX_POINT ( 'NONE', #978 ) ;
#2527 = DIRECTION ( 'NONE',  ( -0.000000000000000000, -0.000000000000000000, -1.000000000000000000 ) ) ;
#2528 = DIRECTION ( 'NONE',  ( -0.000000000000000000, -0.000000000000000000, -1.000000000000000000 ) ) ;
#2529 = APPLICATION_CONTEXT ( 'configuration controlled 3d designs of mechanical parts and assemblies' ) ;
#2530 = ADVANCED_FACE ( 'NONE', ( #4654 ), #2240, .F. ) ;
#2531 = DIRECTION ( 'NONE',  ( -0.000000000000000000, 0.000000000000000000, -1.000000000000000000 ) ) ;
#2532 = ORIENTED_EDGE ( 'NONE', *, *, #213, .F. ) ;
#2533 = EDGE_CURVE ( 'NONE', #170, #4589, #4354, .T. ) ;
#2534 = DIRECTION ( 'NONE',  ( -1.000000000000000000, 0.000000000000000000, 0.000000000000000000 ) ) ;
#2535 = VERTEX_POINT ( 'NONE', #2134 ) ;
#2536 = FACE_BOUND ( 'NONE', #2422, .T. ) ;
#2537 = EDGE_CURVE ( 'NONE', #1119, #4889, #547, .T. ) ;
#2538 = CARTESIAN_POINT ( 'NONE',  ( -125.0000000000001705, -32.40000000000099334, 18.00000000000000000 ) ) ;
#2539 = CARTESIAN_POINT ( 'NONE',  ( -14.99999999999995381, 1.224020884649235086E-11, 25.00000000000000000 ) ) ;
#2540 = AXIS2_PLACEMENT_3D ( 'NONE', #4362, #5305, #1927 ) ;
#2541 = DIRECTION ( 'NONE',  ( 1.000000000000000000, -4.081702296416016786E-15, 0.000000000000000000 ) ) ;
#2542 = CARTESIAN_POINT ( 'NONE',  ( 115.0000000000000426, 31.90000000000000568, 21.69999999999999929 ) ) ;
#2543 = ORIENTED_EDGE ( 'NONE', *, *, #5024, .T. ) ;
#2544 = DIRECTION ( 'NONE',  ( -0.000000000000000000, -0.000000000000000000, 1.000000000000000000 ) ) ;
#2545 = CARTESIAN_POINT ( 'NONE',  ( -45.00000000000047606, -50.00000000000000000, 15.00000000000000000 ) ) ;
#2546 = DIRECTION ( 'NONE',  ( 0.000000000000000000, 1.000000000000000000, 0.000000000000000000 ) ) ;
#2547 = AXIS2_PLACEMENT_3D ( 'NONE', #2246, #603, #3789 ) ;
#2548 = CIRCLE ( 'NONE', #3759, 5.000000000000004441 ) ;
#2549 = ORIENTED_EDGE ( 'NONE', *, *, #1781, .F. ) ;
#2550 = VERTEX_POINT ( 'NONE', #4266 ) ;
#2551 = CARTESIAN_POINT ( 'NONE',  ( 106.6000000000000369, -28.99999999999999289, 2.999999999999999112 ) ) ;
#2552 = CIRCLE ( 'NONE', #1009, 3.000000000000002665 ) ;
#2553 = ORIENTED_EDGE ( 'NONE', *, *, #4187, .T. ) ;
#2554 = CARTESIAN_POINT ( 'NONE',  ( -21.39999999999995950, 28.99999999999998934, 0.000000000000000000 ) ) ;
#2555 = EDGE_CURVE ( 'NONE', #273, #1756, #203, .T. ) ;
#2556 = DIRECTION ( 'NONE',  ( 0.000000000000000000, 0.000000000000000000, -1.000000000000000000 ) ) ;
#2557 = ORIENTED_EDGE ( 'NONE', *, *, #996, .F. ) ;
#2558 = VECTOR ( 'NONE', #3444, 1000.000000000000000 ) ;
#2559 = DIRECTION ( 'NONE',  ( 1.000000000000000000, 0.000000000000000000, 0.000000000000000000 ) ) ;
#2560 = CIRCLE ( 'NONE', #3258, 1.600000000000004086 ) ;
#2561 = ORIENTED_EDGE ( 'NONE', *, *, #2444, .T. ) ;
#2562 = CARTESIAN_POINT ( 'NONE',  ( -27.49999999999977263, 50.00000000000000000, 0.000000000000000000 ) ) ;
#2563 = ADVANCED_FACE ( 'NONE', ( #5056, #2648, #3481, #5131, #4298, #100, #1730, #1941, #2729, #3164, #5212, #5271, #2373, #4028, #4382, #625, #649, #680, #1087, #3134, #2321, #4323, #3977, #3107, #2674, #290, #3193, #2264, #1059, #3514, #1917, #5245, #3627, #2700 ), #1860, .F. ) ;
#2564 = ORIENTED_EDGE ( 'NONE', *, *, #3105, .T. ) ;
#2565 = DIRECTION ( 'NONE',  ( -0.000000000000000000, -0.000000000000000000, -1.000000000000000000 ) ) ;
#2566 = CARTESIAN_POINT ( 'NONE',  ( 125.0000000000000568, -75.00000000000001421, 0.000000000000000000 ) ) ;
#2567 = EDGE_CURVE ( 'NONE', #1850, #1616, #343, .T. ) ;
#2568 = EDGE_CURVE ( 'NONE', #4682, #3578, #4110, .T. ) ;
#2569 = CARTESIAN_POINT ( 'NONE',  ( -55.41742430504410777, -26.85000000000070131, 18.00000000000000000 ) ) ;
#2570 = EDGE_CURVE ( 'NONE', #1289, #1704, #1007, .T. ) ;
#2571 = CYLINDRICAL_SURFACE ( 'NONE', #1958, 1.600000000000004086 ) ;
#2572 = DIRECTION ( 'NONE',  ( 0.000000000000000000, 0.000000000000000000, -1.000000000000000000 ) ) ;
#2573 = ORIENTED_EDGE ( 'NONE', *, *, #201, .F. ) ;
#2574 = DIRECTION ( 'NONE',  ( 0.000000000000000000, -1.000000000000000000, 0.000000000000000000 ) ) ;
#2575 = FACE_OUTER_BOUND ( 'NONE', #5264, .T. ) ;
#2576 = AXIS2_PLACEMENT_3D ( 'NONE', #888, #92, #1295 ) ;
#2577 = DIRECTION ( 'NONE',  ( -1.020425574104003013E-15, -1.000000000000000000, -0.000000000000000000 ) ) ;
#2578 = EDGE_CURVE ( 'NONE', #3869, #1494, #3917, .T. ) ;
#2579 = VERTEX_POINT ( 'NONE', #1541 ) ;
#2580 = ORIENTED_EDGE ( 'NONE', *, *, #793, .F. ) ;
#2581 = AXIS2_PLACEMENT_3D ( 'NONE', #4987, #2141, #4604 ) ;
#2582 = CARTESIAN_POINT ( 'NONE',  ( -89.99999999999978684, 50.00000000001224265, 15.00000000000000000 ) ) ;
#2583 = ORIENTED_EDGE ( 'NONE', *, *, #2921, .T. ) ;
#2584 = FACE_OUTER_BOUND ( 'NONE', #1853, .T. ) ;
#2585 = CYLINDRICAL_SURFACE ( 'NONE', #655, 5.000000000000004441 ) ;
#2586 = ORIENTED_EDGE ( 'NONE', *, *, #771, .T. ) ;
#2587 = DIRECTION ( 'NONE',  ( -1.000000000000000000, 0.000000000000000000, 0.000000000000000000 ) ) ;
#2588 = CIRCLE ( 'NONE', #277, 2.500000000000002220 ) ;
#2589 = ORIENTED_EDGE ( 'NONE', *, *, #4219, .F. ) ;
#2590 = DIRECTION ( 'NONE',  ( 0.000000000000000000, 1.000000000000000000, -0.000000000000000000 ) ) ;
#2591 = AXIS2_PLACEMENT_3D ( 'NONE', #1527, #2770, #4476 ) ;
#2592 = ORIENTED_EDGE ( 'NONE', *, *, #1062, .F. ) ;
#2593 = VECTOR ( 'NONE', #4388, 1000.000000000000000 ) ;
#2594 = EDGE_CURVE ( 'NONE', #423, #587, #4844, .T. ) ;
#2595 = DIRECTION ( 'NONE',  ( 0.000000000000000000, 0.000000000000000000, -1.000000000000000000 ) ) ;
#2596 = ORIENTED_EDGE ( 'NONE', *, *, #5018, .T. ) ;
#2597 = CIRCLE ( 'NONE', #5273, 4.999999999999990230 ) ;
#2598 = DIRECTION ( 'NONE',  ( -1.000000000000000000, 0.000000000000000000, 0.000000000000000000 ) ) ;
#2599 = CYLINDRICAL_SURFACE ( 'NONE', #919, 4.999999999999997335 ) ;
#2600 = FACE_BOUND ( 'NONE', #1595, .T. ) ;
#2601 = FACE_BOUND ( 'NONE', #887, .T. ) ;
#2602 = ORIENTED_EDGE ( 'NONE', *, *, #643, .F. ) ;
#2603 = EDGE_CURVE ( 'NONE', #1985, #1299, #4347, .T. ) ;
#2604 = DIRECTION ( 'NONE',  ( -1.000000000000000000, -1.020425574104003013E-15, 0.000000000000000000 ) ) ;
#2605 = LINE ( 'NONE', #2657, #2043 ) ;
#2606 = ORIENTED_EDGE ( 'NONE', *, *, #4956, .T. ) ;
#2607 = CARTESIAN_POINT ( 'NONE',  ( -54.99999999999996447, -32.40000000000070912, 18.00000000000000000 ) ) ;
#2608 = EDGE_LOOP ( 'NONE', ( #3644, #1830 ) ) ;
#2609 = ADVANCED_FACE ( 'NONE', ( #3596 ), #1143, .F. ) ;
#2610 = DIRECTION ( 'NONE',  ( -0.000000000000000000, 0.000000000000000000, 1.000000000000000000 ) ) ;
#2611 = CARTESIAN_POINT ( 'NONE',  ( -54.99999999999995026, -25.60000000000000497, 24.50000000000000000 ) ) ;
#2612 = ADVANCED_FACE ( 'NONE', ( #2293 ), #4434, .F. ) ;
#2613 = EDGE_LOOP ( 'NONE', ( #3773, #3672, #5100, #4691 ) ) ;
#2614 = ORIENTED_EDGE ( 'NONE', *, *, #4619, .T. ) ;
#2615 = CARTESIAN_POINT ( 'NONE',  ( 20.00000000000004619, -4.999999999987760013, 0.000000000000000000 ) ) ;
#2616 = ORIENTED_EDGE ( 'NONE', *, *, #4052, .T. ) ;
#2617 = DIRECTION ( 'NONE',  ( 1.000000000000000000, 0.000000000000000000, 0.000000000000000000 ) ) ;
#2618 = EDGE_LOOP ( 'NONE', ( #3016, #1054, #5082, #4991 ) ) ;
#2619 = EDGE_CURVE ( 'NONE', #2018, #3080, #3611, .T. ) ;
#2620 = ORIENTED_EDGE ( 'NONE', *, *, #1741, .F. ) ;
#2621 = DIRECTION ( 'NONE',  ( 1.000000000000000000, 0.000000000000000000, 0.000000000000000000 ) ) ;
#2622 = CARTESIAN_POINT ( 'NONE',  ( -54.99999999999995737, 32.40000000000001279, 24.50000000000000000 ) ) ;
#2623 = DIRECTION ( 'NONE',  ( 0.000000000000000000, 0.000000000000000000, -1.000000000000000000 ) ) ;
#2624 = ORIENTED_EDGE ( 'NONE', *, *, #2055, .F. ) ;
#2625 = ADVANCED_FACE ( 'NONE', ( #225 ), #4871, .F. ) ;
#2626 = DIRECTION ( 'NONE',  ( 0.000000000000000000, 1.000000000000000000, 0.000000000000000000 ) ) ;
#2627 = FACE_OUTER_BOUND ( 'NONE', #5104, .T. ) ;
#2628 = VECTOR ( 'NONE', #1442, 1000.000000000000000 ) ;
#2629 = ORIENTED_EDGE ( 'NONE', *, *, #2743, .F. ) ;
#2630 = CARTESIAN_POINT ( 'NONE',  ( 35.00000000000022027, 50.00000000000000000, 25.00000000000000000 ) ) ;
#2631 = ORIENTED_EDGE ( 'NONE', *, *, #1506, .T. ) ;
#2632 = DIRECTION ( 'NONE',  ( 1.000000000000000000, -4.081702296416016786E-15, -0.000000000000000000 ) ) ;
#2633 = VECTOR ( 'NONE', #2792, 1000.000000000000000 ) ;
#2634 = CIRCLE ( 'NONE', #3676, 2.500000000000002220 ) ;
#2635 = CARTESIAN_POINT ( 'NONE',  ( 99.99999999999951683, -49.99999999998776445, 15.00000000000000000 ) ) ;
#2636 = ORIENTED_EDGE ( 'NONE', *, *, #2537, .T. ) ;
#2637 = EDGE_CURVE ( 'NONE', #1179, #1332, #2307, .T. ) ;
#2638 = EDGE_CURVE ( 'NONE', #4904, #5098, #2415, .T. ) ;
#2639 = AXIS2_PLACEMENT_3D ( 'NONE', #2714, #721, #1108 ) ;
#2641 = AXIS2_PLACEMENT_3D ( 'NONE', #4408, #3220, #1939 ) ;
#2640 =( NAMED_UNIT ( * ) PLANE_ANGLE_UNIT ( ) SI_UNIT ( $, .RADIAN. ) );
#2642 = EDGE_LOOP ( 'NONE', ( #4396, #863, #2669, #3009 ) ) ;
#2643 = DIRECTION ( 'NONE',  ( -1.000000000000000000, 0.000000000000000000, 0.000000000000000000 ) ) ;
#2644 = VECTOR ( 'NONE', #1831, 1000.000000000000000 ) ;
#2645 = EDGE_LOOP ( 'NONE', ( #3515, #1783, #371, #1127 ) ) ;
#2646 = AXIS2_PLACEMENT_3D ( 'NONE', #1187, #2363, #332 ) ;
#2647 = VECTOR ( 'NONE', #3739, 1000.000000000000000 ) ;
#2648 = FACE_BOUND ( 'NONE', #4233, .T. ) ;
#2649 = ORIENTED_EDGE ( 'NONE', *, *, #4955, .F. ) ;
#2650 = ORIENTED_EDGE ( 'NONE', *, *, #4726, .F. ) ;
#2651 = PRODUCT ( 'backborad1', 'backborad1', '', ( #593 ) ) ;
#2652 = LINE ( 'NONE', #3843, #3764 ) ;
#2653 = FACE_BOUND ( 'NONE', #2956, .T. ) ;
#2654 = CARTESIAN_POINT ( 'NONE',  ( 120.0000000000000568, 64.99999999999998579, 0.000000000000000000 ) ) ;
#2655 = ORIENTED_EDGE ( 'NONE', *, *, #1234, .T. ) ;
#2656 = CYLINDRICAL_SURFACE ( 'NONE', #822, 2.500000000000002220 ) ;
#2657 = CARTESIAN_POINT ( 'NONE',  ( 105.0000000000000426, -28.99999999999999289, 25.00000000000000000 ) ) ;
#2658 = EDGE_CURVE ( 'NONE', #378, #1756, #4040, .T. ) ;
#2659 = ORIENTED_EDGE ( 'NONE', *, *, #3244, .F. ) ;
#2660 = DIRECTION ( 'NONE',  ( -0.000000000000000000, -0.000000000000000000, -1.000000000000000000 ) ) ;
#2661 = AXIS2_PLACEMENT_3D ( 'NONE', #5045, #2939, #39 ) ;
#2662 = ORIENTED_EDGE ( 'NONE', *, *, #3692, .F. ) ;
#2663 = ORIENTED_EDGE ( 'NONE', *, *, #1540, .F. ) ;
#2664 = DIRECTION ( 'NONE',  ( 0.000000000000000000, 0.000000000000000000, -1.000000000000000000 ) ) ;
#2665 = DIRECTION ( 'NONE',  ( -0.000000000000000000, 0.000000000000000000, 1.000000000000000000 ) ) ;
#2666 = VECTOR ( 'NONE', #1311, 1000.000000000000000 ) ;
#2667 = ORIENTED_EDGE ( 'NONE', *, *, #4461, .T. ) ;
#2668 = CARTESIAN_POINT ( 'NONE',  ( -24.39999999999996305, 28.99999999999998934, 25.00000000000000000 ) ) ;
#2669 = ORIENTED_EDGE ( 'NONE', *, *, #4331, .T. ) ;
#2670 = CARTESIAN_POINT ( 'NONE',  ( -22.79999999999996163, 28.99999999999998934, 25.00000000000000000 ) ) ;
#2671 = CIRCLE ( 'NONE', #360, 1.600000000000004086 ) ;
#2672 = EDGE_CURVE ( 'NONE', #768, #217, #4271, .T. ) ;
#2673 = AXIS2_PLACEMENT_3D ( 'NONE', #1496, #746, #3612 ) ;
#2674 = FACE_BOUND ( 'NONE', #4494, .T. ) ;
#2675 = EDGE_LOOP ( 'NONE', ( #5095, #469, #3189, #5053 ) ) ;
#2676 = ADVANCED_FACE ( 'NONE', ( #4856 ), #4766, .F. ) ;
#2677 = VECTOR ( 'NONE', #4330, 1000.000000000000000 ) ;
#2678 = ORIENTED_EDGE ( 'NONE', *, *, #3625, .T. ) ;
#2679 = DIRECTION ( 'NONE',  ( 0.000000000000000000, -1.000000000000000000, 0.000000000000000000 ) ) ;
#2680 = CIRCLE ( 'NONE', #2862, 4.999999999999990230 ) ;
#2681 = LINE ( 'NONE', #1330, #4640 ) ;
#2682 = LINE ( 'NONE', #1438, #2079 ) ;
#2683 = ORIENTED_EDGE ( 'NONE', *, *, #2567, .F. ) ;
#2684 = LINE ( 'NONE', #4823, #647 ) ;
#2685 = LINE ( 'NONE', #1443, #2298 ) ;
#2686 = ORIENTED_EDGE ( 'NONE', *, *, #4563, .F. ) ;
#2687 = DIRECTION ( 'NONE',  ( 1.000000000000000000, -0.000000000000000000, -0.000000000000000000 ) ) ;
#2688 = ORIENTED_EDGE ( 'NONE', *, *, #1818, .F. ) ;
#2689 = DIRECTION ( 'NONE',  ( -1.000000000000000000, 0.000000000000000000, 0.000000000000000000 ) ) ;
#2690 = FACE_OUTER_BOUND ( 'NONE', #3094, .T. ) ;
#2691 = EDGE_CURVE ( 'NONE', #2802, #411, #2372, .T. ) ;
#2692 = ORIENTED_EDGE ( 'NONE', *, *, #4258, .F. ) ;
#2693 = FACE_OUTER_BOUND ( 'NONE', #484, .T. ) ;
#2694 = CARTESIAN_POINT ( 'NONE',  ( -14.99999999999977973, 50.00000000001224265, 0.000000000000000000 ) ) ;
#2695 = ORIENTED_EDGE ( 'NONE', *, *, #5241, .T. ) ;
#2696 = DIRECTION ( 'NONE',  ( -0.000000000000000000, -0.000000000000000000, -1.000000000000000000 ) ) ;
#2697 = CARTESIAN_POINT ( 'NONE',  ( -59.99999999999977973, 50.00000000001224265, 15.00000000000000000 ) ) ;
#2698 = EDGE_CURVE ( 'NONE', #594, #2306, #4828, .T. ) ;
#2699 = EDGE_CURVE ( 'NONE', #1754, #3972, #1423, .T. ) ;
#2700 = FACE_BOUND ( 'NONE', #1816, .T. ) ;
#2701 = ORIENTED_EDGE ( 'NONE', *, *, #3916, .F. ) ;
#2702 = ORIENTED_EDGE ( 'NONE', *, *, #1767, .T. ) ;
#2703 = LINE ( 'NONE', #5194, #2984 ) ;
#2704 = LINE ( 'NONE', #3113, #3066 ) ;
#2705 = LINE ( 'NONE', #5219, #25 ) ;
#2706 = VERTEX_POINT ( 'NONE', #1153 ) ;
#2707 = CARTESIAN_POINT ( 'NONE',  ( 69.99999999999951683, -44.99999999998776445, 25.00000000000000000 ) ) ;
#2708 = CARTESIAN_POINT ( 'NONE',  ( 52.50000000000006395, 0.000000000000000000, 25.00000000000000000 ) ) ;
#2709 = EDGE_LOOP ( 'NONE', ( #4335, #2907, #3334, #1237, #4562 ) ) ;
#2710 = FACE_OUTER_BOUND ( 'NONE', #1068, .T. ) ;
#2711 = CARTESIAN_POINT ( 'NONE',  ( 108.2000000000000455, 28.99999999999999289, 25.00000000000000000 ) ) ;
#2712 = EDGE_LOOP ( 'NONE', ( #1088, #1811, #4207, #3086 ) ) ;
#2713 = LINE ( 'NONE', #3017, #2229 ) ;
#2714 = CARTESIAN_POINT ( 'NONE',  ( 120.0000000000000568, -75.00000000000001421, 15.00000000000000000 ) ) ;
#2715 = CARTESIAN_POINT ( 'NONE',  ( -90.00000000000048317, -44.99999999998776445, 0.000000000000000000 ) ) ;
#2716 = VECTOR ( 'NONE', #2354, 1000.000000000000000 ) ;
#2717 = ORIENTED_EDGE ( 'NONE', *, *, #3298, .F. ) ;
#2718 = LINE ( 'NONE', #3477, #240 ) ;
#2719 = CARTESIAN_POINT ( 'NONE',  ( -24.39999999999996305, -28.99999999999998934, 2.999999999999999112 ) ) ;
#2720 = EDGE_CURVE ( 'NONE', #5236, #942, #1173, .T. ) ;
#2721 = AXIS2_PLACEMENT_3D ( 'NONE', #4656, #5030, #956 ) ;
#2722 = ORIENTED_EDGE ( 'NONE', *, *, #926, .T. ) ;
#2723 = DIRECTION ( 'NONE',  ( -0.000000000000000000, -0.000000000000000000, -1.000000000000000000 ) ) ;
#2724 = DIRECTION ( 'NONE',  ( -1.000000000000000000, 4.081702296416016786E-15, 0.000000000000000000 ) ) ;
#2725 = AXIS2_PLACEMENT_3D ( 'NONE', #1250, #4931, #4548 ) ;
#2726 = VECTOR ( 'NONE', #3981, 1000.000000000000000 ) ;
#2727 = AXIS2_PLACEMENT_3D ( 'NONE', #4591, #2151, #4180 ) ;
#2728 = EDGE_CURVE ( 'NONE', #199, #3562, #4797, .T. ) ;
#2729 = FACE_BOUND ( 'NONE', #3101, .T. ) ;
#2730 = ORIENTED_EDGE ( 'NONE', *, *, #4284, .F. ) ;
#2731 = AXIS2_PLACEMENT_3D ( 'NONE', #1202, #4497, #4341 ) ;
#2732 = AXIS2_PLACEMENT_3D ( 'NONE', #1843, #134, #4334 ) ;
#2733 = EDGE_LOOP ( 'NONE', ( #4973, #4205, #2702, #1368 ) ) ;
#2734 = CC_DESIGN_APPROVAL ( #977, ( #495 ) ) ;
#2735 = AXIS2_PLACEMENT_3D ( 'NONE', #2436, #4064, #5328 ) ;
#2736 = CARTESIAN_POINT ( 'NONE',  ( -60.00000000000047606, -44.99999999998776445, 0.000000000000000000 ) ) ;
#2737 = CARTESIAN_POINT ( 'NONE',  ( 54.99999999999954525, -50.00000000000000000, 0.000000000000000000 ) ) ;
#2738 = LINE ( 'NONE', #631, #4235 ) ;
#2739 = AXIS2_PLACEMENT_3D ( 'NONE', #5099, #4610, #612 ) ;
#2740 = VECTOR ( 'NONE', #2758, 1000.000000000000000 ) ;
#2741 = DIRECTION ( 'NONE',  ( -0.000000000000000000, -0.000000000000000000, -1.000000000000000000 ) ) ;
#2742 = LINE ( 'NONE', #4853, #2633 ) ;
#2743 = EDGE_CURVE ( 'NONE', #1179, #3080, #2746, .T. ) ;
#2744 = EDGE_CURVE ( 'NONE', #1405, #4740, #1916, .T. ) ;
#2745 = VERTEX_POINT ( 'NONE', #1987 ) ;
#2746 = LINE ( 'NONE', #3178, #144 ) ;
#2747 = DIRECTION ( 'NONE',  ( -1.000000000000000000, 0.000000000000000000, 0.000000000000000000 ) ) ;
#2748 = EDGE_LOOP ( 'NONE', ( #4561, #188 ) ) ;
#2749 = DIRECTION ( 'NONE',  ( -0.000000000000000000, -0.000000000000000000, -1.000000000000000000 ) ) ;
#2750 = DIRECTION ( 'NONE',  ( -0.000000000000000000, -0.000000000000000000, -1.000000000000000000 ) ) ;
#2751 = DIRECTION ( 'NONE',  ( -0.000000000000000000, 0.000000000000000000, 1.000000000000000000 ) ) ;
#2752 = EDGE_CURVE ( 'NONE', #1850, #4042, #3638, .T. ) ;
#2753 = ORIENTED_EDGE ( 'NONE', *, *, #4195, .F. ) ;
#2754 = CARTESIAN_POINT ( 'NONE',  ( 35.00000000000022027, 50.00000000000000000, 0.000000000000000000 ) ) ;
#2755 = ORIENTED_EDGE ( 'NONE', *, *, #1629, .T. ) ;
#2756 = ORIENTED_EDGE ( 'NONE', *, *, #3661, .T. ) ;
#2757 = DIRECTION ( 'NONE',  ( -1.000000000000000000, 0.000000000000000000, 0.000000000000000000 ) ) ;
#2758 = DIRECTION ( 'NONE',  ( -0.000000000000000000, -0.000000000000000000, -1.000000000000000000 ) ) ;
#2759 = ORIENTED_EDGE ( 'NONE', *, *, #4645, .F. ) ;
#2760 = ORIENTED_EDGE ( 'NONE', *, *, #2243, .T. ) ;
#2761 = EDGE_CURVE ( 'NONE', #4679, #1644, #692, .T. ) ;
#2762 = FACE_OUTER_BOUND ( 'NONE', #4507, .T. ) ;
#2763 = CARTESIAN_POINT ( 'NONE',  ( -118.3999999999999773, 64.99999999999998579, 0.000000000000000000 ) ) ;
#2764 = CARTESIAN_POINT ( 'NONE',  ( 108.2000000000000455, 28.99999999999999289, 25.00000000000000000 ) ) ;
#2765 = AXIS2_PLACEMENT_3D ( 'NONE', #4336, #4421, #4858 ) ;
#2766 = CARTESIAN_POINT ( 'NONE',  ( -125.0000000000001990, -26.85000000000098552, 21.19999999999999929 ) ) ;
#2767 = LINE ( 'NONE', #4764, #1530 ) ;
#2768 = VECTOR ( 'NONE', #1520, 1000.000000000000000 ) ;
#2769 = ORIENTED_EDGE ( 'NONE', *, *, #618, .F. ) ;
#2770 = DIRECTION ( 'NONE',  ( -0.000000000000000000, 0.000000000000000000, 1.000000000000000000 ) ) ;
#2771 = ADVANCED_FACE ( 'NONE', ( #2828 ), #4067, .F. ) ;
#2772 = CARTESIAN_POINT ( 'NONE',  ( 57.49999999999954525, -50.00000000000000000, 25.00000000000000000 ) ) ;
#2773 = ORIENTED_EDGE ( 'NONE', *, *, #1361, .F. ) ;
#2774 = CARTESIAN_POINT ( 'NONE',  ( -106.5999999999999659, -75.00000000000000000, 15.00000000000000000 ) ) ;
#2775 = DIRECTION ( 'NONE',  ( -0.000000000000000000, -0.000000000000000000, -1.000000000000000000 ) ) ;
#2776 = DIRECTION ( 'NONE',  ( -1.000000000000000000, 0.000000000000000000, 0.000000000000000000 ) ) ;
#2777 = ORIENTED_EDGE ( 'NONE', *, *, #4308, .F. ) ;
#2778 = PERSON_AND_ORGANIZATION ( #3217, #1011 ) ;
#2779 = EDGE_CURVE ( 'NONE', #891, #1961, #228, .T. ) ;
#2780 = DIRECTION ( 'NONE',  ( 1.000000000000000000, 0.000000000000000000, 0.000000000000000000 ) ) ;
#2781 = ORIENTED_EDGE ( 'NONE', *, *, #1293, .T. ) ;
#2782 = CARTESIAN_POINT ( 'NONE',  ( -10.00000000000047429, -49.99999999998776445, 0.000000000000000000 ) ) ;
#2783 = DIRECTION ( 'NONE',  ( -0.000000000000000000, -0.000000000000000000, -1.000000000000000000 ) ) ;
#2784 = DIRECTION ( 'NONE',  ( 1.000000000000000000, 4.081702296416016786E-15, 0.000000000000000000 ) ) ;
#2785 = ORIENTED_EDGE ( 'NONE', *, *, #2848, .T. ) ;
#2786 = VERTEX_POINT ( 'NONE', #3120 ) ;
#2787 = LINE ( 'NONE', #709, #4369 ) ;
#2788 = LINE ( 'NONE', #1464, #4381 ) ;
#2789 = CARTESIAN_POINT ( 'NONE',  ( -54.99999999999996447, 31.15000000000069846, 21.19999999999999929 ) ) ;
#2790 = ADVANCED_FACE ( 'NONE', ( #2710 ), #3556, .F. ) ;
#2791 = DIRECTION ( 'NONE',  ( 0.000000000000000000, 1.000000000000000000, 0.000000000000000000 ) ) ;
#2792 = DIRECTION ( 'NONE',  ( -0.000000000000000000, -0.000000000000000000, -1.000000000000000000 ) ) ;
#2793 = ORIENTED_EDGE ( 'NONE', *, *, #3457, .F. ) ;
#2794 = CARTESIAN_POINT ( 'NONE',  ( 120.0000000000000426, 21.01742430504416248, 15.00000000000000000 ) ) ;
#2795 = LINE ( 'NONE', #1556, #2328 ) ;
#2796 = EDGE_CURVE ( 'NONE', #3207, #4224, #400, .T. ) ;
#2797 = ORIENTED_EDGE ( 'NONE', *, *, #2809, .T. ) ;
#2798 = FACE_OUTER_BOUND ( 'NONE', #627, .T. ) ;
#2799 = DIRECTION ( 'NONE',  ( 0.000000000000000000, -0.000000000000000000, -1.000000000000000000 ) ) ;
#2800 = CARTESIAN_POINT ( 'NONE',  ( 115.0000000000000568, 32.40000000000000568, 21.69999999999999929 ) ) ;
#2801 = ORIENTED_EDGE ( 'NONE', *, *, #5061, .F. ) ;
#2802 = VERTEX_POINT ( 'NONE', #4689 ) ;
#2803 = COORDINATED_UNIVERSAL_TIME_OFFSET ( 8, 0, .AHEAD. ) ;
#2804 = CYLINDRICAL_SURFACE ( 'NONE', #2339, 4.999999999999990230 ) ;
#2805 = ORIENTED_EDGE ( 'NONE', *, *, #818, .T. ) ;
#2806 = PLANE ( 'NONE',  #3706 ) ;
#2807 = CARTESIAN_POINT ( 'NONE',  ( -119.9999999999999858, -64.99999999999998579, 25.00000000000000000 ) ) ;
#2808 = EDGE_CURVE ( 'NONE', #1620, #4073, #4450, .T. ) ;
#2809 = EDGE_CURVE ( 'NONE', #5026, #3300, #3924, .T. ) ;
#2810 = AXIS2_PLACEMENT_3D ( 'NONE', #3377, #3895, #2970 ) ;
#2811 = CARTESIAN_POINT ( 'NONE',  ( -125.0000000000001990, -25.60000000000097842, 18.00000000000000000 ) ) ;
#2812 = ORIENTED_EDGE ( 'NONE', *, *, #539, .F. ) ;
#2813 = CIRCLE ( 'NONE', #2206, 1.600000000000004086 ) ;
#2814 = ORIENTED_EDGE ( 'NONE', *, *, #896, .T. ) ;
#2815 = AXIS2_PLACEMENT_3D ( 'NONE', #1483, #77, #3005 ) ;
#2816 = B_SPLINE_CURVE_WITH_KNOTS ( 'NONE', 3,
 ( #397, #3685, #1251, #5327 ),
 .UNSPECIFIED., .F., .F.,
 ( 4, 4 ),
 ( 0.000000000000000000, 1.000000000000000000 ),
 .UNSPECIFIED. ) ;
#2817 = CARTESIAN_POINT ( 'NONE',  ( 57.50000000000024158, 50.00000000000000000, 0.000000000000000000 ) ) ;
#2818 = LOCAL_TIME ( 14, 40, 30.00000000000000000, #2803 ) ;
#2819 = VECTOR ( 'NONE', #1222, 1000.000000000000000 ) ;
#2820 = CARTESIAN_POINT ( 'NONE',  ( 115.0000000000000995, -26.85000000000000497, 21.19999999999999929 ) ) ;
#2821 = CARTESIAN_POINT ( 'NONE',  ( 108.2000000000000455, -28.99999999999999289, 25.00000000000000000 ) ) ;
#2822 = DIRECTION ( 'NONE',  ( -1.000000000000000000, 0.000000000000000000, 0.000000000000000000 ) ) ;
#2823 = VECTOR ( 'NONE', #1298, 1000.000000000000000 ) ;
#2824 = AXIS2_PLACEMENT_3D ( 'NONE', #3926, #3011, #1743 ) ;
#2825 = CC_DESIGN_DATE_AND_TIME_ASSIGNMENT ( #757, #1535, ( #3984 ) ) ;
#2826 = ORIENTED_EDGE ( 'NONE', *, *, #4951, .T. ) ;
#2827 = AXIS2_PLACEMENT_3D ( 'NONE', #4936, #4578, #877 ) ;
#2828 = FACE_OUTER_BOUND ( 'NONE', #681, .T. ) ;
#2829 = DIRECTION ( 'NONE',  ( 0.000000000000000000, 0.000000000000000000, -1.000000000000000000 ) ) ;
#2830 = ORIENTED_EDGE ( 'NONE', *, *, #4116, .F. ) ;
#2831 = CARTESIAN_POINT ( 'NONE',  ( 115.0000000000000568, 31.90000000000000568, 25.00000000000000000 ) ) ;
#2832 = DIRECTION ( 'NONE',  ( -0.000000000000000000, -0.000000000000000000, -1.000000000000000000 ) ) ;
#2833 = DIRECTION ( 'NONE',  ( -0.000000000000000000, -0.000000000000000000, -1.000000000000000000 ) ) ;
#2834 = EDGE_CURVE ( 'NONE', #3667, #4406, #2196, .T. ) ;
#2835 = EDGE_LOOP ( 'NONE', ( #1090, #2797, #962, #1557 ) ) ;
#2836 = VERTEX_POINT ( 'NONE', #4200 ) ;
#2837 = PERSON_AND_ORGANIZATION ( #3217, #1011 ) ;
#2838 = CARTESIAN_POINT ( 'NONE',  ( 109.6000000000000512, -28.99999999999999289, 3.000000000000000000 ) ) ;
#2839 = ORIENTED_EDGE ( 'NONE', *, *, #3704, .T. ) ;
#2840 = VERTEX_POINT ( 'NONE', #2981 ) ;
#2841 = DIRECTION ( 'NONE',  ( 0.000000000000000000, 0.000000000000000000, -1.000000000000000000 ) ) ;
#2842 = B_SPLINE_CURVE_WITH_KNOTS ( 'NONE', 3,
 ( #990, #4692, #3015, #2607 ),
 .UNSPECIFIED., .F., .F.,
 ( 4, 4 ),
 ( 0.000000000000000000, 1.000000000000000000 ),
 .UNSPECIFIED. ) ;
#2843 = EDGE_LOOP ( 'NONE', ( #2098, #5202, #4744, #946 ) ) ;
#2844 = ORIENTED_EDGE ( 'NONE', *, *, #2430, .F. ) ;
#2845 = VECTOR ( 'NONE', #3262, 1000.000000000000000 ) ;
#2846 = LINE ( 'NONE', #4211, #4629 ) ;
#2847 = DIRECTION ( 'NONE',  ( -1.000000000000000000, 0.000000000000000000, 0.000000000000000000 ) ) ;
#2848 = EDGE_CURVE ( 'NONE', #1814, #973, #2224, .T. ) ;
#2849 = DIRECTION ( 'NONE',  ( 0.000000000000000000, -1.000000000000000000, 0.000000000000000000 ) ) ;
#2850 = CARTESIAN_POINT ( 'NONE',  ( -118.3999999999999773, -64.99999999999998579, 15.00000000000000000 ) ) ;
#2851 = AXIS2_PLACEMENT_3D ( 'NONE', #4526, #804, #51 ) ;
#2852 = CARTESIAN_POINT ( 'NONE',  ( -59.99999999999996447, -36.98257569495585528, 15.00000000000000000 ) ) ;
#2853 = CYLINDRICAL_SURFACE ( 'NONE', #2414, 1.600000000000004086 ) ;
#2854 = ORIENTED_EDGE ( 'NONE', *, *, #3373, .T. ) ;
#2855 = CARTESIAN_POINT ( 'NONE',  ( 118.4000000000000483, -64.99999999999998579, 15.00000000000000000 ) ) ;
#2856 = DIRECTION ( 'NONE',  ( 0.000000000000000000, 0.000000000000000000, -1.000000000000000000 ) ) ;
#2857 = DIRECTION ( 'NONE',  ( -0.000000000000000000, -0.000000000000000000, -1.000000000000000000 ) ) ;
#2858 = CIRCLE ( 'NONE', #3459, 2.500000000000002220 ) ;
#2859 = ORIENTED_EDGE ( 'NONE', *, *, #1971, .T. ) ;
#2860 = ORIENTED_EDGE ( 'NONE', *, *, #2477, .T. ) ;
#2861 = DIRECTION ( 'NONE',  ( 1.000000000000000000, 0.000000000000000000, 0.000000000000000000 ) ) ;
#2862 = AXIS2_PLACEMENT_3D ( 'NONE', #1667, #1619, #4965 ) ;
#2863 = ORIENTED_EDGE ( 'NONE', *, *, #1407, .F. ) ;
#2864 = ORIENTED_EDGE ( 'NONE', *, *, #4552, .F. ) ;
#2865 = ADVANCED_FACE ( 'NONE', ( #1823 ), #3035, .F. ) ;
#2866 = DIRECTION ( 'NONE',  ( -0.000000000000000000, 0.000000000000000000, -1.000000000000000000 ) ) ;
#2867 = EDGE_LOOP ( 'NONE', ( #3488, #315, #1544, #2027, #4884, #3494, #1081, #2830 ) ) ;
#2868 = EDGE_CURVE ( 'NONE', #4042, #2934, #2109, .T. ) ;
#2869 = VERTEX_POINT ( 'NONE', #5068 ) ;
#2870 = EDGE_CURVE ( 'NONE', #564, #4324, #4636, .T. ) ;
#2871 = CARTESIAN_POINT ( 'NONE',  ( 106.6000000000000369, -28.99999999999999289, 25.00000000000000000 ) ) ;
#2872 = CARTESIAN_POINT ( 'NONE',  ( 121.6000000000000512, 64.99999999999998579, 15.00000000000000000 ) ) ;
#2873 = DIRECTION ( 'NONE',  ( -1.000000000000000000, 0.000000000000000000, 0.000000000000000000 ) ) ;
#2874 = EDGE_CURVE ( 'NONE', #4641, #4780, #2973, .T. ) ;
#2875 = EDGE_CURVE ( 'NONE', #4073, #3467, #3490, .T. ) ;
#2876 = DIRECTION ( 'NONE',  ( -0.000000000000000000, -0.000000000000000000, -1.000000000000000000 ) ) ;
#2877 = DIRECTION ( 'NONE',  ( 1.000000000000000000, 4.163336342344333082E-15, 0.000000000000000000 ) ) ;
#2878 = VERTEX_POINT ( 'NONE', #986 ) ;
#2879 = DIRECTION ( 'NONE',  ( 0.000000000000000000, 1.000000000000000000, -0.000000000000000000 ) ) ;
#2880 = CARTESIAN_POINT ( 'NONE',  ( 125.0000000000000568, -75.00000000000001421, 15.00000000000000000 ) ) ;
#2881 = CARTESIAN_POINT ( 'NONE',  ( 103.4000000000000199, -75.00000000000000000, 25.00000000000000000 ) ) ;
#2882 = ORIENTED_EDGE ( 'NONE', *, *, #3522, .T. ) ;
#2883 = VERTEX_POINT ( 'NONE', #164 ) ;
#2884 = LINE ( 'NONE', #2838, #28 ) ;
#2885 = ORIENTED_EDGE ( 'NONE', *, *, #1377, .T. ) ;
#2886 = LINE ( 'NONE', #118, #1633 ) ;
#2887 = CARTESIAN_POINT ( 'NONE',  ( 70.00000000000021316, 55.00000000001224265, 15.00000000000000000 ) ) ;
#2888 = ORIENTED_EDGE ( 'NONE', *, *, #3430, .F. ) ;
#2889 = EDGE_LOOP ( 'NONE', ( #4928, #600, #1364, #420 ) ) ;
#2890 = AXIS2_PLACEMENT_3D ( 'NONE', #2545, #1365, #189 ) ;
#2891 = EDGE_CURVE ( 'NONE', #2963, #3562, #1940, .T. ) ;
#2892 = CARTESIAN_POINT ( 'NONE',  ( -60.00000000000047606, -44.99999999998776445, 25.00000000000000000 ) ) ;
#2893 = CIRCLE ( 'NONE', #3862, 5.000000000000004441 ) ;
#2894 = VECTOR ( 'NONE', #2948, 1000.000000000000000 ) ;
#2895 = DIRECTION ( 'NONE',  ( -0.000000000000000000, -0.000000000000000000, -1.000000000000000000 ) ) ;
#2896 = FACE_OUTER_BOUND ( 'NONE', #3051, .T. ) ;
#2897 = CIRCLE ( 'NONE', #2121, 5.000000000000004441 ) ;
#2898 = CIRCLE ( 'NONE', #416, 4.999999999999990230 ) ;
#2899 = CYLINDRICAL_SURFACE ( 'NONE', #930, 1.600000000000000755 ) ;
#2900 = CARTESIAN_POINT ( 'NONE',  ( -9.999999999999781508, 45.00000000001224265, 25.00000000000000000 ) ) ;
#2901 = ORIENTED_EDGE ( 'NONE', *, *, #1403, .T. ) ;
#2902 = LINE ( 'NONE', #4558, #1550 ) ;
#2903 = DIRECTION ( 'NONE',  ( -0.000000000000000000, -0.000000000000000000, -1.000000000000000000 ) ) ;
#2904 = CIRCLE ( 'NONE', #4113, 1.600000000000004086 ) ;
#2905 = VECTOR ( 'NONE', #2857, 1000.000000000000000 ) ;
#2906 = CYLINDRICAL_SURFACE ( 'NONE', #2996, 2.500000000000002220 ) ;
#2907 = ORIENTED_EDGE ( 'NONE', *, *, #5033, .F. ) ;
#2908 = VECTOR ( 'NONE', #3716, 1000.000000000000000 ) ;
#2909 = ORIENTED_EDGE ( 'NONE', *, *, #1392, .T. ) ;
#2910 = AXIS2_PLACEMENT_3D ( 'NONE', #2923, #2515, #3304 ) ;
#2911 = FACE_OUTER_BOUND ( 'NONE', #4581, .T. ) ;
#2912 = ORIENTED_EDGE ( 'NONE', *, *, #730, .T. ) ;
#2913 = ADVANCED_FACE ( 'NONE', ( #5096 ), #2656, .F. ) ;
#2914 = CYLINDRICAL_SURFACE ( 'NONE', #4920, 0.5000000000000004441 ) ;
#2915 = CARTESIAN_POINT ( 'NONE',  ( 54.99999999999954525, -50.00000000000000000, 15.00000000000000000 ) ) ;
#2916 = VERTEX_POINT ( 'NONE', #1742 ) ;
#2917 = CARTESIAN_POINT ( 'NONE',  ( -57.95115232507772873, 23.06627197996639822, 15.00000000000000000 ) ) ;
#2918 = ORIENTED_EDGE ( 'NONE', *, *, #2691, .T. ) ;
#2919 = CIRCLE ( 'NONE', #1543, 2.500000000000002220 ) ;
#2920 = CARTESIAN_POINT ( 'NONE',  ( 37.50000000000004974, 3.061616997868386099E-16, 25.00000000000000000 ) ) ;
#2921 = EDGE_CURVE ( 'NONE', #1704, #389, #3796, .T. ) ;
#2922 = CARTESIAN_POINT ( 'NONE',  ( -54.99999999999995026, -25.60000000000000497, 25.00000000000000000 ) ) ;
#2923 = CARTESIAN_POINT ( 'NONE',  ( -24.39999999999996305, 28.99999999999998934, 0.000000000000000000 ) ) ;
#2924 = AXIS2_PLACEMENT_3D ( 'NONE', #3209, #2879, #904 ) ;
#2925 = LINE ( 'NONE', #2950, #2647 ) ;
#2926 = LINE ( 'NONE', #3691, #3454 ) ;
#2927 = CIRCLE ( 'NONE', #4927, 4.999999999999990230 ) ;
#2928 = ORIENTED_EDGE ( 'NONE', *, *, #3226, .T. ) ;
#2929 = FACE_BOUND ( 'NONE', #191, .T. ) ;
#2930 = ADVANCED_FACE ( 'NONE', ( #2575 ), #2170, .F. ) ;
#2931 = CARTESIAN_POINT ( 'NONE',  ( 115.4174243050442215, 25.60000000000000497, 18.00000000000000000 ) ) ;
#2932 = CARTESIAN_POINT ( 'NONE',  ( -59.99999999999995737, -4.999999999987760013, 25.00000000000000000 ) ) ;
#2933 = AXIS2_PLACEMENT_3D ( 'NONE', #1928, #667, #3526 ) ;
#2934 = VERTEX_POINT ( 'NONE', #3468 ) ;
#2935 = EDGE_CURVE ( 'NONE', #2276, #3667, #1597, .T. ) ;
#2936 = EDGE_LOOP ( 'NONE', ( #1294, #108, #5312, #2759 ) ) ;
#2937 = CARTESIAN_POINT ( 'NONE',  ( 64.99999999999953104, -49.99999999998776445, 0.000000000000000000 ) ) ;
#2938 = ORIENTED_EDGE ( 'NONE', *, *, #2164, .T. ) ;
#2939 = DIRECTION ( 'NONE',  ( 0.000000000000000000, 0.000000000000000000, -1.000000000000000000 ) ) ;
#2940 = CIRCLE ( 'NONE', #1993, 4.999999999999997335 ) ;
#2941 = LINE ( 'NONE', #1296, #5233 ) ;
#2942 = CIRCLE ( 'NONE', #2162, 2.500000000000002220 ) ;
#2943 = FACE_OUTER_BOUND ( 'NONE', #3411, .T. ) ;
#2944 = EDGE_LOOP ( 'NONE', ( #2002, #2503, #2140, #3659 ) ) ;
#2945 = DIRECTION ( 'NONE',  ( -0.000000000000000000, -0.000000000000000000, -1.000000000000000000 ) ) ;
#2946 = EDGE_LOOP ( 'NONE', ( #1583, #1395, #10, #2523 ) ) ;
#2947 = DIRECTION ( 'NONE',  ( 1.000000000000000000, 0.000000000000000000, 0.000000000000000000 ) ) ;
#2948 = DIRECTION ( 'NONE',  ( -0.000000000000000000, -0.000000000000000000, -1.000000000000000000 ) ) ;
#2949 = CARTESIAN_POINT ( 'NONE',  ( -59.99999999999977973, 45.00000000001224265, 15.00000000000000000 ) ) ;
#2950 = CARTESIAN_POINT ( 'NONE',  ( 0.000000000000000000, -4.999999999987760013, 15.00000000000000000 ) ) ;
#2951 = CARTESIAN_POINT ( 'NONE',  ( 105.0000000000000284, 75.00000000000000000, 0.000000000000000000 ) ) ;
#2952 = VERTEX_POINT ( 'NONE', #133 ) ;
#2953 = LINE ( 'NONE', #4199, #4657 ) ;
#2954 = LINE ( 'NONE', #2419, #4893 ) ;
#2955 = DIRECTION ( 'NONE',  ( -0.000000000000000000, -0.000000000000000000, -1.000000000000000000 ) ) ;
#2956 = EDGE_LOOP ( 'NONE', ( #761, #1873 ) ) ;
#2957 = EDGE_CURVE ( 'NONE', #2958, #4256, #4715, .T. ) ;
#2958 = VERTEX_POINT ( 'NONE', #3010 ) ;
#2959 = DIRECTION ( 'NONE',  ( 0.000000000000000000, 0.000000000000000000, 1.000000000000000000 ) ) ;
#2960 = VERTEX_POINT ( 'NONE', #1019 ) ;
#2961 = DIRECTION ( 'NONE',  ( -0.000000000000000000, 0.000000000000000000, 1.000000000000000000 ) ) ;
#2962 = DIRECTION ( 'NONE',  ( -0.000000000000000000, -0.000000000000000000, -1.000000000000000000 ) ) ;
#2963 = VERTEX_POINT ( 'NONE', #1842 ) ;
#2964 = LINE ( 'NONE', #4182, #3251 ) ;
#2965 = ORIENTED_EDGE ( 'NONE', *, *, #3554, .T. ) ;
#2966 = DIRECTION ( 'NONE',  ( -0.000000000000000000, 0.000000000000000000, 1.000000000000000000 ) ) ;
#2967 = EDGE_CURVE ( 'NONE', #1405, #3863, #3958, .T. ) ;
#2968 = EDGE_CURVE ( 'NONE', #2480, #1182, #2330, .T. ) ;
#2969 = ORIENTED_EDGE ( 'NONE', *, *, #4364, .F. ) ;
#2970 = DIRECTION ( 'NONE',  ( -1.000000000000000000, 0.000000000000000000, 0.000000000000000000 ) ) ;
#2971 = EDGE_CURVE ( 'NONE', #1367, #3403, #2684, .T. ) ;
#2972 = DIRECTION ( 'NONE',  ( 0.000000000000000000, -0.000000000000000000, 1.000000000000000000 ) ) ;
#2973 = CIRCLE ( 'NONE', #5134, 0.5000000000000004441 ) ;
#2974 = LINE ( 'NONE', #2539, #3427 ) ;
#2975 = CARTESIAN_POINT ( 'NONE',  ( -27.39999999999996660, 28.99999999999998934, 3.000000000000000000 ) ) ;
#2976 = AXIS2_PLACEMENT_3D ( 'NONE', #1871, #4736, #4763 ) ;
#2977 = FACE_BOUND ( 'NONE', #3004, .T. ) ;
#2978 = CARTESIAN_POINT ( 'NONE',  ( 70.00000000000004263, -4.999999999987760013, 15.00000000000000000 ) ) ;
#2979 = VERTEX_POINT ( 'NONE', #687 ) ;
#2980 = DIRECTION ( 'NONE',  ( -0.000000000000000000, -0.000000000000000000, -1.000000000000000000 ) ) ;
#2981 = CARTESIAN_POINT ( 'NONE',  ( 100.0000000000002132, 45.00000000001224265, 0.000000000000000000 ) ) ;
#2982 = DIRECTION ( 'NONE',  ( -0.000000000000000000, -0.000000000000000000, -1.000000000000000000 ) ) ;
#2983 = AXIS2_PLACEMENT_3D ( 'NONE', #317, #1950, #5250 ) ;
#2984 = VECTOR ( 'NONE', #4351, 1000.000000000000000 ) ;
#2985 = AXIS2_PLACEMENT_3D ( 'NONE', #4674, #1027, #4259 ) ;
#2986 = ORIENTED_EDGE ( 'NONE', *, *, #4195, .T. ) ;
#2987 = ORIENTED_EDGE ( 'NONE', *, *, #2004, .F. ) ;
#2988 = DIRECTION ( 'NONE',  ( -1.000000000000000000, 0.000000000000000000, 0.000000000000000000 ) ) ;
#2989 = AXIS2_PLACEMENT_3D ( 'NONE', #4413, #316, #1489 ) ;
#2990 = AXIS2_PLACEMENT_3D ( 'NONE', #1391, #4716, #634 ) ;
#2991 = ORIENTED_EDGE ( 'NONE', *, *, #5288, .F. ) ;
#2992 = CYLINDRICAL_SURFACE ( 'NONE', #261, 1.600000000000004086 ) ;
#2993 = DIRECTION ( 'NONE',  ( 1.000000000000000000, 0.000000000000000000, 0.000000000000000000 ) ) ;
#2994 = ADVANCED_FACE ( 'NONE', ( #1923 ), #1150, .T. ) ;
#2995 = ORIENTED_EDGE ( 'NONE', *, *, #399, .F. ) ;
#2996 = AXIS2_PLACEMENT_3D ( 'NONE', #1259, #4941, #1640 ) ;
#2997 = DIRECTION ( 'NONE',  ( 2.040851148208008393E-15, -1.000000000000000000, 0.000000000000000000 ) ) ;
#2998 = CIRCLE ( 'NONE', #4204, 2.500000000000002220 ) ;
#2999 = ORIENTED_EDGE ( 'NONE', *, *, #4001, .T. ) ;
#3000 = DIRECTION ( 'NONE',  ( 0.000000000000000000, -0.000000000000000000, 1.000000000000000000 ) ) ;
#3001 = ORIENTED_EDGE ( 'NONE', *, *, #4145, .T. ) ;
#3002 = EDGE_CURVE ( 'NONE', #4224, #1571, #4390, .T. ) ;
#3003 = DIRECTION ( 'NONE',  ( -1.000000000000000000, 0.000000000000000000, 0.000000000000000000 ) ) ;
#3004 = EDGE_LOOP ( 'NONE', ( #1060, #3399 ) ) ;
#3005 = DIRECTION ( 'NONE',  ( 1.000000000000000000, 0.000000000000000000, 0.000000000000000000 ) ) ;
#3006 = CARTESIAN_POINT ( 'NONE',  ( 20.00000000000004619, -4.999999999987760013, 25.00000000000000000 ) ) ;
#3007 = FACE_BOUND ( 'NONE', #5140, .T. ) ;
#3008 = DIRECTION ( 'NONE',  ( -0.000000000000000000, 0.000000000000000000, 1.000000000000000000 ) ) ;
#3009 = ORIENTED_EDGE ( 'NONE', *, *, #3738, .T. ) ;
#3010 = CARTESIAN_POINT ( 'NONE',  ( 70.00000000000004263, 5.000000000012239987, 0.000000000000000000 ) ) ;
#3011 = DIRECTION ( 'NONE',  ( -0.000000000000000000, -0.000000000000000000, -1.000000000000000000 ) ) ;
#3012 = EDGE_LOOP ( 'NONE', ( #439, #5199, #4569, #4299 ) ) ;
#3013 = ORIENTED_EDGE ( 'NONE', *, *, #4358, .T. ) ;
#3014 = VECTOR ( 'NONE', #3664, 1000.000000000000000 ) ;
#3015 = CARTESIAN_POINT ( 'NONE',  ( -55.13914143501467890, -32.40000000000001279, 18.00000000000000000 ) ) ;
#3016 = ORIENTED_EDGE ( 'NONE', *, *, #4416, .T. ) ;
#3017 = CARTESIAN_POINT ( 'NONE',  ( 0.000000000000000000, -54.99999999998775735, 15.00000000000000000 ) ) ;
#3018 = CARTESIAN_POINT ( 'NONE',  ( 100.0000000000000426, 1.224020884649235086E-11, 25.00000000000000000 ) ) ;
#3019 = ORIENTED_EDGE ( 'NONE', *, *, #1610, .T. ) ;
#3020 = DIRECTION ( 'NONE',  ( -1.020425574104003013E-15, 1.000000000000000000, 0.000000000000000000 ) ) ;
#3021 = CIRCLE ( 'NONE', #4747, 5.000000000000004441 ) ;
#3022 = ORIENTED_EDGE ( 'NONE', *, *, #2968, .T. ) ;
#3023 = LINE ( 'NONE', #2157, #866 ) ;
#3024 = ORIENTED_EDGE ( 'NONE', *, *, #1, .F. ) ;
#3025 = AXIS2_PLACEMENT_3D ( 'NONE', #529, #3818, #1821 ) ;
#3026 = EDGE_CURVE ( 'NONE', #3478, #3693, #633, .T. ) ;
#3027 = CARTESIAN_POINT ( 'NONE',  ( 99.99999999999951683, -44.99999999998776445, 25.00000000000000000 ) ) ;
#3028 = EDGE_LOOP ( 'NONE', ( #3617, #1671, #2756, #4545 ) ) ;
#3029 = VECTOR ( 'NONE', #2074, 1000.000000000000000 ) ;
#3030 = ORIENTED_EDGE ( 'NONE', *, *, #2477, .F. ) ;
#3031 = FACE_OUTER_BOUND ( 'NONE', #1056, .T. ) ;
#3032 = LINE ( 'NONE', #1794, #340 ) ;
#3033 = LINE ( 'NONE', #4686, #3109 ) ;
#3034 = ORIENTED_EDGE ( 'NONE', *, *, #1, .T. ) ;
#3035 = CYLINDRICAL_SURFACE ( 'NONE', #4888, 1.600000000000004086 ) ;
#3036 = EDGE_CURVE ( 'NONE', #5209, #587, #4103, .T. ) ;
#3037 = EDGE_CURVE ( 'NONE', #3358, #4889, #4355, .T. ) ;
#3038 = ADVANCED_FACE ( 'NONE', ( #1521 ), #4791, .F. ) ;
#3039 = EDGE_LOOP ( 'NONE', ( #2217, #3313, #1994, #362 ) ) ;
#3040 = PRODUCT_DEFINITION_SHAPE ( 'NONE', 'NONE',  #3984 ) ;
#3041 = DIRECTION ( 'NONE',  ( 0.000000000000000000, 0.000000000000000000, -1.000000000000000000 ) ) ;
#3042 = ORIENTED_EDGE ( 'NONE', *, *, #4181, .F. ) ;
#3043 = FACE_OUTER_BOUND ( 'NONE', #1382, .T. ) ;
#3044 = DIRECTION ( 'NONE',  ( -0.000000000000000000, -0.000000000000000000, -1.000000000000000000 ) ) ;
#3045 = ORIENTED_EDGE ( 'NONE', *, *, #2394, .T. ) ;
#3046 = DIRECTION ( 'NONE',  ( -1.000000000000000000, 0.000000000000000000, 0.000000000000000000 ) ) ;
#3047 = ORIENTED_EDGE ( 'NONE', *, *, #2083, .F. ) ;
#3048 = CARTESIAN_POINT ( 'NONE',  ( 106.6000000000000369, 28.99999999999999289, 25.00000000000000000 ) ) ;
#3049 = ORIENTED_EDGE ( 'NONE', *, *, #5146, .F. ) ;
#3050 = DIRECTION ( 'NONE',  ( -0.000000000000000000, 0.000000000000000000, 1.000000000000000000 ) ) ;
#3051 = EDGE_LOOP ( 'NONE', ( #4649, #147, #4305, #1417 ) ) ;
#3052 = VERTEX_POINT ( 'NONE', #3925 ) ;
#3053 = EDGE_CURVE ( 'NONE', #754, #183, #1895, .T. ) ;
#3054 = FACE_OUTER_BOUND ( 'NONE', #4587, .T. ) ;
#3055 = FACE_OUTER_BOUND ( 'NONE', #1691, .T. ) ;
#3056 = CARTESIAN_POINT ( 'NONE',  ( 0.000000000000000000, 45.00000000001224265, 15.00000000000000000 ) ) ;
#3057 = CIRCLE ( 'NONE', #2810, 3.000000000000002665 ) ;
#3058 = ORIENTED_EDGE ( 'NONE', *, *, #5013, .T. ) ;
#3059 = DIRECTION ( 'NONE',  ( 1.000000000000000000, 0.000000000000000000, 0.000000000000000000 ) ) ;
#3060 = DIRECTION ( 'NONE',  ( -0.000000000000000000, 0.000000000000000000, 1.000000000000000000 ) ) ;
#3061 = AXIS2_PLACEMENT_3D ( 'NONE', #4226, #4278, #4665 ) ;
#3062 = ORIENTED_EDGE ( 'NONE', *, *, #683, .T. ) ;
#3063 = EDGE_CURVE ( 'NONE', #3590, #5209, #738, .T. ) ;
#3064 = DIRECTION ( 'NONE',  ( -0.000000000000000000, -0.000000000000000000, -1.000000000000000000 ) ) ;
#3065 = ORIENTED_EDGE ( 'NONE', *, *, #122, .F. ) ;
#3066 = VECTOR ( 'NONE', #4760, 1000.000000000000000 ) ;
#3067 = DIRECTION ( 'NONE',  ( -0.000000000000000000, -0.000000000000000000, -1.000000000000000000 ) ) ;
#3068 = AXIS2_PLACEMENT_3D ( 'NONE', #4934, #821, #1233 ) ;
#3069 = VECTOR ( 'NONE', #4218, 1000.000000000000000 ) ;
#3070 = DIRECTION ( 'NONE',  ( -1.000000000000000000, 0.000000000000000000, 0.000000000000000000 ) ) ;
#3071 = ORIENTED_EDGE ( 'NONE', *, *, #2379, .F. ) ;
#3072 = AXIS2_PLACEMENT_3D ( 'NONE', #807, #3263, #781 ) ;
#3074 = VECTOR ( 'NONE', #4537, 1000.000000000000000 ) ;
#3073 = DIRECTION ( 'NONE',  ( -1.000000000000000000, -0.000000000000000000, -0.000000000000000000 ) ) ;
#3075 = ORIENTED_EDGE ( 'NONE', *, *, #2728, .F. ) ;
#3076 = LINE ( 'NONE', #3890, #5263 ) ;
#3077 = VECTOR ( 'NONE', #3372, 1000.000000000000000 ) ;
#3078 = VECTOR ( 'NONE', #5020, 1000.000000000000000 ) ;
#3079 = CARTESIAN_POINT ( 'NONE',  ( 106.6000000000000369, -28.99999999999999289, 0.000000000000000000 ) ) ;
#3080 = VERTEX_POINT ( 'NONE', #2383 ) ;
#3081 = ORIENTED_EDGE ( 'NONE', *, *, #565, .F. ) ;
#3082 = CYLINDRICAL_SURFACE ( 'NONE', #575, 2.500000000000002220 ) ;
#3083 = FACE_BOUND ( 'NONE', #3892, .T. ) ;
#3084 = CARTESIAN_POINT ( 'NONE',  ( 0.000000000000000000, -54.99999999998775735, 15.00000000000000000 ) ) ;
#3085 = ADVANCED_FACE ( 'NONE', ( #4009 ), #1124, .F. ) ;
#3086 = ORIENTED_EDGE ( 'NONE', *, *, #4358, .F. ) ;
#3087 = CARTESIAN_POINT ( 'NONE',  ( -54.99999999999995737, 31.90000000000001279, 25.00000000000000000 ) ) ;
#3088 = DIRECTION ( 'NONE',  ( 1.000000000000000000, 0.000000000000000000, 0.000000000000000000 ) ) ;
#3089 = ORIENTED_EDGE ( 'NONE', *, *, #116, .T. ) ;
#3090 = DIRECTION ( 'NONE',  ( 1.000000000000000000, 0.000000000000000000, 0.000000000000000000 ) ) ;
#3091 = EDGE_CURVE ( 'NONE', #418, #356, #4852, .T. ) ;
#3092 = AXIS2_PLACEMENT_3D ( 'NONE', #4841, #1195, #789 ) ;
#3093 = ORIENTED_EDGE ( 'NONE', *, *, #3457, .T. ) ;
#3094 = EDGE_LOOP ( 'NONE', ( #2909, #4039, #5133, #832 ) ) ;
#3095 = DIRECTION ( 'NONE',  ( 1.000000000000000000, 0.000000000000000000, 0.000000000000000000 ) ) ;
#3096 = CYLINDRICAL_SURFACE ( 'NONE', #1694, 5.000000000000004441 ) ;
#3097 = ADVANCED_FACE ( 'NONE', ( #238 ), #3116, .F. ) ;
#3098 = AXIS2_PLACEMENT_3D ( 'NONE', #1210, #4508, #720 ) ;
#3099 = ORIENTED_EDGE ( 'NONE', *, *, #4402, .F. ) ;
#3100 = DIRECTION ( 'NONE',  ( -1.000000000000000000, 0.000000000000000000, 0.000000000000000000 ) ) ;
#3101 = EDGE_LOOP ( 'NONE', ( #3144, #392, #4532, #2360, #4215 ) ) ;
#3102 = CARTESIAN_POINT ( 'NONE',  ( -54.99999999999995737, 31.90000000000001279, 21.19999999999999929 ) ) ;
#3103 = CIRCLE ( 'NONE', #2238, 2.500000000000002220 ) ;
#3104 = DIRECTION ( 'NONE',  ( -1.000000000000000000, 0.000000000000000000, 0.000000000000000000 ) ) ;
#3105 = EDGE_CURVE ( 'NONE', #4818, #1405, #266, .T. ) ;
#3106 = VECTOR ( 'NONE', #4013, 1000.000000000000000 ) ;
#3107 = FACE_BOUND ( 'NONE', #1025, .T. ) ;
#3108 = EDGE_LOOP ( 'NONE', ( #3701, #1021 ) ) ;
#3109 = VECTOR ( 'NONE', #2111, 1000.000000000000000 ) ;
#3110 = ORIENTED_EDGE ( 'NONE', *, *, #4955, .T. ) ;
#3111 = CARTESIAN_POINT ( 'NONE',  ( 0.000000000000000000, 55.00000000001224265, 15.00000000000000000 ) ) ;
#3112 = AXIS2_PLACEMENT_3D ( 'NONE', #364, #307, #3129 ) ;
#3113 = CARTESIAN_POINT ( 'NONE',  ( 0.000000000000000000, -54.99999999998775735, 15.00000000000000000 ) ) ;
#3114 = DIRECTION ( 'NONE',  ( -0.000000000000000000, -0.000000000000000000, -1.000000000000000000 ) ) ;
#3115 = ORIENTED_EDGE ( 'NONE', *, *, #2356, .F. ) ;
#3116 = CYLINDRICAL_SURFACE ( 'NONE', #2976, 1.600000000000004086 ) ;
#3117 = CARTESIAN_POINT ( 'NONE',  ( 120.0000000000000426, -21.01742430504416248, 15.00000000000000000 ) ) ;
#3118 = EDGE_CURVE ( 'NONE', #2045, #1779, #3523, .T. ) ;
#3119 = ORIENTED_EDGE ( 'NONE', *, *, #3176, .T. ) ;
#3120 = CARTESIAN_POINT ( 'NONE',  ( -95.00000000000046896, -49.99999999998776445, 15.00000000000000000 ) ) ;
#3121 = CARTESIAN_POINT ( 'NONE',  ( 100.0000000000002132, 45.00000000001224265, 15.00000000000000000 ) ) ;
#3122 = EDGE_LOOP ( 'NONE', ( #4435, #3223, #138, #1837 ) ) ;
#3123 = FACE_OUTER_BOUND ( 'NONE', #1424, .T. ) ;
#3124 = LINE ( 'NONE', #3182, #4553 ) ;
#3125 = DIRECTION ( 'NONE',  ( -0.000000000000000000, 0.000000000000000000, 1.000000000000000000 ) ) ;
#3126 = EDGE_CURVE ( 'NONE', #3052, #548, #5167, .T. ) ;
#3127 = EDGE_LOOP ( 'NONE', ( #44, #285 ) ) ;
#3128 = CARTESIAN_POINT ( 'NONE',  ( 106.6000000000000369, 28.99999999999999289, 0.000000000000000000 ) ) ;
#3129 = DIRECTION ( 'NONE',  ( -1.000000000000000000, 0.000000000000000000, 0.000000000000000000 ) ) ;
#3130 = EDGE_LOOP ( 'NONE', ( #2785, #3865, #2667, #4840 ) ) ;
#3131 = DIRECTION ( 'NONE',  ( -1.000000000000000000, 0.000000000000000000, 0.000000000000000000 ) ) ;
#3132 = CARTESIAN_POINT ( 'NONE',  ( 69.99999999999951683, -54.99999999998775735, 15.00000000000000000 ) ) ;
#3133 = ORIENTED_EDGE ( 'NONE', *, *, #3731, .F. ) ;
#3134 = FACE_BOUND ( 'NONE', #4469, .T. ) ;
#3135 = VERTEX_POINT ( 'NONE', #5197 ) ;
#3136 = EDGE_CURVE ( 'NONE', #3812, #775, #1097, .T. ) ;
#3137 = EDGE_CURVE ( 'NONE', #3783, #4478, #4933, .T. ) ;
#3138 = VERTEX_POINT ( 'NONE', #2872 ) ;
#3139 = LINE ( 'NONE', #3111, #2210 ) ;
#3140 = CARTESIAN_POINT ( 'NONE',  ( 20.00000000000021672, 55.00000000001224265, 25.00000000000000000 ) ) ;
#3141 = DIRECTION ( 'NONE',  ( -0.000000000000000000, 0.000000000000000000, -1.000000000000000000 ) ) ;
#3142 = ADVANCED_FACE ( 'NONE', ( #874 ), #375, .F. ) ;
#3143 = CARTESIAN_POINT ( 'NONE',  ( -54.99999999999995026, 21.01742430504416248, 15.00000000000000000 ) ) ;
#3144 = ORIENTED_EDGE ( 'NONE', *, *, #4986, .F. ) ;
#3145 = CARTESIAN_POINT ( 'NONE',  ( -125.0000000000001990, -26.85000000000098552, 18.00000000000000000 ) ) ;
#3146 = CYLINDRICAL_SURFACE ( 'NONE', #23, 4.999999999999997335 ) ;
#3147 = ORIENTED_EDGE ( 'NONE', *, *, #87, .F. ) ;
#3148 = CYLINDRICAL_SURFACE ( 'NONE', #2065, 4.999999999999997335 ) ;
#3149 = CC_DESIGN_PERSON_AND_ORGANIZATION_ASSIGNMENT ( #1996, #3646, ( #756 ) ) ;
#3150 = LINE ( 'NONE', #3615, #846 ) ;
#3151 = CYLINDRICAL_SURFACE ( 'NONE', #5238, 4.999999999999990230 ) ;
#3152 = AXIS2_PLACEMENT_3D ( 'NONE', #1495, #379, #2010 ) ;
#3153 = ORIENTED_EDGE ( 'NONE', *, *, #1507, .F. ) ;
#3154 = DIRECTION ( 'NONE',  ( -1.000000000000000000, 0.000000000000000000, 0.000000000000000000 ) ) ;
#3155 = VECTOR ( 'NONE', #2565, 1000.000000000000000 ) ;
#3156 = CIRCLE ( 'NONE', #742, 0.5000000000000004441 ) ;
#3157 = AXIS2_PLACEMENT_3D ( 'NONE', #1759, #1358, #5186 ) ;
#3158 = EDGE_LOOP ( 'NONE', ( #2096, #2688, #3707, #1497, #2199 ) ) ;
#3159 = ORIENTED_EDGE ( 'NONE', *, *, #3489, .F. ) ;
#3160 = EDGE_CURVE ( 'NONE', #423, #3590, #1773, .T. ) ;
#3161 = CARTESIAN_POINT ( 'NONE',  ( -59.99999999999995737, 1.224020884649235086E-11, 15.00000000000000000 ) ) ;
#3162 = AXIS2_PLACEMENT_3D ( 'NONE', #3710, #3757, #2408 ) ;
#3163 = CIRCLE ( 'NONE', #2985, 4.999999999999990230 ) ;
#3164 = FACE_BOUND ( 'NONE', #4859, .T. ) ;
#3165 = VERTEX_POINT ( 'NONE', #1602 ) ;
#3166 = VECTOR ( 'NONE', #5155, 1000.000000000000000 ) ;
#3167 = AXIS2_PLACEMENT_3D ( 'NONE', #722, #1586, #3235 ) ;
#3168 = ORIENTED_EDGE ( 'NONE', *, *, #3305, .F. ) ;
#3169 = VECTOR ( 'NONE', #2110, 1000.000000000000000 ) ;
#3170 = VECTOR ( 'NONE', #304, 1000.000000000000000 ) ;
#3171 = DIRECTION ( 'NONE',  ( -0.000000000000000000, 0.000000000000000000, 1.000000000000000000 ) ) ;
#3172 = CARTESIAN_POINT ( 'NONE',  ( -119.9999999999999432, -80.00000000000001421, 15.00000000000000000 ) ) ;
#3173 = CARTESIAN_POINT ( 'NONE',  ( -89.99999999999995737, 1.224020884649235086E-11, 15.00000000000000000 ) ) ;
#3174 = DIRECTION ( 'NONE',  ( -1.000000000000000000, 0.000000000000000000, 0.000000000000000000 ) ) ;
#3175 = DIRECTION ( 'NONE',  ( 1.000000000000000000, 0.000000000000000000, 0.000000000000000000 ) ) ;
#3176 = EDGE_CURVE ( 'NONE', #2333, #1509, #4273, .T. ) ;
#3177 = ORIENTED_EDGE ( 'NONE', *, *, #3213, .F. ) ;
#3178 = CARTESIAN_POINT ( 'NONE',  ( -55.41742430504411487, -31.15000000000069846, 18.00000000000000000 ) ) ;
#3179 = CARTESIAN_POINT ( 'NONE',  ( -119.9999999999999432, -75.00000000000001421, 15.00000000000000000 ) ) ;
#3180 = EDGE_LOOP ( 'NONE', ( #1908, #2859, #2102, #2024 ) ) ;
#3181 = PLANE ( 'NONE',  #2405 ) ;
#3182 = CARTESIAN_POINT ( 'NONE',  ( -10.00000000000047429, -44.99999999998776445, 25.00000000000000000 ) ) ;
#3183 = CARTESIAN_POINT ( 'NONE',  ( -119.9999999999999858, -64.99999999999998579, 15.00000000000000000 ) ) ;
#3184 = VERTEX_POINT ( 'NONE', #2459 ) ;
#3185 = AXIS2_PLACEMENT_3D ( 'NONE', #1669, #487, #1696 ) ;
#3186 = PERSON_AND_ORGANIZATION ( #3217, #1011 ) ;
#3187 = DIRECTION ( 'NONE',  ( -1.000000000000000000, 0.000000000000000000, -0.000000000000000000 ) ) ;
#3188 = VERTEX_POINT ( 'NONE', #2489 ) ;
#3189 = ORIENTED_EDGE ( 'NONE', *, *, #253, .T. ) ;
#3190 = DIRECTION ( 'NONE',  ( 1.000000000000000000, 0.000000000000000000, 0.000000000000000000 ) ) ;
#3191 = VECTOR ( 'NONE', #171, 1000.000000000000000 ) ;
#3192 = EDGE_CURVE ( 'NONE', #3188, #418, #409, .T. ) ;
#3193 = FACE_BOUND ( 'NONE', #4443, .T. ) ;
#3194 = VERTEX_POINT ( 'NONE', #1174 ) ;
#3195 = EDGE_LOOP ( 'NONE', ( #1421, #788, #1248, #2181, #5011 ) ) ;
#3196 = EDGE_CURVE ( 'NONE', #4780, #2484, #799, .T. ) ;
#3197 = DIRECTION ( 'NONE',  ( 0.000000000000000000, 0.000000000000000000, -1.000000000000000000 ) ) ;
#3198 = CARTESIAN_POINT ( 'NONE',  ( 106.6000000000000227, 75.00000000000000000, 15.00000000000000000 ) ) ;
#3199 = CARTESIAN_POINT ( 'NONE',  ( -60.00000000000047606, -49.99999999998776445, 0.000000000000000000 ) ) ;
#3200 = CIRCLE ( 'NONE', #3979, 1.600000000000004086 ) ;
#3201 = DIRECTION ( 'NONE',  ( 0.000000000000000000, -0.000000000000000000, 1.000000000000000000 ) ) ;
#3202 = DIRECTION ( 'NONE',  ( 1.000000000000000000, 2.040851148208008393E-15, -0.000000000000000000 ) ) ;
#3203 = AXIS2_PLACEMENT_3D ( 'NONE', #1193, #4534, #2120 ) ;
#3204 = VERTEX_POINT ( 'NONE', #4063 ) ;
#3205 = CARTESIAN_POINT ( 'NONE',  ( -125.0000000000001705, -31.15000000000098268, 18.00000000000000000 ) ) ;
#3206 = DIRECTION ( 'NONE',  ( -0.000000000000000000, -0.000000000000000000, -1.000000000000000000 ) ) ;
#3207 = VERTEX_POINT ( 'NONE', #2007 ) ;
#3208 = EDGE_CURVE ( 'NONE', #1119, #1719, #4894, .T. ) ;
#3209 = CARTESIAN_POINT ( 'NONE',  ( 100.0000000000000426, 5.000000000012239987, 25.00000000000000000 ) ) ;
#3210 = DIRECTION ( 'NONE',  ( 1.734723475976807094E-16, -1.000000000000000000, 0.000000000000000000 ) ) ;
#3211 = EDGE_CURVE ( 'NONE', #1616, #378, #4360, .T. ) ;
#3212 = CYLINDRICAL_SURFACE ( 'NONE', #3600, 0.5000000000000004441 ) ;
#3213 = EDGE_CURVE ( 'NONE', #1337, #4776, #1513, .T. ) ;
#3214 = VERTEX_POINT ( 'NONE', #2821 ) ;
#3215 = PERSON_AND_ORGANIZATION ( #3217, #1011 ) ;
#3216 = FACE_OUTER_BOUND ( 'NONE', #2835, .T. ) ;
#3217 = PERSON ( '未', '未', '未', ('未'), ('未'), ('未') ) ;
#3218 = VERTEX_POINT ( 'NONE', #475 ) ;
#3219 = CARTESIAN_POINT ( 'NONE',  ( 100.0000000000000426, 5.000000000012239987, 25.00000000000000000 ) ) ;
#3220 = DIRECTION ( 'NONE',  ( 0.000000000000000000, 0.000000000000000000, -1.000000000000000000 ) ) ;
#3221 = DIRECTION ( 'NONE',  ( 0.000000000000000000, 0.000000000000000000, -1.000000000000000000 ) ) ;
#3222 = ORIENTED_EDGE ( 'NONE', *, *, #623, .F. ) ;
#3223 = ORIENTED_EDGE ( 'NONE', *, *, #2603, .T. ) ;
#3224 = CARTESIAN_POINT ( 'NONE',  ( 52.49999999999953815, -50.00000000000000000, 15.00000000000000000 ) ) ;
#3225 = CARTESIAN_POINT ( 'NONE',  ( -45.00000000000047606, -50.00000000000000000, 25.00000000000000000 ) ) ;
#3226 = EDGE_CURVE ( 'NONE', #2423, #1644, #4626, .T. ) ;
#3227 = CARTESIAN_POINT ( 'NONE',  ( 115.0000000000000426, -31.90000000000000568, 21.69999999999999929 ) ) ;
#3228 = CARTESIAN_POINT ( 'NONE',  ( -59.99999999999977973, 55.00000000001224265, 15.00000000000000000 ) ) ;
#3229 = VERTEX_POINT ( 'NONE', #772 ) ;
#3230 = CARTESIAN_POINT ( 'NONE',  ( -14.99999999999977973, 50.00000000001224265, 25.00000000000000000 ) ) ;
#3231 = DIRECTION ( 'NONE',  ( -1.020425574104003013E-15, -1.000000000000000000, 0.000000000000000000 ) ) ;
#3232 = ORIENTED_EDGE ( 'NONE', *, *, #2720, .F. ) ;
#3233 = DIRECTION ( 'NONE',  ( -1.000000000000000000, 0.000000000000000000, 0.000000000000000000 ) ) ;
#3234 = LINE ( 'NONE', #4833, #1430 ) ;
#3235 = DIRECTION ( 'NONE',  ( -1.000000000000000000, 0.000000000000000000, 0.000000000000000000 ) ) ;
#3236 = EDGE_LOOP ( 'NONE', ( #2235, #732 ) ) ;
#3237 = ORIENTED_EDGE ( 'NONE', *, *, #5135, .F. ) ;
#3238 = COORDINATED_UNIVERSAL_TIME_OFFSET ( 8, 0, .AHEAD. ) ;
#3239 = DIRECTION ( 'NONE',  ( -1.000000000000000000, 0.000000000000000000, 0.000000000000000000 ) ) ;
#3240 = EDGE_LOOP ( 'NONE', ( #4489, #4175 ) ) ;
#3241 = ORIENTED_EDGE ( 'NONE', *, *, #2085, .F. ) ;
#3242 = AXIS2_PLACEMENT_3D ( 'NONE', #928, #3050, #2617 ) ;
#3243 = CARTESIAN_POINT ( 'NONE',  ( -55.41742430504410777, -25.60000000000000497, 18.00000000000000000 ) ) ;
#3244 = EDGE_CURVE ( 'NONE', #3718, #2960, #2409, .T. ) ;
#3245 = AXIS2_PLACEMENT_3D ( 'NONE', #1764, #905, #963 ) ;
#3246 = ORIENTED_EDGE ( 'NONE', *, *, #3568, .F. ) ;
#3247 = VECTOR ( 'NONE', #1258, 1000.000000000000000 ) ;
#3248 = ORIENTED_EDGE ( 'NONE', *, *, #2379, .T. ) ;
#3249 = AXIS2_PLACEMENT_3D ( 'NONE', #4980, #1305, #3104 ) ;
#3250 = FACE_OUTER_BOUND ( 'NONE', #2675, .T. ) ;
#3251 = VECTOR ( 'NONE', #2433, 1000.000000000000000 ) ;
#3252 = AXIS2_PLACEMENT_3D ( 'NONE', #4568, #1246, #5023 ) ;
#3253 = LINE ( 'NONE', #4573, #5058 ) ;
#3254 = DIRECTION ( 'NONE',  ( 0.000000000000000000, 0.000000000000000000, -1.000000000000000000 ) ) ;
#3255 = DIRECTION ( 'NONE',  ( 0.000000000000000000, -0.000000000000000000, 1.000000000000000000 ) ) ;
#3256 = AXIS2_PLACEMENT_3D ( 'NONE', #3744, #2144, #4510 ) ;
#3257 = EDGE_CURVE ( 'NONE', #577, #5166, #5055, .T. ) ;
#3258 = AXIS2_PLACEMENT_3D ( 'NONE', #2037, #2, #1634 ) ;
#3259 = CARTESIAN_POINT ( 'NONE',  ( -60.00000000000047606, -54.99999999998775735, 0.000000000000000000 ) ) ;
#3260 = DIRECTION ( 'NONE',  ( -1.000000000000000000, 0.000000000000000000, 0.000000000000000000 ) ) ;
#3261 = ORIENTED_EDGE ( 'NONE', *, *, #230, .T. ) ;
#3262 = DIRECTION ( 'NONE',  ( -0.000000000000000000, -0.000000000000000000, -1.000000000000000000 ) ) ;
#3263 = DIRECTION ( 'NONE',  ( -0.000000000000000000, -0.000000000000000000, -1.000000000000000000 ) ) ;
#3264 = LINE ( 'NONE', #4916, #4286 ) ;
#3265 = VERTEX_POINT ( 'NONE', #4877 ) ;
#3266 = EDGE_CURVE ( 'NONE', #3395, #3483, #2816, .T. ) ;
#3267 = ORIENTED_EDGE ( 'NONE', *, *, #4870, .F. ) ;
#3268 = PERSON_AND_ORGANIZATION_ROLE ( 'creator' ) ;
#3269 = CARTESIAN_POINT ( 'NONE',  ( 0.000000000000000000, 5.000000000012239987, 15.00000000000000000 ) ) ;
#3270 = VERTEX_POINT ( 'NONE', #4953 ) ;
#3271 = DIRECTION ( 'NONE',  ( 0.000000000000000000, 0.000000000000000000, -1.000000000000000000 ) ) ;
#3272 = CARTESIAN_POINT ( 'NONE',  ( 120.0000000000000568, -80.00000000000001421, 0.000000000000000000 ) ) ;
#3273 = ADVANCED_FACE ( 'NONE', ( #4549 ), #850, .F. ) ;
#3274 = ORIENTED_EDGE ( 'NONE', *, *, #5288, .T. ) ;
#3275 = CIRCLE ( 'NONE', #2576, 2.500000000000002220 ) ;
#3276 = ADVANCED_FACE ( 'NONE', ( #1676 ), #3326, .F. ) ;
#3277 = EDGE_LOOP ( 'NONE', ( #574, #5324, #1170, #3908 ) ) ;
#3278 = AXIS2_PLACEMENT_3D ( 'NONE', #507, #827, #4528 ) ;
#3279 = LINE ( 'NONE', #2456, #327 ) ;
#3280 = EDGE_CURVE ( 'NONE', #1509, #2535, #3404, .T. ) ;
#3281 = DIRECTION ( 'NONE',  ( 0.000000000000000000, -1.000000000000000000, 0.000000000000000000 ) ) ;
#3282 = DIRECTION ( 'NONE',  ( 1.000000000000000000, 0.000000000000000000, 0.000000000000000000 ) ) ;
#3283 = AXIS2_PLACEMENT_3D ( 'NONE', #2439, #2829, #4937 ) ;
#3284 = CYLINDRICAL_SURFACE ( 'NONE', #2827, 1.600000000000000755 ) ;
#3285 = CARTESIAN_POINT ( 'NONE',  ( 55.00000000000006395, 0.000000000000000000, 15.00000000000000000 ) ) ;
#3286 = ORIENTED_EDGE ( 'NONE', *, *, #5188, .T. ) ;
#3287 = CARTESIAN_POINT ( 'NONE',  ( 20.00000000000021672, 45.00000000001224265, 25.00000000000000000 ) ) ;
#3288 = LINE ( 'NONE', #2468, #1776 ) ;
#3289 = LINE ( 'NONE', #1687, #2905 ) ;
#3290 = CIRCLE ( 'NONE', #4577, 0.5000000000000004441 ) ;
#3291 = ORIENTED_EDGE ( 'NONE', *, *, #3036, .F. ) ;
#3292 = ORIENTED_EDGE ( 'NONE', *, *, #2461, .F. ) ;
#3293 = CARTESIAN_POINT ( 'NONE',  ( 115.0000000000001279, 31.90000000000000568, 21.19999999999999929 ) ) ;
#3294 = AXIS2_PLACEMENT_3D ( 'NONE', #512, #4718, #2228 ) ;
#3295 = EDGE_LOOP ( 'NONE', ( #3049, #36, #1869, #4459, #4765, #1976, #861, #3473 ) ) ;
#3296 = DIRECTION ( 'NONE',  ( 0.000000000000000000, 0.000000000000000000, -1.000000000000000000 ) ) ;
#3297 = LINE ( 'NONE', #2506, #1949 ) ;
#3298 = EDGE_CURVE ( 'NONE', #2019, #3455, #499, .T. ) ;
#3299 = ORIENTED_EDGE ( 'NONE', *, *, #2891, .F. ) ;
#3300 = VERTEX_POINT ( 'NONE', #3132 ) ;
#3301 = ADVANCED_FACE ( 'NONE', ( #2135, #3540 ), #5062, .T. ) ;
#3302 = CARTESIAN_POINT ( 'NONE',  ( -125.0000000000001705, -31.15000000000098268, 21.19999999999999929 ) ) ;
#3303 = CARTESIAN_POINT ( 'NONE',  ( -24.39999999999996305, 28.99999999999998934, 2.999999999999999112 ) ) ;
#3304 = DIRECTION ( 'NONE',  ( -1.000000000000000000, 0.000000000000000000, 0.000000000000000000 ) ) ;
#3305 = EDGE_CURVE ( 'NONE', #3467, #1194, #1427, .T. ) ;
#3306 = DIRECTION ( 'NONE',  ( -4.081702296416016786E-15, -1.000000000000000000, 0.000000000000000000 ) ) ;
#3307 = DIRECTION ( 'NONE',  ( 1.000000000000000000, 0.000000000000000000, 0.000000000000000000 ) ) ;
#3308 = ORIENTED_EDGE ( 'NONE', *, *, #3498, .T. ) ;
#3309 = CARTESIAN_POINT ( 'NONE',  ( 109.6000000000000512, 28.99999999999999289, 0.000000000000000000 ) ) ;
#3310 = CARTESIAN_POINT ( 'NONE',  ( -42.49999999999977973, 50.00000000000000000, 25.00000000000000000 ) ) ;
#3311 = CARTESIAN_POINT ( 'NONE',  ( 120.0000000000000711, -31.14999999999998437, 20.00000000000000000 ) ) ;
#3312 = ORIENTED_EDGE ( 'NONE', *, *, #1752, .T. ) ;
#3313 = ORIENTED_EDGE ( 'NONE', *, *, #1356, .T. ) ;
#3314 = CARTESIAN_POINT ( 'NONE',  ( -54.99999999999995737, -32.40000000000001279, 25.00000000000000000 ) ) ;
#3315 = ORIENTED_EDGE ( 'NONE', *, *, #68, .F. ) ;
#3316 = DIRECTION ( 'NONE',  ( -1.000000000000000000, 0.000000000000000000, 0.000000000000000000 ) ) ;
#3317 = CARTESIAN_POINT ( 'NONE',  ( -47.49999999999995737, 0.000000000000000000, 0.000000000000000000 ) ) ;
#3318 = EDGE_CURVE ( 'NONE', #4237, #2878, #4972, .T. ) ;
#3319 = VERTEX_POINT ( 'NONE', #3351 ) ;
#3320 = DIRECTION ( 'NONE',  ( 1.000000000000000000, 0.000000000000000000, 0.000000000000000000 ) ) ;
#3321 = ORIENTED_EDGE ( 'NONE', *, *, #503, .T. ) ;
#3322 = AXIS2_PLACEMENT_3D ( 'NONE', #1953, #3201, #1044 ) ;
#3323 = ADVANCED_FACE ( 'NONE', ( #5005 ), #155, .F. ) ;
#3324 = DIRECTION ( 'NONE',  ( -0.000000000000000000, 0.000000000000000000, -1.000000000000000000 ) ) ;
#3325 = AXIS2_PLACEMENT_3D ( 'NONE', #428, #2034, #1278 ) ;
#3326 = CYLINDRICAL_SURFACE ( 'NONE', #3249, 3.000000000000002665 ) ;
#3327 = DIRECTION ( 'NONE',  ( 0.000000000000000000, -0.000000000000000000, -1.000000000000000000 ) ) ;
#3328 = EDGE_CURVE ( 'NONE', #5019, #2550, #2634, .T. ) ;
#3329 = AXIS2_PLACEMENT_3D ( 'NONE', #2871, #4521, #1630 ) ;
#3330 = VECTOR ( 'NONE', #358, 1000.000000000000000 ) ;
#3331 = CIRCLE ( 'NONE', #3765, 5.000000000000004441 ) ;
#3332 = FACE_OUTER_BOUND ( 'NONE', #1481, .T. ) ;
#3333 = CARTESIAN_POINT ( 'NONE',  ( -10.00000000000047429, -54.99999999998775735, 15.00000000000000000 ) ) ;
#3334 = ORIENTED_EDGE ( 'NONE', *, *, #3383, .F. ) ;
#3335 = CARTESIAN_POINT ( 'NONE',  ( -119.9999999999999716, 79.99999999999998579, 0.000000000000000000 ) ) ;
#3336 = FACE_OUTER_BOUND ( 'NONE', #1796, .T. ) ;
#3337 = CARTESIAN_POINT ( 'NONE',  ( -47.50000000000047606, -50.00000000000000000, 15.00000000000000000 ) ) ;
#3338 = ADVANCED_FACE ( 'NONE', ( #550 ), #2190, .F. ) ;
#3339 = ORIENTED_EDGE ( 'NONE', *, *, #4001, .F. ) ;
#3340 = EDGE_LOOP ( 'NONE', ( #3897, #4945, #1325, #2863 ) ) ;
#3341 = CARTESIAN_POINT ( 'NONE',  ( -106.5999999999999659, 75.00000000000000000, 0.000000000000000000 ) ) ;
#3342 = VERTEX_POINT ( 'NONE', #4627 ) ;
#3343 = FACE_OUTER_BOUND ( 'NONE', #4419, .T. ) ;
#3344 = CARTESIAN_POINT ( 'NONE',  ( -42.49999999999977973, 50.00000000000000000, 15.00000000000000000 ) ) ;
#3345 = DIRECTION ( 'NONE',  ( 0.000000000000000000, -0.000000000000000000, -1.000000000000000000 ) ) ;
#3346 = VERTEX_POINT ( 'NONE', #4778 ) ;
#3347 = DIRECTION ( 'NONE',  ( -0.000000000000000000, -0.000000000000000000, -1.000000000000000000 ) ) ;
#3348 = VERTEX_POINT ( 'NONE', #2566 ) ;
#3349 = EDGE_CURVE ( 'NONE', #868, #2526, #2319, .T. ) ;
#3350 = FACE_OUTER_BOUND ( 'NONE', #4340, .T. ) ;
#3351 = CARTESIAN_POINT ( 'NONE',  ( -89.99999999999995737, 5.000000000012239987, 0.000000000000000000 ) ) ;
#3352 = DIRECTION ( 'NONE',  ( 0.000000000000000000, 1.000000000000000000, -0.000000000000000000 ) ) ;
#3353 = EDGE_CURVE ( 'NONE', #4024, #1970, #2117, .T. ) ;
#3354 = AXIS2_PLACEMENT_3D ( 'NONE', #1877, #3067, #3858 ) ;
#3355 = CARTESIAN_POINT ( 'NONE',  ( -89.99999999999995737, 5.000000000012239987, 25.00000000000000000 ) ) ;
#3356 = DIRECTION ( 'NONE',  ( -1.000000000000000000, 0.000000000000000000, 0.000000000000000000 ) ) ;
#3357 = AXIS2_PLACEMENT_3D ( 'NONE', #458, #480, #3769 ) ;
#3358 = VERTEX_POINT ( 'NONE', #3840 ) ;
#3359 = FACE_OUTER_BOUND ( 'NONE', #5192, .T. ) ;
#3360 = CARTESIAN_POINT ( 'NONE',  ( -54.99999999999995026, 25.60000000000000497, 24.50000000000000000 ) ) ;
#3361 = CARTESIAN_POINT ( 'NONE',  ( -54.99999999999995737, -32.40000000000001279, 24.50000000000000000 ) ) ;
#3362 = VECTOR ( 'NONE', #5282, 1000.000000000000000 ) ;
#3363 = ORIENTED_EDGE ( 'NONE', *, *, #2533, .T. ) ;
#3364 = ORIENTED_EDGE ( 'NONE', *, *, #1016, .T. ) ;
#3365 = LINE ( 'NONE', #1338, #3078 ) ;
#3366 = ADVANCED_FACE ( 'NONE', ( #3511 ), #5158, .F. ) ;
#3367 = ORIENTED_EDGE ( 'NONE', *, *, #5286, .F. ) ;
#3368 = DIRECTION ( 'NONE',  ( 0.000000000000000000, -0.000000000000000000, -1.000000000000000000 ) ) ;
#3369 = VECTOR ( 'NONE', #2301, 1000.000000000000000 ) ;
#3370 = DIRECTION ( 'NONE',  ( 1.000000000000000000, 0.000000000000000000, 0.000000000000000000 ) ) ;
#3371 = CIRCLE ( 'NONE', #1051, 0.5000000000000004441 ) ;
#3372 = DIRECTION ( 'NONE',  ( -1.110223024625155594E-14, -1.000000000000000000, 0.000000000000000000 ) ) ;
#3373 = EDGE_CURVE ( 'NONE', #1884, #4837, #899, .T. ) ;
#3374 = EDGE_LOOP ( 'NONE', ( #1227, #2112, #2583, #3919 ) ) ;
#3375 = CARTESIAN_POINT ( 'NONE',  ( -54.99999999999995026, 25.60000000000000497, 25.00000000000000000 ) ) ;
#3376 = ORIENTED_EDGE ( 'NONE', *, *, #1745, .T. ) ;
#3377 = CARTESIAN_POINT ( 'NONE',  ( 106.6000000000000369, 28.99999999999999289, 3.000000000000000000 ) ) ;
#3378 = DIRECTION ( 'NONE',  ( 0.000000000000000000, 0.000000000000000000, -1.000000000000000000 ) ) ;
#3379 = CARTESIAN_POINT ( 'NONE',  ( 99.99999999999951683, -44.99999999998776445, 0.000000000000000000 ) ) ;
#3380 = FACE_OUTER_BOUND ( 'NONE', #1283, .T. ) ;
#3381 = DIRECTION ( 'NONE',  ( 0.000000000000000000, 0.000000000000000000, -1.000000000000000000 ) ) ;
#3382 = DIRECTION ( 'NONE',  ( -0.000000000000000000, -0.000000000000000000, -1.000000000000000000 ) ) ;
#3383 = EDGE_CURVE ( 'NONE', #4483, #4261, #2286, .T. ) ;
#3384 = ORIENTED_EDGE ( 'NONE', *, *, #2464, .T. ) ;
#3385 = CARTESIAN_POINT ( 'NONE',  ( -106.5999999999999659, -75.00000000000000000, 0.000000000000000000 ) ) ;
#3386 = DIRECTION ( 'NONE',  ( -0.000000000000000000, -0.000000000000000000, -1.000000000000000000 ) ) ;
#3387 = CARTESIAN_POINT ( 'NONE',  ( 100.0000000000002132, 45.00000000001224265, 25.00000000000000000 ) ) ;
#3388 = EDGE_LOOP ( 'NONE', ( #2322, #3013, #4687, #2678 ) ) ;
#3389 = ORIENTED_EDGE ( 'NONE', *, *, #2004, .T. ) ;
#3390 = DIRECTION ( 'NONE',  ( -1.000000000000000000, 0.000000000000000000, 0.000000000000000000 ) ) ;
#3391 = ORIENTED_EDGE ( 'NONE', *, *, #1767, .F. ) ;
#3392 = CARTESIAN_POINT ( 'NONE',  ( 115.4174243050442357, -32.40000000000000568, 18.00000000000000000 ) ) ;
#3393 = DIRECTION ( 'NONE',  ( 1.000000000000000000, 0.000000000000000000, 0.000000000000000000 ) ) ;
#3394 = EDGE_CURVE ( 'NONE', #1118, #2963, #1084, .T. ) ;
#3395 = VERTEX_POINT ( 'NONE', #4378 ) ;
#3396 = CYLINDRICAL_SURFACE ( 'NONE', #157, 5.000000000000004441 ) ;
#3397 = ORIENTED_EDGE ( 'NONE', *, *, #4754, .T. ) ;
#3398 = CARTESIAN_POINT ( 'NONE',  ( 20.00000000000021672, 55.00000000001224265, 25.00000000000000000 ) ) ;
#3399 = ORIENTED_EDGE ( 'NONE', *, *, #1213, .F. ) ;
#3400 = EDGE_CURVE ( 'NONE', #1433, #3693, #2289, .T. ) ;
#3401 = EDGE_CURVE ( 'NONE', #1344, #3783, #1177, .T. ) ;
#3402 = DIRECTION ( 'NONE',  ( -1.020425574104003013E-15, -1.000000000000000000, 0.000000000000000000 ) ) ;
#3403 = VERTEX_POINT ( 'NONE', #763 ) ;
#3404 = LINE ( 'NONE', #127, #652 ) ;
#3405 = VECTOR ( 'NONE', #4251, 1000.000000000000000 ) ;
#3406 = DIRECTION ( 'NONE',  ( 0.000000000000000000, -1.000000000000000000, 0.000000000000000000 ) ) ;
#3407 = CIRCLE ( 'NONE', #5224, 2.500000000000002220 ) ;
#3408 = VECTOR ( 'NONE', #3948, 1000.000000000000000 ) ;
#3409 = FACE_BOUND ( 'NONE', #2709, .T. ) ;
#3410 = CARTESIAN_POINT ( 'NONE',  ( -90.00000000000048317, -49.99999999998776445, 15.00000000000000000 ) ) ;
#3411 = EDGE_LOOP ( 'NONE', ( #441, #3724, #3668, #1661 ) ) ;
#3412 = CARTESIAN_POINT ( 'NONE',  ( 120.0000000000000568, 64.99999999999998579, 25.00000000000000000 ) ) ;
#3413 = DIRECTION ( 'NONE',  ( 1.000000000000000000, 0.000000000000000000, 0.000000000000000000 ) ) ;
#3414 = CIRCLE ( 'NONE', #4109, 4.999999999999997335 ) ;
#3415 = AXIS2_PLACEMENT_3D ( 'NONE', #5091, #4328, #3406 ) ;
#3416 = AXIS2_PLACEMENT_3D ( 'NONE', #972, #3910, #2180 ) ;
#3417 = ORIENTED_EDGE ( 'NONE', *, *, #2194, .F. ) ;
#3418 = ORIENTED_EDGE ( 'NONE', *, *, #549, .F. ) ;
#3419 = FACE_OUTER_BOUND ( 'NONE', #1744, .T. ) ;
#3420 = CIRCLE ( 'NONE', #421, 3.000000000000002665 ) ;
#3421 = VECTOR ( 'NONE', #4887, 1000.000000000000000 ) ;
#3422 = EDGE_LOOP ( 'NONE', ( #3978, #4639, #3960, #4655 ) ) ;
#3423 = CARTESIAN_POINT ( 'NONE',  ( -125.0000000000001705, 31.15000000000098268, 21.19999999999999929 ) ) ;
#3424 = DIRECTION ( 'NONE',  ( 0.000000000000000000, -1.000000000000000000, 0.000000000000000000 ) ) ;
#3425 = EDGE_CURVE ( 'NONE', #2323, #3933, #4107, .T. ) ;
#3426 = ORIENTED_EDGE ( 'NONE', *, *, #414, .T. ) ;
#3427 = VECTOR ( 'NONE', #4192, 1000.000000000000000 ) ;
#3428 = CARTESIAN_POINT ( 'NONE',  ( 115.0000000000000426, -25.60000000000000497, 21.69999999999999929 ) ) ;
#3429 = ORIENTED_EDGE ( 'NONE', *, *, #3383, .T. ) ;
#3430 = EDGE_CURVE ( 'NONE', #1102, #4985, #4053, .T. ) ;
#3431 = CARTESIAN_POINT ( 'NONE',  ( -14.99999999999995381, 1.224020884649235086E-11, 15.00000000000000000 ) ) ;
#3432 = VERTEX_POINT ( 'NONE', #4897 ) ;
#3433 = CARTESIAN_POINT ( 'NONE',  ( -124.9999999999999716, 79.99999999999998579, 15.00000000000000000 ) ) ;
#3434 = VERTEX_POINT ( 'NONE', #368 ) ;
#3435 = EDGE_CURVE ( 'NONE', #3718, #4725, #67, .T. ) ;
#3436 = EDGE_CURVE ( 'NONE', #3793, #838, #2548, .T. ) ;
#3437 = EDGE_LOOP ( 'NONE', ( #2450, #4297 ) ) ;
#3438 = ADVANCED_FACE ( 'NONE', ( #1197 ), #4025, .F. ) ;
#3439 = LINE ( 'NONE', #1039, #489 ) ;
#3440 = DIRECTION ( 'NONE',  ( -1.000000000000000000, -4.163336342344333082E-15, 0.000000000000000000 ) ) ;
#3441 = DIRECTION ( 'NONE',  ( 1.000000000000000000, 0.000000000000000000, 0.000000000000000000 ) ) ;
#3442 = ORIENTED_EDGE ( 'NONE', *, *, #173, .F. ) ;
#3443 = DIRECTION ( 'NONE',  ( -1.000000000000000000, 0.000000000000000000, 0.000000000000000000 ) ) ;
#3444 = DIRECTION ( 'NONE',  ( 1.020425574104003013E-15, -1.000000000000000000, 0.000000000000000000 ) ) ;
#3445 = EDGE_LOOP ( 'NONE', ( #2261, #4124, #912, #3878 ) ) ;
#3446 = AXIS2_PLACEMENT_3D ( 'NONE', #2318, #1810, #3973 ) ;
#3447 = CARTESIAN_POINT ( 'NONE',  ( 106.6000000000000369, 28.99999999999999289, 3.000000000000000000 ) ) ;
#3448 = ORIENTED_EDGE ( 'NONE', *, *, #3604, .F. ) ;
#3449 = LINE ( 'NONE', #2279, #3531 ) ;
#3450 = DIRECTION ( 'NONE',  ( 0.000000000000000000, 0.000000000000000000, -1.000000000000000000 ) ) ;
#3451 = AXIS2_PLACEMENT_3D ( 'NONE', #1755, #1856, #3456 ) ;
#3452 = EDGE_LOOP ( 'NONE', ( #3621, #3881, #922, #3147 ) ) ;
#3453 = DIRECTION ( 'NONE',  ( 1.000000000000000000, 0.000000000000000000, 0.000000000000000000 ) ) ;
#3454 = VECTOR ( 'NONE', #3307, 1000.000000000000000 ) ;
#3455 = VERTEX_POINT ( 'NONE', #3650 ) ;
#3456 = DIRECTION ( 'NONE',  ( -1.000000000000000000, 0.000000000000000000, 0.000000000000000000 ) ) ;
#3457 = EDGE_CURVE ( 'NONE', #3270, #4904, #791, .T. ) ;
#3458 = ORIENTED_EDGE ( 'NONE', *, *, #3832, .T. ) ;
#3459 = AXIS2_PLACEMENT_3D ( 'NONE', #187, #984, #3847 ) ;
#3460 = CARTESIAN_POINT ( 'NONE',  ( -54.99999999999995026, -26.85000000000070131, 21.19999999999999929 ) ) ;
#3461 = ORIENTED_EDGE ( 'NONE', *, *, #284, .F. ) ;
#3462 = ORIENTED_EDGE ( 'NONE', *, *, #1189, .T. ) ;
#3463 = EDGE_CURVE ( 'NONE', #3863, #1037, #3567, .T. ) ;
#3464 = CARTESIAN_POINT ( 'NONE',  ( 115.0000000000000426, -25.60000000000000497, 25.00000000000000000 ) ) ;
#3465 = CARTESIAN_POINT ( 'NONE',  ( -119.9999999999999432, -80.00000000000001421, 0.000000000000000000 ) ) ;
#3466 = DIRECTION ( 'NONE',  ( -0.000000000000000000, -0.000000000000000000, 1.000000000000000000 ) ) ;
#3467 = VERTEX_POINT ( 'NONE', #4079 ) ;
#3468 = CARTESIAN_POINT ( 'NONE',  ( -54.99999999999995737, -31.90000000000001279, 25.00000000000000000 ) ) ;
#3469 = CARTESIAN_POINT ( 'NONE',  ( -54.99999999999995737, 31.15000000000069846, 20.00000000000000000 ) ) ;
#3470 = EDGE_CURVE ( 'NONE', #564, #4327, #921, .T. ) ;
#3471 = ORIENTED_EDGE ( 'NONE', *, *, #4385, .T. ) ;
#3472 = CARTESIAN_POINT ( 'NONE',  ( -54.99999999999995737, -31.15000000000069846, 25.00000000000000000 ) ) ;
#3473 = ORIENTED_EDGE ( 'NONE', *, *, #5110, .T. ) ;
#3474 = CARTESIAN_POINT ( 'NONE',  ( 99.99999999999951683, -44.99999999998776445, 0.000000000000000000 ) ) ;
#3475 = FACE_OUTER_BOUND ( 'NONE', #1807, .T. ) ;
#3476 = ORIENTED_EDGE ( 'NONE', *, *, #474, .T. ) ;
#3477 = CARTESIAN_POINT ( 'NONE',  ( -125.0000000000001705, 31.90000000000001279, 21.19999999999999929 ) ) ;
#3478 = VERTEX_POINT ( 'NONE', #3272 ) ;
#3479 = DIRECTION ( 'NONE',  ( -1.020425574104003013E-15, -1.000000000000000000, 0.000000000000000000 ) ) ;
#3480 = EDGE_CURVE ( 'NONE', #1144, #4292, #3938, .T. ) ;
#3481 = FACE_BOUND ( 'NONE', #57, .T. ) ;
#3482 = ORIENTED_EDGE ( 'NONE', *, *, #2365, .T. ) ;
#3483 = VERTEX_POINT ( 'NONE', #5268 ) ;
#3484 = EDGE_CURVE ( 'NONE', #2147, #1415, #2552, .T. ) ;
#3485 = DIRECTION ( 'NONE',  ( 1.000000000000000000, 0.000000000000000000, -0.000000000000000000 ) ) ;
#3486 = DIRECTION ( 'NONE',  ( -0.000000000000000000, -0.000000000000000000, -1.000000000000000000 ) ) ;
#3487 = CARTESIAN_POINT ( 'NONE',  ( 109.6000000000000512, -28.99999999999999289, 0.000000000000000000 ) ) ;
#3488 = ORIENTED_EDGE ( 'NONE', *, *, #2744, .F. ) ;
#3489 = EDGE_CURVE ( 'NONE', #3432, #4024, #5211, .T. ) ;
#3490 = LINE ( 'NONE', #3875, #3585 ) ;
#3491 = CARTESIAN_POINT ( 'NONE',  ( 103.6000000000000369, 28.99999999999999289, 3.000000000000000000 ) ) ;
#3492 = AXIS2_PLACEMENT_3D ( 'NONE', #1404, #498, #3003 ) ;
#3493 = AXIS2_PLACEMENT_3D ( 'NONE', #5256, #1555, #2388 ) ;
#3494 = ORIENTED_EDGE ( 'NONE', *, *, #4607, .F. ) ;
#3495 = DIRECTION ( 'NONE',  ( -0.000000000000000000, 0.000000000000000000, 1.000000000000000000 ) ) ;
#3496 = ORIENTED_EDGE ( 'NONE', *, *, #4065, .T. ) ;
#3497 = ORIENTED_EDGE ( 'NONE', *, *, #1116, .F. ) ;
#3498 = EDGE_CURVE ( 'NONE', #4725, #1898, #3623, .T. ) ;
#3499 = AXIS2_PLACEMENT_3D ( 'NONE', #1655, #427, #396 ) ;
#3500 = DIRECTION ( 'NONE',  ( -1.000000000000000000, 0.000000000000000000, 0.000000000000000000 ) ) ;
#3501 = AXIS2_PLACEMENT_3D ( 'NONE', #684, #3197, #3518 ) ;
#3502 = B_SPLINE_CURVE_WITH_KNOTS ( 'NONE', 3,
 ( #4809, #1968, #2285, #676 ),
 .UNSPECIFIED., .F., .F.,
 ( 4, 4 ),
 ( 0.000000000000000000, 1.000000000000000000 ),
 .UNSPECIFIED. ) ;
#3503 = AXIS2_PLACEMENT_3D ( 'NONE', #2697, #4191, #1886 ) ;
#3504 = FACE_OUTER_BOUND ( 'NONE', #269, .T. ) ;
#3505 = EDGE_LOOP ( 'NONE', ( #2452, #8 ) ) ;
#3506 = AXIS2_PLACEMENT_3D ( 'NONE', #66, #1724, #3345 ) ;
#3508 = VECTOR ( 'NONE', #2025, 1000.000000000000000 ) ;
#3507 = CARTESIAN_POINT ( 'NONE',  ( -54.99999999999995737, 32.40000000000001279, 25.00000000000000000 ) ) ;
#3509 = ORIENTED_EDGE ( 'NONE', *, *, #1741, .T. ) ;
#3510 = LINE ( 'NONE', #2615, #184 ) ;
#3511 = FACE_OUTER_BOUND ( 'NONE', #1347, .T. ) ;
#3512 = AXIS2_PLACEMENT_3D ( 'NONE', #3183, #4425, #2313 ) ;
#3513 = VECTOR ( 'NONE', #294, 1000.000000000000000 ) ;
#3514 = FACE_BOUND ( 'NONE', #1074, .T. ) ;
#3515 = ORIENTED_EDGE ( 'NONE', *, *, #3136, .F. ) ;
#3516 = EDGE_CURVE ( 'NONE', #365, #2323, #331, .T. ) ;
#3517 = VERTEX_POINT ( 'NONE', #3675 ) ;
#3518 = DIRECTION ( 'NONE',  ( -1.000000000000000000, 0.000000000000000000, 0.000000000000000000 ) ) ;
#3519 = CARTESIAN_POINT ( 'NONE',  ( 115.0000000000000568, 32.40000000000000568, 25.00000000000000000 ) ) ;
#3520 = CARTESIAN_POINT ( 'NONE',  ( -119.9999999999999716, 74.99999999999998579, 15.00000000000000000 ) ) ;
#3521 = ORIENTED_EDGE ( 'NONE', *, *, #502, .T. ) ;
#3522 = EDGE_CURVE ( 'NONE', #1739, #183, #2898, .T. ) ;
#3523 = LINE ( 'NONE', #658, #3589 ) ;
#3524 = CARTESIAN_POINT ( 'NONE',  ( 100.0000000000002132, 55.00000000001224265, 25.00000000000000000 ) ) ;
#3525 = ORIENTED_EDGE ( 'NONE', *, *, #4781, .T. ) ;
#3526 = DIRECTION ( 'NONE',  ( -1.000000000000000000, 0.000000000000000000, 0.000000000000000000 ) ) ;
#3527 = ORIENTED_EDGE ( 'NONE', *, *, #201, .T. ) ;
#3528 = DIRECTION ( 'NONE',  ( 1.000000000000000000, 0.000000000000000000, 0.000000000000000000 ) ) ;
#3529 = CARTESIAN_POINT ( 'NONE',  ( 115.0000000000000568, 32.40000000000000568, 25.00000000000000000 ) ) ;
#3530 = CYLINDRICAL_SURFACE ( 'NONE', #4630, 1.600000000000000755 ) ;
#3531 = VECTOR ( 'NONE', #4722, 1000.000000000000000 ) ;
#3532 = ORIENTED_EDGE ( 'NONE', *, *, #1166, .T. ) ;
#3533 = EDGE_CURVE ( 'NONE', #5084, #564, #3592, .T. ) ;
#3534 = ADVANCED_FACE ( 'NONE', ( #1165 ), #814, .F. ) ;
#3535 = LINE ( 'NONE', #1422, #2385 ) ;
#3536 = DIRECTION ( 'NONE',  ( 0.000000000000000000, 1.000000000000000000, 0.000000000000000000 ) ) ;
#3537 = ORIENTED_EDGE ( 'NONE', *, *, #5061, .T. ) ;
#3538 = CYLINDRICAL_SURFACE ( 'NONE', #2324, 5.000000000000004441 ) ;
#3539 = AXIS2_PLACEMENT_3D ( 'NONE', #96, #2966, #146 ) ;
#3540 = FACE_BOUND ( 'NONE', #2748, .T. ) ;
#3541 = EDGE_CURVE ( 'NONE', #2239, #4176, #2207, .T. ) ;
#3542 = AXIS2_PLACEMENT_3D ( 'NONE', #3179, #1445, #4363 ) ;
#3543 = EDGE_LOOP ( 'NONE', ( #5154, #1215, #3153, #2432, #162 ) ) ;
#3544 = CARTESIAN_POINT ( 'NONE',  ( -119.9999999999999858, 64.99999999999998579, 15.00000000000000000 ) ) ;
#3545 = ORIENTED_EDGE ( 'NONE', *, *, #2968, .F. ) ;
#3546 = CIRCLE ( 'NONE', #4152, 1.600000000000000755 ) ;
#3547 = EDGE_LOOP ( 'NONE', ( #5088, #254 ) ) ;
#3548 = CARTESIAN_POINT ( 'NONE',  ( 115.0000000000000568, -32.40000000000000568, 25.00000000000000000 ) ) ;
#3549 = AXIS2_PLACEMENT_3D ( 'NONE', #2719, #4375, #4404 ) ;
#3550 = DIRECTION ( 'NONE',  ( -1.000000000000000000, 0.000000000000000000, 0.000000000000000000 ) ) ;
#3551 = DIRECTION ( 'NONE',  ( 1.000000000000000000, -4.163336342344344915E-15, 0.000000000000000000 ) ) ;
#3552 = DIRECTION ( 'NONE',  ( -1.000000000000000000, -0.000000000000000000, -0.000000000000000000 ) ) ;
#3553 = CARTESIAN_POINT ( 'NONE',  ( -59.99999999999995737, 5.000000000012239987, 15.00000000000000000 ) ) ;
#3554 = EDGE_CURVE ( 'NONE', #4176, #1144, #2941, .T. ) ;
#3555 = ORIENTED_EDGE ( 'NONE', *, *, #2082, .F. ) ;
#3556 = CYLINDRICAL_SURFACE ( 'NONE', #62, 4.999999999999990230 ) ;
#3557 = CARTESIAN_POINT ( 'NONE',  ( -9.999999999999781508, 50.00000000001224265, 15.00000000000000000 ) ) ;
#3558 = ORIENTED_EDGE ( 'NONE', *, *, #2957, .T. ) ;
#3559 = DIRECTION ( 'NONE',  ( -1.000000000000000000, 0.000000000000000000, 0.000000000000000000 ) ) ;
#3560 = DIRECTION ( 'NONE',  ( 1.000000000000000000, -4.081702296416016786E-15, -0.000000000000000000 ) ) ;
#3561 = CARTESIAN_POINT ( 'NONE',  ( -55.41742430504411487, 32.40000000000001279, 18.00000000000000000 ) ) ;
#3562 = VERTEX_POINT ( 'NONE', #4970 ) ;
#3563 =( NAMED_UNIT ( * ) SI_UNIT ( $, .STERADIAN. ) SOLID_ANGLE_UNIT ( ) );
#3564 = CARTESIAN_POINT ( 'NONE',  ( -42.50000000000047606, -50.00000000000000000, 15.00000000000000000 ) ) ;
#3565 = VERTEX_POINT ( 'NONE', #3317 ) ;
#3566 = CARTESIAN_POINT ( 'NONE',  ( 32.49999999999952394, -50.00000000000000000, 15.00000000000000000 ) ) ;
#3567 = LINE ( 'NONE', #310, #4709 ) ;
#3568 = EDGE_CURVE ( 'NONE', #1620, #1194, #63, .T. ) ;
#3569 = DIRECTION ( 'NONE',  ( 1.000000000000000000, 0.000000000000000000, 0.000000000000000000 ) ) ;
#3570 = ORIENTED_EDGE ( 'NONE', *, *, #3266, .T. ) ;
#3571 = ADVANCED_FACE ( 'NONE', ( #2451 ), #840, .F. ) ;
#3572 = ORIENTED_EDGE ( 'NONE', *, *, #1805, .F. ) ;
#3573 = CARTESIAN_POINT ( 'NONE',  ( 64.99999999999953104, -49.99999999998776445, 15.00000000000000000 ) ) ;
#3574 = DIRECTION ( 'NONE',  ( 0.000000000000000000, 0.000000000000000000, -1.000000000000000000 ) ) ;
#3575 = LINE ( 'NONE', #3084, #2768 ) ;
#3576 = DIRECTION ( 'NONE',  ( 1.000000000000000000, 4.081702296416016366E-17, -0.000000000000000000 ) ) ;
#3577 = DIRECTION ( 'NONE',  ( 0.000000000000000000, 1.000000000000000000, -0.000000000000000000 ) ) ;
#3578 = VERTEX_POINT ( 'NONE', #1670 ) ;
#3579 = DIRECTION ( 'NONE',  ( -4.081702296416016786E-15, -1.000000000000000000, -0.000000000000000000 ) ) ;
#3580 = CYLINDRICAL_SURFACE ( 'NONE', #606, 4.999999999999990230 ) ;
#3581 = ORIENTED_EDGE ( 'NONE', *, *, #830, .T. ) ;
#3582 = CARTESIAN_POINT ( 'NONE',  ( -90.00000000000048317, -54.99999999998775735, 0.000000000000000000 ) ) ;
#3583 = CARTESIAN_POINT ( 'NONE',  ( 105.0000000000000284, -75.00000000000000000, 15.00000000000000000 ) ) ;
#3584 = CARTESIAN_POINT ( 'NONE',  ( -59.99999999999995026, 21.01742430504416248, 15.00000000000000000 ) ) ;
#3585 = VECTOR ( 'NONE', #5141, 1000.000000000000000 ) ;
#3586 = VERTEX_POINT ( 'NONE', #3344 ) ;
#3587 = DIRECTION ( 'NONE',  ( -1.000000000000000000, -1.020425574104003013E-15, 0.000000000000000000 ) ) ;
#3588 = VECTOR ( 'NONE', #4391, 1000.000000000000000 ) ;
#3589 = VECTOR ( 'NONE', #1492, 1000.000000000000000 ) ;
#3590 = VERTEX_POINT ( 'NONE', #3806 ) ;
#3591 = EDGE_LOOP ( 'NONE', ( #4128, #308, #2377, #457 ) ) ;
#3592 = LINE ( 'NONE', #4925, #2819 ) ;
#3593 = EDGE_CURVE ( 'NONE', #2745, #5149, #4977, .T. ) ;
#3594 = VECTOR ( 'NONE', #275, 1000.000000000000000 ) ;
#3595 = AXIS2_PLACEMENT_3D ( 'NONE', #2483, #4996, #515 ) ;
#3596 = FACE_OUTER_BOUND ( 'NONE', #4312, .T. ) ;
#3597 = EDGE_LOOP ( 'NONE', ( #2026, #2730 ) ) ;
#3598 = CIRCLE ( 'NONE', #2272, 1.600000000000004086 ) ;
#3599 = VECTOR ( 'NONE', #2997, 1000.000000000000000 ) ;
#3600 = AXIS2_PLACEMENT_3D ( 'NONE', #4862, #1158, #4560 ) ;
#3601 = EDGE_LOOP ( 'NONE', ( #1651, #1926, #1861, #2056 ) ) ;
#3602 = VECTOR ( 'NONE', #5302, 1000.000000000000000 ) ;
#3603 = LINE ( 'NONE', #2268, #3077 ) ;
#3604 = EDGE_CURVE ( 'NONE', #3702, #2883, #3297, .T. ) ;
#3605 = EDGE_CURVE ( 'NONE', #3348, #3478, #3331, .T. ) ;
#3606 = DIRECTION ( 'NONE',  ( 0.000000000000000000, 0.000000000000000000, -1.000000000000000000 ) ) ;
#3607 = LINE ( 'NONE', #1041, #2677 ) ;
#3608 = CARTESIAN_POINT ( 'NONE',  ( -54.99999999999995026, 21.01742430504416248, 20.00000000000000000 ) ) ;
#3609 = CARTESIAN_POINT ( 'NONE',  ( -27.49999999999993960, 0.000000000000000000, 25.00000000000000000 ) ) ;
#3610 = ORIENTED_EDGE ( 'NONE', *, *, #2174, .T. ) ;
#3611 =( BOUNDED_CURVE ( )  B_SPLINE_CURVE ( 3, ( #5191, #1485, #764, #1168 ),
 .UNSPECIFIED., .F., .F. ) 
 B_SPLINE_CURVE_WITH_KNOTS ( ( 4, 4 ),
 ( 1.570796326794896558, 2.730075807522305720 ),
 .UNSPECIFIED. ) 
 CURVE ( )  GEOMETRIC_REPRESENTATION_ITEM ( )  RATIONAL_B_SPLINE_CURVE ( ( 1.000000000000000000, 0.8911066843560502271, 0.8911066843560502271, 1.000000000000000000 ) ) 
 REPRESENTATION_ITEM ( '' )  );
#3612 = DIRECTION ( 'NONE',  ( 0.000000000000000000, 0.000000000000000000, -1.000000000000000000 ) ) ;
#3613 = ORIENTED_EDGE ( 'NONE', *, *, #4619, .F. ) ;
#3614 = CARTESIAN_POINT ( 'NONE',  ( -54.99999999999995026, -26.10000000000000497, 25.00000000000000000 ) ) ;
#3615 = CARTESIAN_POINT ( 'NONE',  ( -125.0000000000001705, 32.40000000000098623, 18.00000000000000000 ) ) ;
#3616 = DIRECTION ( 'NONE',  ( -0.000000000000000000, -0.000000000000000000, -1.000000000000000000 ) ) ;
#3617 = ORIENTED_EDGE ( 'NONE', *, *, #414, .F. ) ;
#3618 = CIRCLE ( 'NONE', #11, 2.500000000000002220 ) ;
#3619 = COORDINATED_UNIVERSAL_TIME_OFFSET ( 8, 0, .AHEAD. ) ;
#3620 = LINE ( 'NONE', #1565, #5189 ) ;
#3621 = ORIENTED_EDGE ( 'NONE', *, *, #2023, .T. ) ;
#3622 = LINE ( 'NONE', #366, #4485 ) ;
#3623 = LINE ( 'NONE', #4869, #1431 ) ;
#3624 = AXIS2_PLACEMENT_3D ( 'NONE', #1238, #84, #4939 ) ;
#3625 = EDGE_CURVE ( 'NONE', #4985, #334, #4646, .T. ) ;
#3626 = VECTOR ( 'NONE', #2696, 1000.000000000000000 ) ;
#3627 = FACE_BOUND ( 'NONE', #4930, .T. ) ;
#3628 = ORIENTED_EDGE ( 'NONE', *, *, #2698, .F. ) ;
#3629 = ORIENTED_EDGE ( 'NONE', *, *, #280, .F. ) ;
#3630 = LINE ( 'NONE', #2736, #232 ) ;
#3631 = LINE ( 'NONE', #770, #1002 ) ;
#3632 = AXIS2_PLACEMENT_3D ( 'NONE', #2951, #2222, #4633 ) ;
#3633 = DIRECTION ( 'NONE',  ( 0.000000000000000000, 0.000000000000000000, -1.000000000000000000 ) ) ;
#3634 = CARTESIAN_POINT ( 'NONE',  ( -24.99999999999993960, 0.000000000000000000, 0.000000000000000000 ) ) ;
#3635 = ADVANCED_FACE ( 'NONE', ( #1750 ), #889, .F. ) ;
#3636 = CIRCLE ( 'NONE', #3893, 1.600000000000000755 ) ;
#3637 = ORIENTED_EDGE ( 'NONE', *, *, #1678, .T. ) ;
#3638 = LINE ( 'NONE', #5281, #4269 ) ;
#3639 = CARTESIAN_POINT ( 'NONE',  ( 106.6000000000000369, -28.99999999999999289, 3.000000000000000000 ) ) ;
#3640 = EDGE_LOOP ( 'NONE', ( #640, #3831 ) ) ;
#3641 = LINE ( 'NONE', #1930, #5086 ) ;
#3642 = DIRECTION ( 'NONE',  ( -1.000000000000000000, 0.000000000000000000, 0.000000000000000000 ) ) ;
#3643 = CYLINDRICAL_SURFACE ( 'NONE', #3167, 1.600000000000004086 ) ;
#3644 = ORIENTED_EDGE ( 'NONE', *, *, #412, .F. ) ;
#3645 = ORIENTED_EDGE ( 'NONE', *, *, #4531, .T. ) ;
#3646 = PERSON_AND_ORGANIZATION_ROLE ( 'design_supplier' ) ;
#3647 = DIRECTION ( 'NONE',  ( -0.000000000000000000, -0.000000000000000000, -1.000000000000000000 ) ) ;
#3648 = EDGE_LOOP ( 'NONE', ( #2662, #4586, #4422, #4430, #1763 ) ) ;
#3649 = FACE_OUTER_BOUND ( 'NONE', #3039, .T. ) ;
#3650 = CARTESIAN_POINT ( 'NONE',  ( -124.9999999999999716, 74.99999999999998579, 0.000000000000000000 ) ) ;
#3651 = ORIENTED_EDGE ( 'NONE', *, *, #2874, .T. ) ;
#3652 = ORIENTED_EDGE ( 'NONE', *, *, #342, .F. ) ;
#3653 = ADVANCED_FACE ( 'NONE', ( #93 ), #4133, .F. ) ;
#3654 = CYLINDRICAL_SURFACE ( 'NONE', #4285, 4.999999999999997335 ) ;
#3655 = DIRECTION ( 'NONE',  ( -0.000000000000000000, -0.000000000000000000, -1.000000000000000000 ) ) ;
#3656 = CARTESIAN_POINT ( 'NONE',  ( 70.00000000000021316, 55.00000000001224265, 25.00000000000000000 ) ) ;
#3657 = CARTESIAN_POINT ( 'NONE',  ( -44.99999999999995737, 0.000000000000000000, 25.00000000000000000 ) ) ;
#3658 = EDGE_CURVE ( 'NONE', #594, #1902, #2100, .T. ) ;
#3659 = ORIENTED_EDGE ( 'NONE', *, *, #730, .F. ) ;
#3660 = CARTESIAN_POINT ( 'NONE',  ( -24.39999999999996305, -28.99999999999998934, 2.999999999999999112 ) ) ;
#3661 = EDGE_CURVE ( 'NONE', #3165, #1454, #4947, .T. ) ;
#3662 = FACE_OUTER_BOUND ( 'NONE', #3810, .T. ) ;
#3663 = ORIENTED_EDGE ( 'NONE', *, *, #412, .T. ) ;
#3664 = DIRECTION ( 'NONE',  ( -0.000000000000000000, -0.000000000000000000, -1.000000000000000000 ) ) ;
#3665 = CARTESIAN_POINT ( 'NONE',  ( 118.4000000000000483, -64.99999999999998579, 0.000000000000000000 ) ) ;
#3666 = LINE ( 'NONE', #3561, #4808 ) ;
#3667 = VERTEX_POINT ( 'NONE', #1270 ) ;
#3668 = ORIENTED_EDGE ( 'NONE', *, *, #3489, .T. ) ;
#3669 = APPROVAL_ROLE ( '' ) ;
#3670 = EDGE_CURVE ( 'NONE', #3342, #3265, #2078, .T. ) ;
#3671 = CARTESIAN_POINT ( 'NONE',  ( -54.99999999999995737, -36.98257569495585528, 20.00000000000000000 ) ) ;
#3672 = ORIENTED_EDGE ( 'NONE', *, *, #245, .T. ) ;
#3673 = DIRECTION ( 'NONE',  ( -1.000000000000000000, 0.000000000000000000, 0.000000000000000000 ) ) ;
#3674 = VECTOR ( 'NONE', #1334, 1000.000000000000000 ) ;
#3675 = CARTESIAN_POINT ( 'NONE',  ( -22.49999999999993605, 3.061616997868386099E-16, 0.000000000000000000 ) ) ;
#3676 = AXIS2_PLACEMENT_3D ( 'NONE', #1789, #1706, #2598 ) ;
#3677 = ORIENTED_EDGE ( 'NONE', *, *, #4052, .F. ) ;
#3678 = CIRCLE ( 'NONE', #4800, 4.999999999999990230 ) ;
#3679 = AXIS2_PLACEMENT_3D ( 'NONE', #3529, #4126, #481 ) ;
#3680 = ORIENTED_EDGE ( 'NONE', *, *, #4187, .F. ) ;
#3681 = VECTOR ( 'NONE', #3450, 1000.000000000000000 ) ;
#3682 = CIRCLE ( 'NONE', #4467, 2.500000000000002220 ) ;
#3683 = CARTESIAN_POINT ( 'NONE',  ( -95.00000000000046896, -49.99999999998776445, 0.000000000000000000 ) ) ;
#3684 = EDGE_CURVE ( 'NONE', #5028, #5017, #4281, .T. ) ;
#3685 = CARTESIAN_POINT ( 'NONE',  ( 115.2782828700294857, -25.60000000000000497, 18.00000000000000000 ) ) ;
#3686 = CYLINDRICAL_SURFACE ( 'NONE', #2735, 4.999999999999990230 ) ;
#3687 = LOCAL_TIME ( 14, 40, 30.00000000000000000, #3238 ) ;
#3688 = AXIS2_PLACEMENT_3D ( 'NONE', #851, #2107, #800 ) ;
#3689 = AXIS2_PLACEMENT_3D ( 'NONE', #3872, #1014, #1040 ) ;
#3690 = DIRECTION ( 'NONE',  ( -0.000000000000000000, -0.000000000000000000, -1.000000000000000000 ) ) ;
#3691 = CARTESIAN_POINT ( 'NONE',  ( 0.000000000000000000, 45.00000000001224265, 15.00000000000000000 ) ) ;
#3692 = EDGE_CURVE ( 'NONE', #3946, #3204, #3944, .T. ) ;
#3693 = VERTEX_POINT ( 'NONE', #1319 ) ;
#3694 = DIRECTION ( 'NONE',  ( 1.000000000000000000, 0.000000000000000000, 0.000000000000000000 ) ) ;
#3695 = PLANE ( 'NONE',  #2462 ) ;
#3696 = PLANE ( 'NONE',  #2470 ) ;
#3697 = ORIENTED_EDGE ( 'NONE', *, *, #4258, .T. ) ;
#3698 = ORIENTED_EDGE ( 'NONE', *, *, #3160, .F. ) ;
#3699 = DATE_AND_TIME ( #4891, #3687 ) ;
#3700 = CYLINDRICAL_SURFACE ( 'NONE', #4322, 4.999999999999997335 ) ;
#3701 = ORIENTED_EDGE ( 'NONE', *, *, #2699, .T. ) ;
#3702 = VERTEX_POINT ( 'NONE', #4613 ) ;
#3703 = DIRECTION ( 'NONE',  ( 0.000000000000000000, -0.000000000000000000, 1.000000000000000000 ) ) ;
#3704 = EDGE_CURVE ( 'NONE', #2883, #4153, #154, .T. ) ;
#3705 = ORIENTED_EDGE ( 'NONE', *, *, #2454, .F. ) ;
#3706 = AXIS2_PLACEMENT_3D ( 'NONE', #2368, #3271, #1220 ) ;
#3707 = ORIENTED_EDGE ( 'NONE', *, *, #4427, .F. ) ;
#3708 = EDGE_CURVE ( 'NONE', #4799, #707, #3852, .T. ) ;
#3709 = CIRCLE ( 'NONE', #3624, 2.500000000000002220 ) ;
#3710 = CARTESIAN_POINT ( 'NONE',  ( -9.999999999999953815, 1.224020884649235086E-11, 15.00000000000000000 ) ) ;
#3711 = CARTESIAN_POINT ( 'NONE',  ( 115.0000000000000568, 31.90000000000000568, 24.50000000000000000 ) ) ;
#3712 = AXIS2_PLACEMENT_3D ( 'NONE', #3375, #4137, #3000 ) ;
#3713 = LINE ( 'NONE', #4600, #2031 ) ;
#3714 = APPROVAL ( #2397, '未' ) ;
#3715 = VECTOR ( 'NONE', #4089, 1000.000000000000000 ) ;
#3716 = DIRECTION ( 'NONE',  ( -0.000000000000000000, -0.000000000000000000, -1.000000000000000000 ) ) ;
#3717 = LINE ( 'NONE', #1660, #4058 ) ;
#3718 = VERTEX_POINT ( 'NONE', #2887 ) ;
#3719 = PLANE ( 'NONE',  #1125 ) ;
#3720 = CARTESIAN_POINT ( 'NONE',  ( 115.0000000000000995, 26.85000000000000497, 20.00000000000000000 ) ) ;
#3721 = CARTESIAN_POINT ( 'NONE',  ( 115.0000000000000568, 32.40000000000000568, 25.00000000000000000 ) ) ;
#3722 = AXIS2_PLACEMENT_3D ( 'NONE', #4439, #3971, #5208 ) ;
#3723 = ADVANCED_FACE ( 'NONE', ( #3504 ), #5153, .F. ) ;
#3724 = ORIENTED_EDGE ( 'NONE', *, *, #566, .T. ) ;
#3725 = ORIENTED_EDGE ( 'NONE', *, *, #4065, .F. ) ;
#3726 = DIRECTION ( 'NONE',  ( -1.000000000000000000, -4.081702296416016366E-17, 0.000000000000000000 ) ) ;
#3727 = ORIENTED_EDGE ( 'NONE', *, *, #1907, .F. ) ;
#3728 = DIRECTION ( 'NONE',  ( 0.000000000000000000, 1.000000000000000000, 0.000000000000000000 ) ) ;
#3729 = DIRECTION ( 'NONE',  ( 0.000000000000000000, -0.000000000000000000, -1.000000000000000000 ) ) ;
#3730 = ORIENTED_EDGE ( 'NONE', *, *, #1320, .F. ) ;
#3731 = EDGE_CURVE ( 'NONE', #1454, #5313, #1863, .T. ) ;
#3732 = FACE_OUTER_BOUND ( 'NONE', #940, .T. ) ;
#3733 = ORIENTED_EDGE ( 'NONE', *, *, #5041, .F. ) ;
#3734 = DIRECTION ( 'NONE',  ( 0.000000000000000000, 0.000000000000000000, 1.000000000000000000 ) ) ;
#3735 = EDGE_CURVE ( 'NONE', #3135, #365, #3939, .T. ) ;
#3736 = DIRECTION ( 'NONE',  ( -0.000000000000000000, -0.000000000000000000, -1.000000000000000000 ) ) ;
#3737 = DIRECTION ( 'NONE',  ( 0.000000000000000000, -0.000000000000000000, -1.000000000000000000 ) ) ;
#3738 = EDGE_CURVE ( 'NONE', #1155, #125, #925, .T. ) ;
#3739 = DIRECTION ( 'NONE',  ( 1.000000000000000000, 0.000000000000000000, 0.000000000000000000 ) ) ;
#3740 = CYLINDRICAL_SURFACE ( 'NONE', #450, 1.600000000000004086 ) ;
#3741 = ORIENTED_EDGE ( 'NONE', *, *, #4380, .T. ) ;
#3742 = CARTESIAN_POINT ( 'NONE',  ( -54.99999999999995026, 26.10000000000000497, 24.50000000000000000 ) ) ;
#3743 = CARTESIAN_POINT ( 'NONE',  ( 20.00000000000021672, 45.00000000001224265, 0.000000000000000000 ) ) ;
#3744 = CARTESIAN_POINT ( 'NONE',  ( -24.99999999999993960, 0.000000000000000000, 25.00000000000000000 ) ) ;
#3745 = EDGE_LOOP ( 'NONE', ( #4410, #2349, #5259, #5036 ) ) ;
#3746 = VERTEX_POINT ( 'NONE', #4339 ) ;
#3747 = DIRECTION ( 'NONE',  ( -0.000000000000000000, -0.000000000000000000, -1.000000000000000000 ) ) ;
#3748 = VERTEX_POINT ( 'NONE', #1449 ) ;
#3749 = DIRECTION ( 'NONE',  ( -1.000000000000000000, 0.000000000000000000, 0.000000000000000000 ) ) ;
#3750 = DIRECTION ( 'NONE',  ( -0.000000000000000000, -0.000000000000000000, -1.000000000000000000 ) ) ;
#3751 = CARTESIAN_POINT ( 'NONE',  ( 35.00000000000022027, 50.00000000000000000, 25.00000000000000000 ) ) ;
#3752 = ORIENTED_EDGE ( 'NONE', *, *, #4452, .T. ) ;
#3753 = FACE_OUTER_BOUND ( 'NONE', #2374, .T. ) ;
#3754 = ADVANCED_FACE ( 'NONE', ( #196 ), #3096, .F. ) ;
#3755 = VERTEX_POINT ( 'NONE', #563 ) ;
#3756 = AXIS2_PLACEMENT_3D ( 'NONE', #1128, #3961, #4881 ) ;
#3757 = DIRECTION ( 'NONE',  ( -0.000000000000000000, 0.000000000000000000, 1.000000000000000000 ) ) ;
#3758 = VECTOR ( 'NONE', #4038, 1000.000000000000000 ) ;
#3759 = AXIS2_PLACEMENT_3D ( 'NONE', #4490, #1913, #728 ) ;
#3760 = CARTESIAN_POINT ( 'NONE',  ( -9.999999999999781508, 50.00000000001224265, 0.000000000000000000 ) ) ;
#3761 = DIRECTION ( 'NONE',  ( -0.000000000000000000, 0.000000000000000000, 1.000000000000000000 ) ) ;
#3762 = ADVANCED_FACE ( 'NONE', ( #1397 ), #1829, .T. ) ;
#3763 = ADVANCED_FACE ( 'NONE', ( #4696 ), #3530, .F. ) ;
#3764 = VECTOR ( 'NONE', #3816, 1000.000000000000000 ) ;
#3765 = AXIS2_PLACEMENT_3D ( 'NONE', #119, #3729, #2993 ) ;
#3766 = CARTESIAN_POINT ( 'NONE',  ( -106.5999999999999659, 75.00000000000000000, 15.00000000000000000 ) ) ;
#3767 = DIRECTION ( 'NONE',  ( 1.000000000000000000, 0.000000000000000000, 0.000000000000000000 ) ) ;
#3768 = ORIENTED_EDGE ( 'NONE', *, *, #20, .F. ) ;
#3769 = DIRECTION ( 'NONE',  ( -1.000000000000000000, 0.000000000000000000, 0.000000000000000000 ) ) ;
#3770 = DIRECTION ( 'NONE',  ( -0.000000000000000000, -0.000000000000000000, -1.000000000000000000 ) ) ;
#3771 = APPROVAL_PERSON_ORGANIZATION ( #1137, #3714, #335 ) ;
#3772 = DIRECTION ( 'NONE',  ( -1.000000000000000000, -4.163336342344333082E-15, 0.000000000000000000 ) ) ;
#3773 = ORIENTED_EDGE ( 'NONE', *, *, #2356, .T. ) ;
#3774 = AXIS2_PLACEMENT_3D ( 'NONE', #1839, #1387, #3817 ) ;
#3775 = ORIENTED_EDGE ( 'NONE', *, *, #586, .T. ) ;
#3776 = DIRECTION ( 'NONE',  ( 1.020425574104003013E-15, 1.000000000000000000, 0.000000000000000000 ) ) ;
#3777 = ORIENTED_EDGE ( 'NONE', *, *, #5052, .T. ) ;
#3778 = DIRECTION ( 'NONE',  ( 1.000000000000000000, -4.081702296416016366E-17, 0.000000000000000000 ) ) ;
#3779 = CARTESIAN_POINT ( 'NONE',  ( -27.39999999999996660, -28.99999999999998934, 3.000000000000000000 ) ) ;
#3780 = DIRECTION ( 'NONE',  ( -0.000000000000000000, 0.000000000000000000, 1.000000000000000000 ) ) ;
#3781 = ORIENTED_EDGE ( 'NONE', *, *, #2720, .T. ) ;
#3782 = CARTESIAN_POINT ( 'NONE',  ( 103.6000000000000369, 28.99999999999999289, 0.000000000000000000 ) ) ;
#3783 = VERTEX_POINT ( 'NONE', #1052 ) ;
#3784 = ADVANCED_FACE ( 'NONE', ( #2690 ), #639, .F. ) ;
#3785 = DIRECTION ( 'NONE',  ( 0.000000000000000000, 0.000000000000000000, -1.000000000000000000 ) ) ;
#3786 = DIRECTION ( 'NONE',  ( 1.000000000000000000, -0.000000000000000000, -0.000000000000000000 ) ) ;
#3787 = CARTESIAN_POINT ( 'NONE',  ( -25.99999999999996447, 28.99999999999998934, 25.00000000000000000 ) ) ;
#3788 = CIRCLE ( 'NONE', #2581, 5.000000000000004441 ) ;
#3789 = DIRECTION ( 'NONE',  ( -1.000000000000000000, 0.000000000000000000, 0.000000000000000000 ) ) ;
#3790 = CARTESIAN_POINT ( 'NONE',  ( -124.9999999999999716, 74.99999999999998579, 15.00000000000000000 ) ) ;
#3791 = FACE_OUTER_BOUND ( 'NONE', #4011, .T. ) ;
#3792 = CIRCLE ( 'NONE', #3879, 1.600000000000004086 ) ;
#3793 = VERTEX_POINT ( 'NONE', #1879 ) ;
#3794 = ADVANCED_FACE ( 'NONE', ( #3475 ), #993, .F. ) ;
#3795 = DIRECTION ( 'NONE',  ( -1.000000000000000000, 0.000000000000000000, -0.000000000000000000 ) ) ;
#3796 = LINE ( 'NONE', #110, #2198 ) ;
#3797 = CARTESIAN_POINT ( 'NONE',  ( 0.000000000000000000, 5.000000000012239987, 15.00000000000000000 ) ) ;
#3798 = CIRCLE ( 'NONE', #3283, 3.000000000000002665 ) ;
#3799 = VERTEX_POINT ( 'NONE', #1372 ) ;
#3800 = ORIENTED_EDGE ( 'NONE', *, *, #771, .F. ) ;
#3801 = DIRECTION ( 'NONE',  ( -0.000000000000000000, -0.000000000000000000, -1.000000000000000000 ) ) ;
#3802 = ORIENTED_EDGE ( 'NONE', *, *, #1023, .T. ) ;
#3803 = EDGE_CURVE ( 'NONE', #868, #3799, #5321, .T. ) ;
#3804 = CARTESIAN_POINT ( 'NONE',  ( -104.9999999999999716, 75.00000000000000000, 25.00000000000000000 ) ) ;
#3805 = AXIS2_PLACEMENT_3D ( 'NONE', #3639, #2492, #2090 ) ;
#3806 = CARTESIAN_POINT ( 'NONE',  ( -103.3999999999999631, -75.00000000000000000, 15.00000000000000000 ) ) ;
#3807 = ORIENTED_EDGE ( 'NONE', *, *, #1600, .F. ) ;
#3808 = VECTOR ( 'NONE', #4156, 1000.000000000000000 ) ;
#3809 = DIRECTION ( 'NONE',  ( -0.000000000000000000, -0.000000000000000000, -1.000000000000000000 ) ) ;
#3810 = EDGE_LOOP ( 'NONE', ( #2073, #1646, #844, #2839 ) ) ;
#3811 = FACE_OUTER_BOUND ( 'NONE', #2946, .T. ) ;
#3812 = VERTEX_POINT ( 'NONE', #2611 ) ;
#3813 = CARTESIAN_POINT ( 'NONE',  ( -89.99999999999978684, 55.00000000001224265, 25.00000000000000000 ) ) ;
#3814 = ADVANCED_FACE ( 'NONE', ( #944 ), #2585, .F. ) ;
#3815 = DIRECTION ( 'NONE',  ( 0.000000000000000000, 0.000000000000000000, -1.000000000000000000 ) ) ;
#3816 = DIRECTION ( 'NONE',  ( -1.000000000000000000, 0.000000000000000000, 0.000000000000000000 ) ) ;
#3817 = DIRECTION ( 'NONE',  ( 1.000000000000000000, 0.000000000000000000, 0.000000000000000000 ) ) ;
#3818 = DIRECTION ( 'NONE',  ( -0.000000000000000000, -0.000000000000000000, -1.000000000000000000 ) ) ;
#3819 = ORIENTED_EDGE ( 'NONE', *, *, #4739, .F. ) ;
#3820 = CARTESIAN_POINT ( 'NONE',  ( -119.9999999999999858, 64.99999999999998579, 0.000000000000000000 ) ) ;
#3821 = EDGE_CURVE ( 'NONE', #754, #5026, #3163, .T. ) ;
#3822 = DIRECTION ( 'NONE',  ( -0.000000000000000000, -0.000000000000000000, -1.000000000000000000 ) ) ;
#3823 = CARTESIAN_POINT ( 'NONE',  ( 120.0000000000000568, 64.99999999999998579, 15.00000000000000000 ) ) ;
#3824 = ORIENTED_EDGE ( 'NONE', *, *, #1805, .T. ) ;
#3825 = EDGE_CURVE ( 'NONE', #4819, #3348, #3859, .T. ) ;
#3826 = ORIENTED_EDGE ( 'NONE', *, *, #2108, .T. ) ;
#3827 = CARTESIAN_POINT ( 'NONE',  ( 57.50000000000024158, 50.00000000000000000, 15.00000000000000000 ) ) ;
#3828 = ORIENTED_EDGE ( 'NONE', *, *, #1178, .F. ) ;
#3829 = CARTESIAN_POINT ( 'NONE',  ( 100.0000000000002132, 45.00000000001224265, 25.00000000000000000 ) ) ;
#3830 = CARTESIAN_POINT ( 'NONE',  ( -59.99999999999995737, 1.224020884649235086E-11, 25.00000000000000000 ) ) ;
#3831 = ORIENTED_EDGE ( 'NONE', *, *, #4145, .F. ) ;
#3832 = EDGE_CURVE ( 'NONE', #1929, #2399, #1346, .T. ) ;
#3833 = ADVANCED_FACE ( 'NONE', ( #617 ), #4834, .F. ) ;
#3834 = CARTESIAN_POINT ( 'NONE',  ( 125.0000000000000284, 74.99999999999998579, 0.000000000000000000 ) ) ;
#3835 = EDGE_LOOP ( 'NONE', ( #5067, #227, #1995, #4230 ) ) ;
#3836 = CARTESIAN_POINT ( 'NONE',  ( 34.99999999999952394, -50.00000000000000000, 0.000000000000000000 ) ) ;
#3837 = VERTEX_POINT ( 'NONE', #276 ) ;
#3838 = FACE_OUTER_BOUND ( 'NONE', #784, .T. ) ;
#3839 = VERTEX_POINT ( 'NONE', #2800 ) ;
#3840 = CARTESIAN_POINT ( 'NONE',  ( -94.99999999999977263, 50.00000000001224265, 0.000000000000000000 ) ) ;
#3841 = ORIENTED_EDGE ( 'NONE', *, *, #2594, .T. ) ;
#3842 = AXIS2_PLACEMENT_3D ( 'NONE', #1468, #3576, #2791 ) ;
#3843 = CARTESIAN_POINT ( 'NONE',  ( -54.99999999999995026, 25.60000000000000497, 18.00000000000000000 ) ) ;
#3844 = CIRCLE ( 'NONE', #65, 1.600000000000004086 ) ;
#3845 = AXIS2_PLACEMENT_3D ( 'NONE', #2163, #3815, #4599 ) ;
#3846 = FACE_BOUND ( 'NONE', #3547, .T. ) ;
#3847 = DIRECTION ( 'NONE',  ( 1.000000000000000000, 0.000000000000000000, 0.000000000000000000 ) ) ;
#3848 = ORIENTED_EDGE ( 'NONE', *, *, #1131, .F. ) ;
#3849 = CARTESIAN_POINT ( 'NONE',  ( -59.99999999999995737, -4.999999999987760013, 25.00000000000000000 ) ) ;
#3850 = CARTESIAN_POINT ( 'NONE',  ( 116.2369633750131186, 33.21953906996889572, 16.12220008844692032 ) ) ;
#3851 = CIRCLE ( 'NONE', #330, 0.5000000000000004441 ) ;
#3852 = CIRCLE ( 'NONE', #576, 1.600000000000004086 ) ;
#3853 = EDGE_CURVE ( 'NONE', #4589, #170, #837, .T. ) ;
#3854 = EDGE_LOOP ( 'NONE', ( #4515, #1244, #1446, #4751 ) ) ;
#3855 = DIRECTION ( 'NONE',  ( 0.000000000000000000, -0.000000000000000000, -1.000000000000000000 ) ) ;
#3856 = AXIS2_PLACEMENT_3D ( 'NONE', #1335, #557, #1765 ) ;
#3857 = ORIENTED_EDGE ( 'NONE', *, *, #2365, .F. ) ;
#3858 = DIRECTION ( 'NONE',  ( -1.000000000000000000, 0.000000000000000000, 0.000000000000000000 ) ) ;
#3859 = LINE ( 'NONE', #172, #3681 ) ;
#3860 = AXIS2_PLACEMENT_3D ( 'NONE', #4303, #3381, #5034 ) ;
#3861 = EDGE_LOOP ( 'NONE', ( #980, #5047, #4295, #2753 ) ) ;
#3862 = AXIS2_PLACEMENT_3D ( 'NONE', #1658, #3327, #4982 ) ;
#3863 = VERTEX_POINT ( 'NONE', #3584 ) ;
#3864 = DIRECTION ( 'NONE',  ( -1.020425574104003013E-15, -1.000000000000000000, 0.000000000000000000 ) ) ;
#3865 = ORIENTED_EDGE ( 'NONE', *, *, #4246, .T. ) ;
#3866 = DIRECTION ( 'NONE',  ( -0.000000000000000000, -0.000000000000000000, -1.000000000000000000 ) ) ;
#3867 = ORIENTED_EDGE ( 'NONE', *, *, #565, .T. ) ;
#3868 = EDGE_CURVE ( 'NONE', #2306, #378, #4481, .T. ) ;
#3869 = VERTEX_POINT ( 'NONE', #3968 ) ;
#3870 = VECTOR ( 'NONE', #3882, 1000.000000000000000 ) ;
#3871 = DIRECTION ( 'NONE',  ( 1.020425574104003013E-15, 1.000000000000000000, -0.000000000000000000 ) ) ;
#3872 = CARTESIAN_POINT ( 'NONE',  ( -125.0000000000001705, -32.40000000000099334, 18.00000000000000000 ) ) ;
#3873 = FACE_BOUND ( 'NONE', #3902, .T. ) ;
#3874 = ORIENTED_EDGE ( 'NONE', *, *, #4816, .F. ) ;
#3875 = CARTESIAN_POINT ( 'NONE',  ( -47.50000000000047606, -50.00000000000000000, 25.00000000000000000 ) ) ;
#3876 = AXIS2_PLACEMENT_3D ( 'NONE', #2782, #4672, #5175 ) ;
#3877 = DIRECTION ( 'NONE',  ( 1.000000000000000000, 0.000000000000000000, 0.000000000000000000 ) ) ;
#3878 = ORIENTED_EDGE ( 'NONE', *, *, #3196, .F. ) ;
#3879 = AXIS2_PLACEMENT_3D ( 'NONE', #5027, #1349, #2510 ) ;
#3880 = DIRECTION ( 'NONE',  ( -1.000000000000000000, 0.000000000000000000, -0.000000000000000000 ) ) ;
#3881 = ORIENTED_EDGE ( 'NONE', *, *, #342, .T. ) ;
#3882 = DIRECTION ( 'NONE',  ( -1.000000000000000000, 0.000000000000000000, 0.000000000000000000 ) ) ;
#3883 = CARTESIAN_POINT ( 'NONE',  ( -24.39999999999996305, -28.99999999999998934, 0.000000000000000000 ) ) ;
#3884 = ADVANCED_FACE ( 'NONE', ( #4449 ), #752, .F. ) ;
#3885 = AXIS2_PLACEMENT_3D ( 'NONE', #693, #3206, #636 ) ;
#3886 = ORIENTED_EDGE ( 'NONE', *, *, #1023, .F. ) ;
#3887 = CARTESIAN_POINT ( 'NONE',  ( -21.39999999999995950, -28.99999999999998934, 0.000000000000000000 ) ) ;
#3888 = AXIS2_PLACEMENT_3D ( 'NONE', #4249, #2572, #5094 ) ;
#3889 = ORIENTED_EDGE ( 'NONE', *, *, #802, .F. ) ;
#3890 = CARTESIAN_POINT ( 'NONE',  ( -54.99999999999995737, -32.40000000000001279, 21.19999999999999929 ) ) ;
#3891 = ADVANCED_FACE ( 'NONE', ( #1077 ), #3151, .F. ) ;
#3892 = EDGE_LOOP ( 'NONE', ( #2474, #151, #5112, #833, #719 ) ) ;
#3893 = AXIS2_PLACEMENT_3D ( 'NONE', #1502, #1055, #3154 ) ;
#3894 = EDGE_CURVE ( 'NONE', #2916, #3207, #3666, .T. ) ;
#3895 = DIRECTION ( 'NONE',  ( 0.000000000000000000, 0.000000000000000000, -1.000000000000000000 ) ) ;
#3896 = ORIENTED_EDGE ( 'NONE', *, *, #4276, .T. ) ;
#3897 = ORIENTED_EDGE ( 'NONE', *, *, #884, .T. ) ;
#3898 = CARTESIAN_POINT ( 'NONE',  ( -125.0000000000001705, -32.40000000000099334, 21.19999999999999929 ) ) ;
#3899 = ADVANCED_FACE ( 'NONE', ( #5310 ), #1500, .F. ) ;
#3900 = FACE_BOUND ( 'NONE', #3127, .T. ) ;
#3901 = DIRECTION ( 'NONE',  ( 1.000000000000000000, 0.000000000000000000, 0.000000000000000000 ) ) ;
#3902 = EDGE_LOOP ( 'NONE', ( #59, #2104 ) ) ;
#3903 = DIRECTION ( 'NONE',  ( -1.000000000000000000, 0.000000000000000000, 0.000000000000000000 ) ) ;
#3904 = CARTESIAN_POINT ( 'NONE',  ( 54.99999999999954525, -50.00000000000000000, 25.00000000000000000 ) ) ;
#3905 = EDGE_LOOP ( 'NONE', ( #2501, #5289, #3527, #1140 ) ) ;
#3906 = CARTESIAN_POINT ( 'NONE',  ( 34.99999999999952394, -50.00000000000000000, 15.00000000000000000 ) ) ;
#3907 = ORIENTED_EDGE ( 'NONE', *, *, #1652, .F. ) ;
#3908 = ORIENTED_EDGE ( 'NONE', *, *, #2921, .F. ) ;
#3909 = CARTESIAN_POINT ( 'NONE',  ( 20.00000000000021672, 50.00000000001224265, 25.00000000000000000 ) ) ;
#3910 = DIRECTION ( 'NONE',  ( 0.000000000000000000, 0.000000000000000000, -1.000000000000000000 ) ) ;
#3911 = ORIENTED_EDGE ( 'NONE', *, *, #1971, .F. ) ;
#3912 = DIRECTION ( 'NONE',  ( 1.000000000000000000, 0.000000000000000000, 0.000000000000000000 ) ) ;
#3913 = ADVANCED_FACE ( 'NONE', ( #4805 ), #3643, .F. ) ;
#3914 = ORIENTED_EDGE ( 'NONE', *, *, #1581, .F. ) ;
#3915 = DIRECTION ( 'NONE',  ( 1.000000000000000000, 0.000000000000000000, 0.000000000000000000 ) ) ;
#3916 = EDGE_CURVE ( 'NONE', #577, #1182, #1615, .T. ) ;
#3917 = LINE ( 'NONE', #4817, #2219 ) ;
#3918 = ORIENTED_EDGE ( 'NONE', *, *, #3625, .F. ) ;
#3919 = ORIENTED_EDGE ( 'NONE', *, *, #2226, .T. ) ;
#3920 = CARTESIAN_POINT ( 'NONE',  ( 105.0000000000000284, 75.00000000000000000, 15.00000000000000000 ) ) ;
#3921 = DIRECTION ( 'NONE',  ( -0.000000000000000000, -0.000000000000000000, -1.000000000000000000 ) ) ;
#3922 = LINE ( 'NONE', #1465, #452 ) ;
#3923 = ORIENTED_EDGE ( 'NONE', *, *, #818, .F. ) ;
#3924 = CIRCLE ( 'NONE', #3061, 4.999999999999990230 ) ;
#3925 = CARTESIAN_POINT ( 'NONE',  ( 120.0000000000000284, 79.99999999999998579, 0.000000000000000000 ) ) ;
#3926 = CARTESIAN_POINT ( 'NONE',  ( -10.00000000000047429, -49.99999999998776445, 25.00000000000000000 ) ) ;
#3927 = EDGE_CURVE ( 'NONE', #2367, #4324, #1435, .T. ) ;
#3928 = EDGE_CURVE ( 'NONE', #4136, #760, #1560, .T. ) ;
#3929 = CIRCLE ( 'NONE', #4359, 3.000000000000002665 ) ;
#3930 = VECTOR ( 'NONE', #4333, 1000.000000000000000 ) ;
#3931 = ORIENTED_EDGE ( 'NONE', *, *, #3554, .F. ) ;
#3932 = CARTESIAN_POINT ( 'NONE',  ( -54.99999999999995026, -25.60000000000069420, 18.00000000000000000 ) ) ;
#3933 = VERTEX_POINT ( 'NONE', #2715 ) ;
#3934 = AXIS2_PLACEMENT_3D ( 'NONE', #2030, #1203, #451 ) ;
#3935 = CARTESIAN_POINT ( 'NONE',  ( 100.0000000000002132, 55.00000000001224265, 15.00000000000000000 ) ) ;
#3936 = CARTESIAN_POINT ( 'NONE',  ( -14.99999999999977973, 50.00000000001224265, 15.00000000000000000 ) ) ;
#3937 = VECTOR ( 'NONE', #2750, 1000.000000000000000 ) ;
#3938 = CIRCLE ( 'NONE', #149, 4.999999999999997335 ) ;
#3939 = LINE ( 'NONE', #2232, #1518 ) ;
#3940 = EDGE_CURVE ( 'NONE', #4484, #979, #1699, .T. ) ;
#3941 = ORIENTED_EDGE ( 'NONE', *, *, #4876, .T. ) ;
#3942 =( GEOMETRIC_REPRESENTATION_CONTEXT ( 3 ) GLOBAL_UNCERTAINTY_ASSIGNED_CONTEXT ( ( #723 ) ) GLOBAL_UNIT_ASSIGNED_CONTEXT ( ( #5181, #2640, #3563 ) ) REPRESENTATION_CONTEXT ( 'NONE', 'WORKASPACE' ) );
#3944 = CIRCLE ( 'NONE', #3252, 5.000000000000004441 ) ;
#3943 = CARTESIAN_POINT ( 'NONE',  ( 100.0000000000002132, 55.00000000001224265, 0.000000000000000000 ) ) ;
#3945 = CARTESIAN_POINT ( 'NONE',  ( -54.99999999999995737, 31.90000000000001279, 24.50000000000000000 ) ) ;
#3946 = VERTEX_POINT ( 'NONE', #4401 ) ;
#3947 = DIRECTION ( 'NONE',  ( -1.000000000000000000, 1.387778780781444492E-15, 0.000000000000000000 ) ) ;
#3948 = DIRECTION ( 'NONE',  ( 1.000000000000000000, 0.000000000000000000, 0.000000000000000000 ) ) ;
#3949 = LOCAL_TIME ( 14, 40, 30.00000000000000000, #5314 ) ;
#3950 = CIRCLE ( 'NONE', #5150, 1.600000000000004086 ) ;
#3951 = DIRECTION ( 'NONE',  ( -0.000000000000000000, -0.000000000000000000, -1.000000000000000000 ) ) ;
#3952 = ORIENTED_EDGE ( 'NONE', *, *, #1626, .F. ) ;
#3953 = ORIENTED_EDGE ( 'NONE', *, *, #5013, .F. ) ;
#3954 = ADVANCED_FACE ( 'NONE', ( #697 ), #2340, .F. ) ;
#3955 = CARTESIAN_POINT ( 'NONE',  ( -27.49999999999977263, 50.00000000000000000, 25.00000000000000000 ) ) ;
#3956 = DIRECTION ( 'NONE',  ( -0.000000000000000000, 0.000000000000000000, 1.000000000000000000 ) ) ;
#3957 = CARTESIAN_POINT ( 'NONE',  ( -24.39999999999996305, 28.99999999999998934, 2.999999999999999112 ) ) ;
#3958 = LINE ( 'NONE', #3143, #3930 ) ;
#3959 = CARTESIAN_POINT ( 'NONE',  ( -59.99999999999995737, -4.999999999987760013, 0.000000000000000000 ) ) ;
#3960 = ORIENTED_EDGE ( 'NONE', *, *, #2967, .F. ) ;
#3961 = DIRECTION ( 'NONE',  ( -0.000000000000000000, -0.000000000000000000, -1.000000000000000000 ) ) ;
#3962 = EDGE_CURVE ( 'NONE', #570, #4976, #4374, .T. ) ;
#3963 = DIRECTION ( 'NONE',  ( 1.000000000000000000, 0.000000000000000000, 0.000000000000000000 ) ) ;
#3964 = CIRCLE ( 'NONE', #857, 2.500000000000002220 ) ;
#3965 = VERTEX_POINT ( 'NONE', #1964 ) ;
#3966 = CARTESIAN_POINT ( 'NONE',  ( 121.6000000000000512, 64.99999999999998579, 25.00000000000000000 ) ) ;
#3967 = LINE ( 'NONE', #4861, #3330 ) ;
#3968 = CARTESIAN_POINT ( 'NONE',  ( 37.50000000000022027, 50.00000000000000000, 15.00000000000000000 ) ) ;
#3969 = ORIENTED_EDGE ( 'NONE', *, *, #629, .T. ) ;
#3970 = ADVANCED_FACE ( 'NONE', ( #5262 ), #3212, .T. ) ;
#3971 = DIRECTION ( 'NONE',  ( -0.000000000000000000, 0.000000000000000000, 1.000000000000000000 ) ) ;
#3972 = VERTEX_POINT ( 'NONE', #4606 ) ;
#3973 = DIRECTION ( 'NONE',  ( -1.000000000000000000, 0.000000000000000000, 0.000000000000000000 ) ) ;
#3974 = AXIS2_PLACEMENT_3D ( 'NONE', #1662, #880, #4149 ) ;
#3975 = CARTESIAN_POINT ( 'NONE',  ( 19.99999999999952394, -49.99999999998776445, 15.00000000000000000 ) ) ;
#3976 = AXIS2_PLACEMENT_3D ( 'NONE', #2335, #3495, #3090 ) ;
#3977 = FACE_BOUND ( 'NONE', #1684, .T. ) ;
#3978 = ORIENTED_EDGE ( 'NONE', *, *, #4835, .T. ) ;
#3979 = AXIS2_PLACEMENT_3D ( 'NONE', #2193, #161, #3441 ) ;
#3980 = ORIENTED_EDGE ( 'NONE', *, *, #3735, .F. ) ;
#3981 = DIRECTION ( 'NONE',  ( -1.000000000000000000, 0.000000000000000000, 0.000000000000000000 ) ) ;
#3982 = DIRECTION ( 'NONE',  ( 1.000000000000000000, 0.000000000000000000, 0.000000000000000000 ) ) ;
#3983 = CARTESIAN_POINT ( 'NONE',  ( 115.0000000000000426, 36.98257569495584818, 15.00000000000000000 ) ) ;
#3984 = PRODUCT_DEFINITION ( '�', '', #756, #2341 ) ;
#3985 = DIRECTION ( 'NONE',  ( -1.000000000000000000, 0.000000000000000000, 0.000000000000000000 ) ) ;
#3986 = CARTESIAN_POINT ( 'NONE',  ( 20.00000000000004619, -4.999999999987760013, 15.00000000000000000 ) ) ;
#3987 = ORIENTED_EDGE ( 'NONE', *, *, #549, .T. ) ;
#3988 = DIRECTION ( 'NONE',  ( -0.000000000000000000, -0.000000000000000000, -1.000000000000000000 ) ) ;
#3989 =( BOUNDED_CURVE ( )  B_SPLINE_CURVE ( 3, ( #1376, #1324, #2917, #1727 ),
 .UNSPECIFIED., .F., .F. ) 
 B_SPLINE_CURVE_WITH_KNOTS ( ( 4, 4 ),
 ( 3.553109499657281400, 4.712388980384690562 ),
 .UNSPECIFIED. ) 
 CURVE ( )  GEOMETRIC_REPRESENTATION_ITEM ( )  RATIONAL_B_SPLINE_CURVE ( ( 1.000000000000000000, 0.8911066843560502271, 0.8911066843560502271, 1.000000000000000000 ) ) 
 REPRESENTATION_ITEM ( '' )  );
#3990 = LINE ( 'NONE', #1528, #1986 ) ;
#3991 = ADVANCED_FACE ( 'NONE', ( #111 ), #3696, .F. ) ;
#3992 = ORIENTED_EDGE ( 'NONE', *, *, #468, .F. ) ;
#3993 = LINE ( 'NONE', #695, #688 ) ;
#3994 = CARTESIAN_POINT ( 'NONE',  ( -125.0000000000001705, 31.15000000000098268, 18.00000000000000000 ) ) ;
#3995 = DIRECTION ( 'NONE',  ( -0.000000000000000000, -0.000000000000000000, -1.000000000000000000 ) ) ;
#3996 = ORIENTED_EDGE ( 'NONE', *, *, #2370, .T. ) ;
#3997 = DIRECTION ( 'NONE',  ( 0.000000000000000000, 0.000000000000000000, -1.000000000000000000 ) ) ;
#3998 = ORIENTED_EDGE ( 'NONE', *, *, #9, .F. ) ;
#3999 = ORIENTED_EDGE ( 'NONE', *, *, #1392, .F. ) ;
#4000 = DIRECTION ( 'NONE',  ( -2.040851148208008393E-15, 1.000000000000000000, 0.000000000000000000 ) ) ;
#4001 = EDGE_CURVE ( 'NONE', #1944, #3746, #3289, .T. ) ;
#4002 = EDGE_CURVE ( 'NONE', #2802, #4096, #482, .T. ) ;
#4003 = DIRECTION ( 'NONE',  ( -1.000000000000000000, 0.000000000000000000, 0.000000000000000000 ) ) ;
#4004 = ORIENTED_EDGE ( 'NONE', *, *, #4714, .F. ) ;
#4005 = ORIENTED_EDGE ( 'NONE', *, *, #3026, .T. ) ;
#4006 = FACE_BOUND ( 'NONE', #3236, .T. ) ;
#4007 = CARTESIAN_POINT ( 'NONE',  ( -54.99999999999995026, 25.60000000000000497, 24.50000000000000000 ) ) ;
#4008 = DIRECTION ( 'NONE',  ( -0.000000000000000000, -0.000000000000000000, -1.000000000000000000 ) ) ;
#4009 = FACE_OUTER_BOUND ( 'NONE', #3422, .T. ) ;
#4010 = LINE ( 'NONE', #3609, #3758 ) ;
#4011 = EDGE_LOOP ( 'NONE', ( #3312, #120, #2386, #3292 ) ) ;
#4012 = CARTESIAN_POINT ( 'NONE',  ( 117.9511523250777998, 23.06627197996639467, 15.00000000000000000 ) ) ;
#4013 = DIRECTION ( 'NONE',  ( 1.020425574104003013E-15, -1.000000000000000000, 0.000000000000000000 ) ) ;
#4014 = ORIENTED_EDGE ( 'NONE', *, *, #1781, .T. ) ;
#4015 = CYLINDRICAL_SURFACE ( 'NONE', #5090, 5.000000000000004441 ) ;
#4016 = CARTESIAN_POINT ( 'NONE',  ( 70.00000000000004263, -4.999999999987760013, 25.00000000000000000 ) ) ;
#4017 = CARTESIAN_POINT ( 'NONE',  ( -44.99999999999995737, 0.000000000000000000, 25.00000000000000000 ) ) ;
#4018 = VECTOR ( 'NONE', #2741, 1000.000000000000000 ) ;
#4019 = ADVANCED_FACE ( 'NONE', ( #1287 ), #2906, .F. ) ;
#4020 = ORIENTED_EDGE ( 'NONE', *, *, #3541, .F. ) ;
#4021 = CARTESIAN_POINT ( 'NONE',  ( 106.6000000000000369, 28.99999999999999289, 2.999999999999999112 ) ) ;
#4022 = AXIS2_PLACEMENT_3D ( 'NONE', #689, #239, #1469 ) ;
#4023 = ORIENTED_EDGE ( 'NONE', *, *, #1578, .T. ) ;
#4024 = VERTEX_POINT ( 'NONE', #1240 ) ;
#4025 = PLANE ( 'NONE',  #2458 ) ;
#4026 = AXIS2_PLACEMENT_3D ( 'NONE', #5136, #128, #5064 ) ;
#4027 = AXIS2_PLACEMENT_3D ( 'NONE', #488, #2125, #5046 ) ;
#4028 = FACE_BOUND ( 'NONE', #3158, .T. ) ;
#4029 = ORIENTED_EDGE ( 'NONE', *, *, #1844, .T. ) ;
#4030 = AXIS2_PLACEMENT_3D ( 'NONE', #384, #2751, #1906 ) ;
#4031 = ORIENTED_EDGE ( 'NONE', *, *, #2267, .F. ) ;
#4032 = CIRCLE ( 'NONE', #2739, 1.600000000000004086 ) ;
#4033 = CARTESIAN_POINT ( 'NONE',  ( -56.23696337501310438, 33.21953906996899519, 16.12220008844685992 ) ) ;
#4034 = CARTESIAN_POINT ( 'NONE',  ( -119.9999999999999858, 64.99999999999998579, 0.000000000000000000 ) ) ;
#4035 = DIRECTION ( 'NONE',  ( -0.000000000000000000, -0.000000000000000000, -1.000000000000000000 ) ) ;
#4036 = EDGE_CURVE ( 'NONE', #5166, #775, #2498, .T. ) ;
#4037 = CARTESIAN_POINT ( 'NONE',  ( -89.99999999999978684, 50.00000000001224265, 25.00000000000000000 ) ) ;
#4038 = DIRECTION ( 'NONE',  ( -0.000000000000000000, -0.000000000000000000, -1.000000000000000000 ) ) ;
#4039 = ORIENTED_EDGE ( 'NONE', *, *, #4468, .T. ) ;
#4040 = LINE ( 'NONE', #324, #4539 ) ;
#4041 = FACE_OUTER_BOUND ( 'NONE', #883, .T. ) ;
#4042 = VERTEX_POINT ( 'NONE', #3361 ) ;
#4043 = CARTESIAN_POINT ( 'NONE',  ( 105.0000000000000426, -28.99999999999999289, 25.00000000000000000 ) ) ;
#4044 = DIRECTION ( 'NONE',  ( 0.000000000000000000, 0.000000000000000000, -1.000000000000000000 ) ) ;
#4045 = DIRECTION ( 'NONE',  ( 1.110223024625149441E-14, -1.000000000000000000, -0.000000000000000000 ) ) ;
#4046 = ORIENTED_EDGE ( 'NONE', *, *, #2437, .T. ) ;
#4047 = ORIENTED_EDGE ( 'NONE', *, *, #4597, .T. ) ;
#4048 = APPROVAL_STATUS ( 'not_yet_approved' ) ;
#4049 = DIRECTION ( 'NONE',  ( 1.000000000000000000, 0.000000000000000000, 0.000000000000000000 ) ) ;
#4050 = ORIENTED_EDGE ( 'NONE', *, *, #2638, .T. ) ;
#4051 = CARTESIAN_POINT ( 'NONE',  ( 106.6000000000000369, 28.99999999999999289, 2.999999999999999112 ) ) ;
#4052 = EDGE_CURVE ( 'NONE', #1332, #594, #1272, .T. ) ;
#4053 = LINE ( 'NONE', #704, #322 ) ;
#4054 = CIRCLE ( 'NONE', #17, 5.000000000000004441 ) ;
#4055 = ORIENTED_EDGE ( 'NONE', *, *, #3373, .F. ) ;
#4056 = EDGE_CURVE ( 'NONE', #3300, #1114, #3264, .T. ) ;
#4057 = ORIENTED_EDGE ( 'NONE', *, *, #1626, .T. ) ;
#4058 = VECTOR ( 'NONE', #2011, 1000.000000000000000 ) ;
#4059 = EDGE_CURVE ( 'NONE', #3748, #530, #2521, .T. ) ;
#4060 = CARTESIAN_POINT ( 'NONE',  ( 118.4000000000000483, 64.99999999999998579, 15.00000000000000000 ) ) ;
#4061 = CYLINDRICAL_SURFACE ( 'NONE', #60, 2.500000000000002220 ) ;
#4062 = VECTOR ( 'NONE', #1840, 1000.000000000000000 ) ;
#4063 = CARTESIAN_POINT ( 'NONE',  ( -94.99999999999995737, 1.224020884649235086E-11, 15.00000000000000000 ) ) ;
#4064 = DIRECTION ( 'NONE',  ( -0.000000000000000000, -0.000000000000000000, -1.000000000000000000 ) ) ;
#4065 = EDGE_CURVE ( 'NONE', #4725, #1814, #75, .T. ) ;
#4066 = ORIENTED_EDGE ( 'NONE', *, *, #1977, .T. ) ;
#4067 = CYLINDRICAL_SURFACE ( 'NONE', #3152, 1.600000000000004086 ) ;
#4068 = FACE_OUTER_BOUND ( 'NONE', #1063, .T. ) ;
#4069 = VERTEX_POINT ( 'NONE', #4962 ) ;
#4070 = DIRECTION ( 'NONE',  ( -1.000000000000000000, 0.000000000000000000, 0.000000000000000000 ) ) ;
#4071 = CARTESIAN_POINT ( 'NONE',  ( -121.5999999999999801, -64.99999999999998579, 0.000000000000000000 ) ) ;
#4072 = CARTESIAN_POINT ( 'NONE',  ( -125.0000000000001705, 32.40000000000098623, 21.19999999999999929 ) ) ;
#4073 = VERTEX_POINT ( 'NONE', #3337 ) ;
#4074 = ORIENTED_EDGE ( 'NONE', *, *, #1752, .F. ) ;
#4075 = APPROVAL_DATE_TIME ( #363, #3714 ) ;
#4076 = LINE ( 'NONE', #4892, #3029 ) ;
#4077 = ORIENTED_EDGE ( 'NONE', *, *, #1451, .F. ) ;
#4078 = ORIENTED_EDGE ( 'NONE', *, *, #3137, .T. ) ;
#4079 = CARTESIAN_POINT ( 'NONE',  ( -47.50000000000047606, -50.00000000000000000, 0.000000000000000000 ) ) ;
#4080 = EDGE_CURVE ( 'NONE', #3346, #4712, #4201, .T. ) ;
#4081 = ORIENTED_EDGE ( 'NONE', *, *, #2183, .F. ) ;
#4082 = ORIENTED_EDGE ( 'NONE', *, *, #2033, .F. ) ;
#4083 = EDGE_CURVE ( 'NONE', #1756, #168, #1866, .T. ) ;
#4084 = DIRECTION ( 'NONE',  ( 1.000000000000000000, 1.020425574104003013E-15, -0.000000000000000000 ) ) ;
#4085 = CARTESIAN_POINT ( 'NONE',  ( -89.99999999999995737, -4.999999999987760013, 0.000000000000000000 ) ) ;
#4086 = DIRECTION ( 'NONE',  ( 1.000000000000000000, 0.000000000000000000, 0.000000000000000000 ) ) ;
#4087 = LINE ( 'NONE', #454, #3602 ) ;
#4088 = CARTESIAN_POINT ( 'NONE',  ( -59.99999999999995737, 5.000000000012239987, 25.00000000000000000 ) ) ;
#4089 = DIRECTION ( 'NONE',  ( -0.000000000000000000, -0.000000000000000000, 1.000000000000000000 ) ) ;
#4090 = ORIENTED_EDGE ( 'NONE', *, *, #1280, .T. ) ;
#4091 = ADVANCED_FACE ( 'NONE', ( #509 ), #1313, .F. ) ;
#4092 = CARTESIAN_POINT ( 'NONE',  ( 115.0000000000001137, -31.15000000000000568, 20.00000000000000000 ) ) ;
#4093 = CARTESIAN_POINT ( 'NONE',  ( 120.0000000000000711, 36.98257569495584818, 15.00000000000000000 ) ) ;
#4094 = EDGE_CURVE ( 'NONE', #5149, #3755, #55, .T. ) ;
#4095 = DIRECTION ( 'NONE',  ( -1.000000000000000000, 0.000000000000000000, 0.000000000000000000 ) ) ;
#4096 = VERTEX_POINT ( 'NONE', #1212 ) ;
#4097 = ORIENTED_EDGE ( 'NONE', *, *, #1067, .F. ) ;
#4098 = DIRECTION ( 'NONE',  ( -0.000000000000000000, -0.000000000000000000, -1.000000000000000000 ) ) ;
#4099 = EDGE_LOOP ( 'NONE', ( #4393, #1373, #1472, #2717 ) ) ;
#4100 = ADVANCED_FACE ( 'NONE', ( #4989 ), #2471, .F. ) ;
#4101 = ORIENTED_EDGE ( 'NONE', *, *, #712, .F. ) ;
#4102 = VECTOR ( 'NONE', #5159, 1000.000000000000000 ) ;
#4103 = CIRCLE ( 'NONE', #3322, 1.600000000000004086 ) ;
#4104 = CARTESIAN_POINT ( 'NONE',  ( 115.0000000000000568, -32.40000000000000568, 20.00000000000000000 ) ) ;
#4105 = ORIENTED_EDGE ( 'NONE', *, *, #1610, .F. ) ;
#4106 = AXIS2_PLACEMENT_3D ( 'NONE', #4357, #714, #2384 ) ;
#4107 = CIRCLE ( 'NONE', #4795, 4.999999999999990230 ) ;
#4108 = ORIENTED_EDGE ( 'NONE', *, *, #347, .T. ) ;
#4109 = AXIS2_PLACEMENT_3D ( 'NONE', #1675, #3324, #872 ) ;
#4110 = CIRCLE ( 'NONE', #1605, 2.500000000000002220 ) ;
#4111 = AXIS2_PLACEMENT_3D ( 'NONE', #1184, #2832, #4480 ) ;
#4112 = ORIENTED_EDGE ( 'NONE', *, *, #1418, .F. ) ;
#4113 = AXIS2_PLACEMENT_3D ( 'NONE', #3920, #3171, #1892 ) ;
#4114 = VECTOR ( 'NONE', #7, 1000.000000000000000 ) ;
#4115 = FACE_OUTER_BOUND ( 'NONE', #4250, .T. ) ;
#4116 = EDGE_CURVE ( 'NONE', #4740, #1666, #407, .T. ) ;
#4117 = DIRECTION ( 'NONE',  ( -0.000000000000000000, 0.000000000000000000, 1.000000000000000000 ) ) ;
#4118 = FACE_OUTER_BOUND ( 'NONE', #1242, .T. ) ;
#4119 = APPROVAL_PERSON_ORGANIZATION ( #2837, #977, #3669 ) ;
#4120 = CIRCLE ( 'NONE', #3068, 2.500000000000002220 ) ;
#4121 = VECTOR ( 'NONE', #745, 1000.000000000000000 ) ;
#4122 = PLANE ( 'NONE',  #4812 ) ;
#4123 = CARTESIAN_POINT ( 'NONE',  ( -54.99999999999995737, -32.40000000000001279, 25.00000000000000000 ) ) ;
#4124 = ORIENTED_EDGE ( 'NONE', *, *, #98, .F. ) ;
#4125 = LINE ( 'NONE', #53, #2320 ) ;
#4126 = DIRECTION ( 'NONE',  ( -1.000000000000000000, 2.040851148208008393E-15, 0.000000000000000000 ) ) ;
#4127 = CARTESIAN_POINT ( 'NONE',  ( -54.99999999999995737, -31.15000000000069846, 20.00000000000000000 ) ) ;
#4128 = ORIENTED_EDGE ( 'NONE', *, *, #259, .T. ) ;
#4129 = ORIENTED_EDGE ( 'NONE', *, *, #2891, .T. ) ;
#4130 = CARTESIAN_POINT ( 'NONE',  ( -94.99999999999977263, 50.00000000001224265, 15.00000000000000000 ) ) ;
#4131 = VERTEX_POINT ( 'NONE', #4127 ) ;
#4132 = DIRECTION ( 'NONE',  ( -0.000000000000000000, -0.000000000000000000, -1.000000000000000000 ) ) ;
#4133 = CYLINDRICAL_SURFACE ( 'NONE', #241, 1.600000000000004086 ) ;
#4134 = CIRCLE ( 'NONE', #774, 1.600000000000004086 ) ;
#4135 = EDGE_CURVE ( 'NONE', #4495, #418, #2069, .T. ) ;
#4136 = VERTEX_POINT ( 'NONE', #3491 ) ;
#4137 = DIRECTION ( 'NONE',  ( 0.000000000000000000, 1.000000000000000000, 0.000000000000000000 ) ) ;
#4138 = VERTEX_POINT ( 'NONE', #1045 ) ;
#4139 = ADVANCED_FACE ( 'NONE', ( #2627 ), #1798, .F. ) ;
#4140 = AXIS2_PLACEMENT_3D ( 'NONE', #5012, #2980, #4635 ) ;
#4141 = DIRECTION ( 'NONE',  ( -0.000000000000000000, -0.000000000000000000, -1.000000000000000000 ) ) ;
#4142 = DIRECTION ( 'NONE',  ( -0.000000000000000000, -0.000000000000000000, 1.000000000000000000 ) ) ;
#4143 = CIRCLE ( 'NONE', #102, 4.999999999999997335 ) ;
#4144 = DIRECTION ( 'NONE',  ( 1.000000000000000000, 0.000000000000000000, 0.000000000000000000 ) ) ;
#4145 = EDGE_CURVE ( 'NONE', #5050, #2045, #578, .T. ) ;
#4146 = DIRECTION ( 'NONE',  ( -0.000000000000000000, -0.000000000000000000, -1.000000000000000000 ) ) ;
#4147 = CARTESIAN_POINT ( 'NONE',  ( 120.0000000000000568, -26.84999999999998366, 20.00000000000000000 ) ) ;
#4148 = ORIENTED_EDGE ( 'NONE', *, *, #2213, .F. ) ;
#4149 = DIRECTION ( 'NONE',  ( 0.000000000000000000, -1.000000000000000000, 0.000000000000000000 ) ) ;
#4150 = CARTESIAN_POINT ( 'NONE',  ( 52.50000000000006395, 0.000000000000000000, 0.000000000000000000 ) ) ;
#4151 = CARTESIAN_POINT ( 'NONE',  ( -54.99999999999995026, -25.60000000000000497, 21.69999999999999929 ) ) ;
#4152 = AXIS2_PLACEMENT_3D ( 'NONE', #3957, #1922, #4851 ) ;
#4153 = VERTEX_POINT ( 'NONE', #585 ) ;
#4154 = EDGE_CURVE ( 'NONE', #205, #125, #964, .T. ) ;
#4155 = ORIENTED_EDGE ( 'NONE', *, *, #3436, .F. ) ;
#4156 = DIRECTION ( 'NONE',  ( 0.000000000000000000, -0.000000000000000000, 1.000000000000000000 ) ) ;
#4157 = ORIENTED_EDGE ( 'NONE', *, *, #5165, .T. ) ;
#4158 = DIRECTION ( 'NONE',  ( 0.000000000000000000, -1.000000000000000000, 0.000000000000000000 ) ) ;
#4159 = CARTESIAN_POINT ( 'NONE',  ( -42.50000000000047606, -50.00000000000000000, 25.00000000000000000 ) ) ;
#4160 = ORIENTED_EDGE ( 'NONE', *, *, #896, .F. ) ;
#4161 =( BOUNDED_CURVE ( )  B_SPLINE_CURVE ( 3, ( #5292, #1080, #1536, #2316 ),
 .UNSPECIFIED., .F., .F. ) 
 B_SPLINE_CURVE_WITH_KNOTS ( ( 4, 4 ),
 ( 0.4115168460674882844, 1.570796326794896558 ),
 .UNSPECIFIED. ) 
 CURVE ( )  GEOMETRIC_REPRESENTATION_ITEM ( )  RATIONAL_B_SPLINE_CURVE ( ( 1.000000000000000000, 0.8911066843560503381, 0.8911066843560503381, 1.000000000000000000 ) ) 
 REPRESENTATION_ITEM ( '' )  );
#4162 = CARTESIAN_POINT ( 'NONE',  ( 125.0000000000000284, 74.99999999999998579, 15.00000000000000000 ) ) ;
#4163 = EDGE_CURVE ( 'NONE', #785, #1474, #2171, .T. ) ;
#4164 = ADVANCED_FACE ( 'NONE', ( #2197 ), #2225, .F. ) ;
#4165 = ORIENTED_EDGE ( 'NONE', *, *, #916, .F. ) ;
#4166 = CARTESIAN_POINT ( 'NONE',  ( 105.0000000000000284, -75.00000000000000000, 0.000000000000000000 ) ) ;
#4167 = DIRECTION ( 'NONE',  ( -1.000000000000000000, 0.000000000000000000, 0.000000000000000000 ) ) ;
#4168 = DIRECTION ( 'NONE',  ( 1.000000000000000000, 0.000000000000000000, 0.000000000000000000 ) ) ;
#4169 = DIRECTION ( 'NONE',  ( -4.081702296416016366E-17, 1.000000000000000000, 0.000000000000000000 ) ) ;
#4170 = DIRECTION ( 'NONE',  ( -0.000000000000000000, -0.000000000000000000, -1.000000000000000000 ) ) ;
#4171 = ORIENTED_EDGE ( 'NONE', *, *, #3928, .F. ) ;
#4172 = CARTESIAN_POINT ( 'NONE',  ( -59.99999999999995737, -4.999999999987760013, 15.00000000000000000 ) ) ;
#4173 = LINE ( 'NONE', #4988, #750 ) ;
#4174 = DIRECTION ( 'NONE',  ( 1.000000000000000000, 0.000000000000000000, 0.000000000000000000 ) ) ;
#4175 = ORIENTED_EDGE ( 'NONE', *, *, #3940, .T. ) ;
#4176 = VERTEX_POINT ( 'NONE', #2274 ) ;
#4177 = DIRECTION ( 'NONE',  ( -0.000000000000000000, 0.000000000000000000, 1.000000000000000000 ) ) ;
#4178 = VERTEX_POINT ( 'NONE', #987 ) ;
#4179 = CARTESIAN_POINT ( 'NONE',  ( -44.99999999999995737, 0.000000000000000000, 0.000000000000000000 ) ) ;
#4180 = DIRECTION ( 'NONE',  ( 1.000000000000000000, -4.081702296416016366E-17, 0.000000000000000000 ) ) ;
#4181 = EDGE_CURVE ( 'NONE', #2518, #813, #3682, .T. ) ;
#4182 = CARTESIAN_POINT ( 'NONE',  ( -124.9999999999999716, 79.99999999999998579, 0.000000000000000000 ) ) ;
#4183 = EDGE_LOOP ( 'NONE', ( #204, #3727 ) ) ;
#4184 = CYLINDRICAL_SURFACE ( 'NONE', #1723, 3.000000000000002665 ) ;
#4185 = ORIENTED_EDGE ( 'NONE', *, *, #4262, .F. ) ;
#4186 = VECTOR ( 'NONE', #4444, 1000.000000000000000 ) ;
#4187 = EDGE_CURVE ( 'NONE', #5124, #3138, #3950, .T. ) ;
#4188 = CARTESIAN_POINT ( 'NONE',  ( -24.39999999999996305, -28.99999999999998934, 3.000000000000000000 ) ) ;
#4189 = AXIS2_PLACEMENT_3D ( 'NONE', #1514, #4820, #1979 ) ;
#4190 = VECTOR ( 'NONE', #646, 1000.000000000000000 ) ;
#4191 = DIRECTION ( 'NONE',  ( -0.000000000000000000, 0.000000000000000000, 1.000000000000000000 ) ) ;
#4192 = DIRECTION ( 'NONE',  ( -0.000000000000000000, -0.000000000000000000, -1.000000000000000000 ) ) ;
#4193 = VECTOR ( 'NONE', #1909, 1000.000000000000000 ) ;
#4194 = AXIS2_PLACEMENT_3D ( 'NONE', #4236, #541, #2281 ) ;
#4195 = EDGE_CURVE ( 'NONE', #381, #5229, #2605, .T. ) ;
#4196 = DIRECTION ( 'NONE',  ( -0.000000000000000000, -0.000000000000000000, -1.000000000000000000 ) ) ;
#4197 = CYLINDRICAL_SURFACE ( 'NONE', #4319, 3.000000000000002665 ) ;
#4198 = ORIENTED_EDGE ( 'NONE', *, *, #1625, .F. ) ;
#4199 = CARTESIAN_POINT ( 'NONE',  ( -22.49999999999976552, 50.00000000000000000, 25.00000000000000000 ) ) ;
#4200 = CARTESIAN_POINT ( 'NONE',  ( -9.999999999999781508, 55.00000000001224265, 0.000000000000000000 ) ) ;
#4201 = CIRCLE ( 'NONE', #1956, 2.500000000000002220 ) ;
#4202 = DIRECTION ( 'NONE',  ( -4.081702296416016786E-15, 1.000000000000000000, 0.000000000000000000 ) ) ;
#4203 = ORIENTED_EDGE ( 'NONE', *, *, #2174, .F. ) ;
#4204 = AXIS2_PLACEMENT_3D ( 'NONE', #2737, #2381, #2326 ) ;
#4205 = ORIENTED_EDGE ( 'NONE', *, *, #4645, .T. ) ;
#4206 = DIRECTION ( 'NONE',  ( -0.000000000000000000, -0.000000000000000000, 1.000000000000000000 ) ) ;
#4207 = ORIENTED_EDGE ( 'NONE', *, *, #558, .F. ) ;
#4208 = CARTESIAN_POINT ( 'NONE',  ( -24.99999999999976907, 50.00000000000000000, 0.000000000000000000 ) ) ;
#4209 = DIRECTION ( 'NONE',  ( -1.000000000000000000, 0.000000000000000000, 0.000000000000000000 ) ) ;
#4210 = ORIENTED_EDGE ( 'NONE', *, *, #4452, .F. ) ;
#4211 = CARTESIAN_POINT ( 'NONE',  ( -42.49999999999995737, 3.061616997868386099E-16, 25.00000000000000000 ) ) ;
#4212 = EDGE_CURVE ( 'NONE', #2184, #4818, #4713, .T. ) ;
#4213 = ORIENTED_EDGE ( 'NONE', *, *, #4658, .T. ) ;
#4214 = CARTESIAN_POINT ( 'NONE',  ( -54.99999999999995026, 26.85000000000070131, 21.19999999999999929 ) ) ;
#4215 = ORIENTED_EDGE ( 'NONE', *, *, #1384, .F. ) ;
#4216 = ADVANCED_FACE ( 'NONE', ( #609 ), #4690, .F. ) ;
#4217 = DIRECTION ( 'NONE',  ( 1.734723475976807094E-16, -1.000000000000000000, 0.000000000000000000 ) ) ;
#4218 = DIRECTION ( 'NONE',  ( 0.000000000000000000, 0.000000000000000000, -1.000000000000000000 ) ) ;
#4219 = EDGE_CURVE ( 'NONE', #334, #2934, #2685, .T. ) ;
#4220 = DIRECTION ( 'NONE',  ( 0.000000000000000000, 0.000000000000000000, 1.000000000000000000 ) ) ;
#4221 = FACE_BOUND ( 'NONE', #117, .T. ) ;
#4222 = CARTESIAN_POINT ( 'NONE',  ( 106.6000000000000369, -28.99999999999999289, 2.999999999999999112 ) ) ;
#4223 = CIRCLE ( 'NONE', #691, 4.999999999999997335 ) ;
#4224 = VERTEX_POINT ( 'NONE', #3469 ) ;
#4225 = DIRECTION ( 'NONE',  ( 0.000000000000000000, 0.000000000000000000, -1.000000000000000000 ) ) ;
#4226 = CARTESIAN_POINT ( 'NONE',  ( 69.99999999999951683, -49.99999999998776445, 15.00000000000000000 ) ) ;
#4227 = DIRECTION ( 'NONE',  ( -0.000000000000000000, 0.000000000000000000, 1.000000000000000000 ) ) ;
#4228 = EDGE_CURVE ( 'NONE', #4153, #2883, #1352, .T. ) ;
#4229 = EDGE_CURVE ( 'NONE', #4943, #205, #497, .T. ) ;
#4230 = ORIENTED_EDGE ( 'NONE', *, *, #4427, .T. ) ;
#4231 = ORIENTED_EDGE ( 'NONE', *, *, #4083, .T. ) ;
#4232 = DIRECTION ( 'NONE',  ( -0.000000000000000000, 0.000000000000000000, 1.000000000000000000 ) ) ;
#4233 = EDGE_LOOP ( 'NONE', ( #4683, #5317 ) ) ;
#4234 = FACE_OUTER_BOUND ( 'NONE', #448, .T. ) ;
#4235 = VECTOR ( 'NONE', #2270, 1000.000000000000000 ) ;
#4236 = CARTESIAN_POINT ( 'NONE',  ( 55.00000000000006395, 0.000000000000000000, 25.00000000000000000 ) ) ;
#4237 = VERTEX_POINT ( 'NONE', #5142 ) ;
#4238 = CIRCLE ( 'NONE', #616, 2.500000000000002220 ) ;
#4239 = CARTESIAN_POINT ( 'NONE',  ( -89.99999999999995737, -4.999999999987760013, 15.00000000000000000 ) ) ;
#4240 = EDGE_LOOP ( 'NONE', ( #3907, #4699, #1398, #1447 ) ) ;
#4241 = DIRECTION ( 'NONE',  ( 0.000000000000000000, 0.000000000000000000, -1.000000000000000000 ) ) ;
#4242 = EDGE_LOOP ( 'NONE', ( #1537, #1479, #2683, #339 ) ) ;
#4243 = FACE_OUTER_BOUND ( 'NONE', #2936, .T. ) ;
#4244 = ORIENTED_EDGE ( 'NONE', *, *, #3684, .T. ) ;
#4245 = DIRECTION ( 'NONE',  ( 0.000000000000000000, 1.000000000000000000, 0.000000000000000000 ) ) ;
#4246 = EDGE_CURVE ( 'NONE', #973, #2840, #5119, .T. ) ;
#4247 = DIRECTION ( 'NONE',  ( -1.000000000000000000, 0.000000000000000000, 0.000000000000000000 ) ) ;
#4248 = FACE_BOUND ( 'NONE', #589, .T. ) ;
#4249 = CARTESIAN_POINT ( 'NONE',  ( 0.000000000000000000, 0.000000000000000000, 25.00000000000000000 ) ) ;
#4250 = EDGE_LOOP ( 'NONE', ( #2173, #4535, #4677, #2255 ) ) ;
#4251 = DIRECTION ( 'NONE',  ( 1.000000000000000000, 0.000000000000000000, 0.000000000000000000 ) ) ;
#4252 = LINE ( 'NONE', #297, #2376 ) ;
#4253 = ORIENTED_EDGE ( 'NONE', *, *, #4726, .T. ) ;
#4254 = ADVANCED_FACE ( 'NONE', ( #5039 ), #2252, .F. ) ;
#4255 = LINE ( 'NONE', #4283, #873 ) ;
#4256 = VERTEX_POINT ( 'NONE', #4666 ) ;
#4257 = DIRECTION ( 'NONE',  ( 1.020425574104003013E-15, -1.000000000000000000, 0.000000000000000000 ) ) ;
#4258 = EDGE_CURVE ( 'NONE', #3755, #2958, #4252, .T. ) ;
#4259 = DIRECTION ( 'NONE',  ( 1.000000000000000000, 0.000000000000000000, 0.000000000000000000 ) ) ;
#4260 = ADVANCED_FACE ( 'NONE', ( #5279 ), #1577, .F. ) ;
#4261 = VERTEX_POINT ( 'NONE', #3228 ) ;
#4262 = EDGE_CURVE ( 'NONE', #3214, #2057, #1896, .T. ) ;
#4263 = ORIENTED_EDGE ( 'NONE', *, *, #4080, .F. ) ;
#4264 = FACE_OUTER_BOUND ( 'NONE', #2283, .T. ) ;
#4265 = ORIENTED_EDGE ( 'NONE', *, *, #1720, .F. ) ;
#4266 = CARTESIAN_POINT ( 'NONE',  ( 52.49999999999953815, -50.00000000000000000, 0.000000000000000000 ) ) ;
#4267 = ORIENTED_EDGE ( 'NONE', *, *, #1907, .T. ) ;
#4268 = EDGE_LOOP ( 'NONE', ( #4938, #637, #4403, #621, #1411, #236 ) ) ;
#4269 = VECTOR ( 'NONE', #1580, 1000.000000000000000 ) ;
#4270 = DIRECTION ( 'NONE',  ( -0.000000000000000000, -0.000000000000000000, -1.000000000000000000 ) ) ;
#4271 = CIRCLE ( 'NONE', #2591, 2.500000000000002220 ) ;
#4272 = AXIS2_PLACEMENT_3D ( 'NONE', #1924, #1126, #2822 ) ;
#4273 = CIRCLE ( 'NONE', #1607, 5.000000000000000888 ) ;
#4274 = FACE_BOUND ( 'NONE', #805, .T. ) ;
#4275 = DIRECTION ( 'NONE',  ( 0.000000000000000000, -1.000000000000000000, 0.000000000000000000 ) ) ;
#4276 = EDGE_CURVE ( 'NONE', #3517, #1163, #3407, .T. ) ;
#4277 = ORIENTED_EDGE ( 'NONE', *, *, #1231, .F. ) ;
#4278 = DIRECTION ( 'NONE',  ( -0.000000000000000000, 0.000000000000000000, 1.000000000000000000 ) ) ;
#4279 = DIRECTION ( 'NONE',  ( -1.000000000000000000, 0.000000000000000000, 0.000000000000000000 ) ) ;
#4280 = CIRCLE ( 'NONE', #1517, 2.500000000000002220 ) ;
#4281 = CIRCLE ( 'NONE', #2122, 2.500000000000002220 ) ;
#4282 = ORIENTED_EDGE ( 'NONE', *, *, #2179, .F. ) ;
#4283 = CARTESIAN_POINT ( 'NONE',  ( 57.50000000000006395, 3.061616997868386099E-16, 25.00000000000000000 ) ) ;
#4284 = EDGE_CURVE ( 'NONE', #4383, #3565, #4540, .T. ) ;
#4285 = AXIS2_PLACEMENT_3D ( 'NONE', #4907, #143, #5048 ) ;
#4286 = VECTOR ( 'NONE', #2955, 1000.000000000000000 ) ;
#4287 = ORIENTED_EDGE ( 'NONE', *, *, #4350, .T. ) ;
#4288 = CARTESIAN_POINT ( 'NONE',  ( -54.99999999999995737, 32.40000000000001279, 25.00000000000000000 ) ) ;
#4289 = CARTESIAN_POINT ( 'NONE',  ( 55.00000000000023448, 50.00000000000000000, 15.00000000000000000 ) ) ;
#4290 = AXIS2_PLACEMENT_3D ( 'NONE', #852, #4169, #4525 ) ;
#4291 = EDGE_CURVE ( 'NONE', #724, #4985, #3156, .T. ) ;
#4292 = VERTEX_POINT ( 'NONE', #2355 ) ;
#4293 = AXIS2_PLACEMENT_3D ( 'NONE', #2362, #696, #3210 ) ;
#4294 = APPLICATION_PROTOCOL_DEFINITION ( 'international standard', 'config_control_design', 1994, #229 ) ;
#4295 = ORIENTED_EDGE ( 'NONE', *, *, #1915, .F. ) ;
#4296 = DIRECTION ( 'NONE',  ( -1.000000000000000000, 0.000000000000000000, 0.000000000000000000 ) ) ;
#4297 = ORIENTED_EDGE ( 'NONE', *, *, #1229, .T. ) ;
#4298 = FACE_BOUND ( 'NONE', #1889, .T. ) ;
#4299 = ORIENTED_EDGE ( 'NONE', *, *, #1343, .F. ) ;
#4300 = ORIENTED_EDGE ( 'NONE', *, *, #3670, .T. ) ;
#4301 = CLOSED_SHELL ( 'NONE', ( #965, #3276, #2930, #1291, #5215, #2913, #5173, #1309, #4491, #4949, #4100, #4397, #3954, #5206, #3884, #3723, #16, #4667, #2790, #5179, #4254, #5120, #2447, #4898, #237, #3534, #1441, #104, #4704, #2530, #281, #1033, #3653, #5254, #3097, #1223, #3763, #2072, #2676, #815, #1952, #2159, #2563, #1984, #4929, #3571, #661, #4592, #4139, #2493, #3338, #4680, #5085, #5051, #1680, #4994, #1198, #3366, #4772, #1552, #3833, #73, #2013, #718, #1845, #4787, #80, #2609, #3438, #2625, #4883, #2275, #2128, #2994, #3762, #3970, #4482, #3085, #377, #801, #897, #2407, #966, #1705, #849, #2771, #2101, #3273, #2865, #3913, #1101, #2612, #433, #166, #5187, #3814, #470, #2233, #1061, #2375, #2046, #4216, #3784, #596, #3142, #1641, #4164, #3891, #2522, #3038, #4504, #4917, #4389, #3794, #601, #224, #729, #826, #370, #4865, #4899, #45, #265, #3991, #3754, #461, #958, #182, #4786, #4326, #3899, #4091, #1975, #1788, #3323, #4260, #2312, #5275, #1846, #131, #4019, #2145, #402, #4580, #981, #3301, #3635, #21, #1882, #555, #766, #2512, #624 ) ) ;
#4302 = DIRECTION ( 'NONE',  ( 1.000000000000000000, -0.000000000000000000, -0.000000000000000000 ) ) ;
#4303 = CARTESIAN_POINT ( 'NONE',  ( -119.9999999999999716, 74.99999999999998579, 15.00000000000000000 ) ) ;
#4304 = CARTESIAN_POINT ( 'NONE',  ( -119.9999999999999858, 64.99999999999998579, 25.00000000000000000 ) ) ;
#4305 = ORIENTED_EDGE ( 'NONE', *, *, #1516, .F. ) ;
#4306 = DIRECTION ( 'NONE',  ( -1.000000000000000000, 0.000000000000000000, 0.000000000000000000 ) ) ;
#4307 = CARTESIAN_POINT ( 'NONE',  ( -24.39999999999996305, 28.99999999999998934, 3.000000000000000000 ) ) ;
#4308 = EDGE_CURVE ( 'NONE', #1758, #4712, #4878, .T. ) ;
#4309 = VERTEX_POINT ( 'NONE', #3986 ) ;
#4310 = CIRCLE ( 'NONE', #5002, 4.999999999999990230 ) ;
#4311 = DIRECTION ( 'NONE',  ( -0.000000000000000000, -0.000000000000000000, -1.000000000000000000 ) ) ;
#4312 = EDGE_LOOP ( 'NONE', ( #3022, #2938, #4675, #2186, #3996, #3874 ) ) ;
#4313 = ORIENTED_EDGE ( 'NONE', *, *, #4659, .F. ) ;
#4314 = LINE ( 'NONE', #3474, #3191 ) ;
#4315 = DIRECTION ( 'NONE',  ( 1.000000000000000000, 0.000000000000000000, 0.000000000000000000 ) ) ;
#4316 = EDGE_CURVE ( 'NONE', #935, #3483, #1151, .T. ) ;
#4317 = VERTEX_POINT ( 'NONE', #1175 ) ;
#4318 = DIRECTION ( 'NONE',  ( -0.000000000000000000, 0.000000000000000000, 1.000000000000000000 ) ) ;
#4319 = AXIS2_PLACEMENT_3D ( 'NONE', #4662, #4170, #2139 ) ;
#4320 = EDGE_LOOP ( 'NONE', ( #3752, #2003 ) ) ;
#4321 = CARTESIAN_POINT ( 'NONE',  ( -59.99999999999977973, 45.00000000001224265, 0.000000000000000000 ) ) ;
#4322 = AXIS2_PLACEMENT_3D ( 'NONE', #3671, #3726, #12 ) ;
#4323 = FACE_BOUND ( 'NONE', #5156, .T. ) ;
#4324 = VERTEX_POINT ( 'NONE', #3959 ) ;
#4325 = EDGE_CURVE ( 'NONE', #3165, #988, #1772, .T. ) ;
#4326 = ADVANCED_FACE ( 'NONE', ( #2411 ), #1954, .F. ) ;
#4327 = VERTEX_POINT ( 'NONE', #3553 ) ;
#4328 = DIRECTION ( 'NONE',  ( 1.000000000000000000, -2.040851148208008393E-15, -0.000000000000000000 ) ) ;
#4329 = FACE_BOUND ( 'NONE', #5272, .T. ) ;
#4330 = DIRECTION ( 'NONE',  ( 1.000000000000000000, -4.081702296416016366E-17, -0.000000000000000000 ) ) ;
#4331 = EDGE_CURVE ( 'NONE', #4943, #1155, #2742, .T. ) ;
#4332 = VERTEX_POINT ( 'NONE', #5198 ) ;
#4333 = DIRECTION ( 'NONE',  ( -1.000000000000000000, 0.000000000000000000, -0.000000000000000000 ) ) ;
#4334 = DIRECTION ( 'NONE',  ( -1.000000000000000000, 0.000000000000000000, 0.000000000000000000 ) ) ;
#4335 = ORIENTED_EDGE ( 'NONE', *, *, #3208, .F. ) ;
#4336 = CARTESIAN_POINT ( 'NONE',  ( 20.00000000000004619, 1.224020884649235086E-11, 0.000000000000000000 ) ) ;
#4337 = VERTEX_POINT ( 'NONE', #4441 ) ;
#4338 = CARTESIAN_POINT ( 'NONE',  ( 108.2000000000000455, 28.99999999999999289, 2.999999999999999112 ) ) ;
#4339 = CARTESIAN_POINT ( 'NONE',  ( 106.6000000000000227, -75.00000000000000000, 0.000000000000000000 ) ) ;
#4340 = EDGE_LOOP ( 'NONE', ( #4811, #4047, #4948, #3448 ) ) ;
#4341 = DIRECTION ( 'NONE',  ( -1.000000000000000000, 0.000000000000000000, 0.000000000000000000 ) ) ;
#4342 = CARTESIAN_POINT ( 'NONE',  ( 115.0000000000000568, -32.40000000000000568, 21.69999999999999929 ) ) ;
#4343 = ORIENTED_EDGE ( 'NONE', *, *, #3435, .F. ) ;
#4344 = DIRECTION ( 'NONE',  ( -1.000000000000000000, 0.000000000000000000, 0.000000000000000000 ) ) ;
#4345 = EDGE_CURVE ( 'NONE', #707, #4799, #2457, .T. ) ;
#4346 = CARTESIAN_POINT ( 'NONE',  ( -10.00000000000047429, -54.99999999998775735, 25.00000000000000000 ) ) ;
#4347 = LINE ( 'NONE', #1117, #2740 ) ;
#4348 = ORIENTED_EDGE ( 'NONE', *, *, #3353, .F. ) ;
#4349 = ORIENTED_EDGE ( 'NONE', *, *, #3353, .T. ) ;
#4350 = EDGE_CURVE ( 'NONE', #3395, #3265, #5235, .T. ) ;
#4351 = DIRECTION ( 'NONE',  ( 1.000000000000000000, -0.000000000000000000, -0.000000000000000000 ) ) ;
#4352 = CARTESIAN_POINT ( 'NONE',  ( 120.0000000000000568, -64.99999999999998579, 0.000000000000000000 ) ) ;
#4353 = DIRECTION ( 'NONE',  ( -1.000000000000000000, 0.000000000000000000, 0.000000000000000000 ) ) ;
#4354 = CIRCLE ( 'NONE', #3242, 2.500000000000002220 ) ;
#4355 = CIRCLE ( 'NONE', #998, 4.999999999999990230 ) ;
#4356 = CARTESIAN_POINT ( 'NONE',  ( -89.99999999999978684, 50.00000000001224265, 0.000000000000000000 ) ) ;
#4357 = CARTESIAN_POINT ( 'NONE',  ( 35.00000000000004263, 0.000000000000000000, 0.000000000000000000 ) ) ;
#4358 = EDGE_CURVE ( 'NONE', #2934, #1102, #2767, .T. ) ;
#4359 = AXIS2_PLACEMENT_3D ( 'NONE', #3079, #3785, #1326 ) ;
#4360 = CIRCLE ( 'NONE', #743, 0.5000000000000004441 ) ;
#4361 = EDGE_LOOP ( 'NONE', ( #5267, #4571, #2722, #2692 ) ) ;
#4362 = CARTESIAN_POINT ( 'NONE',  ( 34.99999999999952394, -50.00000000000000000, 0.000000000000000000 ) ) ;
#4363 = DIRECTION ( 'NONE',  ( -1.000000000000000000, 0.000000000000000000, 0.000000000000000000 ) ) ;
#4364 = EDGE_CURVE ( 'NONE', #3434, #1264, #1943, .T. ) ;
#4365 = EDGE_LOOP ( 'NONE', ( #5151, #5161 ) ) ;
#4366 = VECTOR ( 'NONE', #4952, 1000.000000000000000 ) ;
#4367 = CARTESIAN_POINT ( 'NONE',  ( -54.99999999999996447, -31.15000000000069846, 21.19999999999999929 ) ) ;
#4368 = FACE_OUTER_BOUND ( 'NONE', #197, .T. ) ;
#4369 = VECTOR ( 'NONE', #653, 1000.000000000000000 ) ;
#4370 = VECTOR ( 'NONE', #1342, 1000.000000000000000 ) ;
#4371 = DIRECTION ( 'NONE',  ( -0.000000000000000000, -0.000000000000000000, -1.000000000000000000 ) ) ;
#4372 = ORIENTED_EDGE ( 'NONE', *, *, #1234, .F. ) ;
#4373 = AXIS2_PLACEMENT_3D ( 'NONE', #797, #3780, #1700 ) ;
#4374 = CIRCLE ( 'NONE', #669, 2.500000000000002220 ) ;
#4375 = DIRECTION ( 'NONE',  ( -0.000000000000000000, -0.000000000000000000, 1.000000000000000000 ) ) ;
#4376 = ORIENTED_EDGE ( 'NONE', *, *, #5165, .F. ) ;
#4377 = DIRECTION ( 'NONE',  ( 1.000000000000000000, 0.000000000000000000, 0.000000000000000000 ) ) ;
#4378 = CARTESIAN_POINT ( 'NONE',  ( 115.4174243050442215, -25.60000000000000497, 18.00000000000000000 ) ) ;
#4379 = AXIS2_PLACEMENT_3D ( 'NONE', #2060, #501, #5031 ) ;
#4380 = EDGE_CURVE ( 'NONE', #2878, #1163, #4010, .T. ) ;
#4381 = VECTOR ( 'NONE', #4875, 1000.000000000000000 ) ;
#4382 = FACE_BOUND ( 'NONE', #1219, .T. ) ;
#4383 = VERTEX_POINT ( 'NONE', #351 ) ;
#4384 = VERTEX_POINT ( 'NONE', #1983 ) ;
#4385 = EDGE_CURVE ( 'NONE', #3590, #423, #5244, .T. ) ;
#4386 = CARTESIAN_POINT ( 'NONE',  ( -103.3999999999999631, 75.00000000000000000, 15.00000000000000000 ) ) ;
#4387 = CARTESIAN_POINT ( 'NONE',  ( 115.0000000000001137, -31.15000000000000568, 21.19999999999999929 ) ) ;
#4388 = DIRECTION ( 'NONE',  ( -1.000000000000000000, 0.000000000000000000, 0.000000000000000000 ) ) ;
#4389 = ADVANCED_FACE ( 'NONE', ( #2008 ), #4576, .F. ) ;
#4390 = LINE ( 'NONE', #4417, #737 ) ;
#4391 = DIRECTION ( 'NONE',  ( -0.000000000000000000, -0.000000000000000000, -1.000000000000000000 ) ) ;
#4392 = AXIS2_PLACEMENT_3D ( 'NONE', #3829, #4158, #3368 ) ;
#4393 = ORIENTED_EDGE ( 'NONE', *, *, #1359, .F. ) ;
#4394 = CARTESIAN_POINT ( 'NONE',  ( 116.2369633750130902, 24.78046093003111139, 16.12220008844691677 ) ) ;
#4395 = FACE_OUTER_BOUND ( 'NONE', #417, .T. ) ;
#4396 = ORIENTED_EDGE ( 'NONE', *, *, #4154, .F. ) ;
#4397 = ADVANCED_FACE ( 'NONE', ( #48 ), #1677, .F. ) ;
#4398 = CYLINDRICAL_SURFACE ( 'NONE', #598, 1.600000000000004086 ) ;
#4399 = CARTESIAN_POINT ( 'NONE',  ( -9.999999999999953815, -4.999999999987760013, 15.00000000000000000 ) ) ;
#4400 = EDGE_CURVE ( 'NONE', #4069, #4671, #5069, .T. ) ;
#4401 = CARTESIAN_POINT ( 'NONE',  ( -89.99999999999995737, 5.000000000012239987, 15.00000000000000000 ) ) ;
#4402 = EDGE_CURVE ( 'NONE', #3052, #5127, #2893, .T. ) ;
#4403 = ORIENTED_EDGE ( 'NONE', *, *, #1452, .T. ) ;
#4404 = DIRECTION ( 'NONE',  ( -1.000000000000000000, 0.000000000000000000, 0.000000000000000000 ) ) ;
#4405 = ORIENTED_EDGE ( 'NONE', *, *, #4614, .T. ) ;
#4406 = VERTEX_POINT ( 'NONE', #1279 ) ;
#4407 = CIRCLE ( 'NONE', #2494, 1.600000000000000755 ) ;
#4408 = CARTESIAN_POINT ( 'NONE',  ( -90.00000000000048317, -49.99999999998776445, 0.000000000000000000 ) ) ;
#4409 = CARTESIAN_POINT ( 'NONE',  ( -44.99999999999977973, 50.00000000000000000, 0.000000000000000000 ) ) ;
#4410 = ORIENTED_EDGE ( 'NONE', *, *, #394, .F. ) ;
#4411 = CIRCLE ( 'NONE', #2332, 1.600000000000004086 ) ;
#4412 = ORIENTED_EDGE ( 'NONE', *, *, #1471, .F. ) ;
#4413 = CARTESIAN_POINT ( 'NONE',  ( 0.000000000000000000, 0.000000000000000000, 25.00000000000000000 ) ) ;
#4414 = CYLINDRICAL_SURFACE ( 'NONE', #2052, 2.500000000000002220 ) ;
#4415 = CARTESIAN_POINT ( 'NONE',  ( 115.0000000000000995, 26.85000000000000497, 21.19999999999999929 ) ) ;
#4416 = EDGE_CURVE ( 'NONE', #216, #3718, #3713, .T. ) ;
#4417 = CARTESIAN_POINT ( 'NONE',  ( -54.99999999999995737, 32.40000000000001279, 20.00000000000000000 ) ) ;
#4418 = CARTESIAN_POINT ( 'NONE',  ( 117.9511523250777856, -23.06627197996639467, 14.99999999999999645 ) ) ;
#4419 = EDGE_LOOP ( 'NONE', ( #2390, #2413, #4213, #4349 ) ) ;
#4420 = CARTESIAN_POINT ( 'NONE',  ( -15.00000000000047073, -49.99999999998776445, 25.00000000000000000 ) ) ;
#4421 = DIRECTION ( 'NONE',  ( -0.000000000000000000, 0.000000000000000000, -1.000000000000000000 ) ) ;
#4422 = ORIENTED_EDGE ( 'NONE', *, *, #3470, .F. ) ;
#4423 = CARTESIAN_POINT ( 'NONE',  ( 35.00000000000022027, 50.00000000000000000, 0.000000000000000000 ) ) ;
#4424 = CARTESIAN_POINT ( 'NONE',  ( -94.99999999999995737, 1.224020884649235086E-11, 25.00000000000000000 ) ) ;
#4425 = DIRECTION ( 'NONE',  ( 0.000000000000000000, -0.000000000000000000, -1.000000000000000000 ) ) ;
#4426 = VERTEX_POINT ( 'NONE', #875 ) ;
#4427 = EDGE_CURVE ( 'NONE', #2309, #1934, #5054, .T. ) ;
#4428 = CALENDAR_DATE ( 2026, 15, 7 ) ;
#4429 = CARTESIAN_POINT ( 'NONE',  ( -44.99999999999977973, 50.00000000000000000, 15.00000000000000000 ) ) ;
#4430 = ORIENTED_EDGE ( 'NONE', *, *, #3533, .F. ) ;
#4431 = DIRECTION ( 'NONE',  ( -0.000000000000000000, -0.000000000000000000, -1.000000000000000000 ) ) ;
#4432 = DIRECTION ( 'NONE',  ( 0.000000000000000000, 0.000000000000000000, 1.000000000000000000 ) ) ;
#4433 = EDGE_CURVE ( 'NONE', #125, #1155, #571, .T. ) ;
#4434 = CYLINDRICAL_SURFACE ( 'NONE', #1965, 1.600000000000004086 ) ;
#4435 = ORIENTED_EDGE ( 'NONE', *, *, #1507, .T. ) ;
#4436 = EDGE_LOOP ( 'NONE', ( #3237, #3042 ) ) ;
#4437 = CARTESIAN_POINT ( 'NONE',  ( -47.49999999999978684, 50.00000000000000000, 25.00000000000000000 ) ) ;
#4438 = DIRECTION ( 'NONE',  ( 1.020425574104003013E-15, -1.000000000000000000, 0.000000000000000000 ) ) ;
#4439 = CARTESIAN_POINT ( 'NONE',  ( -60.00000000000047606, -49.99999999998776445, 15.00000000000000000 ) ) ;
#4440 = DIRECTION ( 'NONE',  ( -0.000000000000000000, -0.000000000000000000, 1.000000000000000000 ) ) ;
#4441 = CARTESIAN_POINT ( 'NONE',  ( -59.99999999999977973, 45.00000000001224265, 0.000000000000000000 ) ) ;
#4442 = EDGE_CURVE ( 'NONE', #361, #1970, #4087, .T. ) ;
#4443 = EDGE_LOOP ( 'NONE', ( #4701, #4451 ) ) ;
#4444 = DIRECTION ( 'NONE',  ( -0.000000000000000000, -0.000000000000000000, 1.000000000000000000 ) ) ;
#4445 = DIRECTION ( 'NONE',  ( -0.000000000000000000, 0.000000000000000000, 1.000000000000000000 ) ) ;
#4446 = ORIENTED_EDGE ( 'NONE', *, *, #399, .T. ) ;
#4447 = LINE ( 'NONE', #1990, #4830 ) ;
#4448 = CARTESIAN_POINT ( 'NONE',  ( -54.99999999999995026, 26.10000000000000497, 21.19999999999999929 ) ) ;
#4449 = FACE_OUTER_BOUND ( 'NONE', #611, .T. ) ;
#4450 = CIRCLE ( 'NONE', #2890, 2.500000000000002220 ) ;
#4451 = ORIENTED_EDGE ( 'NONE', *, *, #4978, .F. ) ;
#4452 = EDGE_CURVE ( 'NONE', #587, #5209, #3844, .T. ) ;
#4453 = EDGE_LOOP ( 'NONE', ( #279, #434 ) ) ;
#4454 = CALENDAR_DATE ( 2026, 15, 7 ) ;
#4455 = DIRECTION ( 'NONE',  ( 0.000000000000000000, 1.000000000000000000, 0.000000000000000000 ) ) ;
#4456 = CIRCLE ( 'NONE', #3501, 2.500000000000002220 ) ;
#4457 = VECTOR ( 'NONE', #3552, 1000.000000000000000 ) ;
#4458 = ORIENTED_EDGE ( 'NONE', *, *, #4779, .F. ) ;
#4459 = ORIENTED_EDGE ( 'NONE', *, *, #4402, .T. ) ;
#4460 = DIRECTION ( 'NONE',  ( -1.000000000000000000, 0.000000000000000000, 0.000000000000000000 ) ) ;
#4461 = EDGE_CURVE ( 'NONE', #2840, #2009, #79, .T. ) ;
#4462 = CIRCLE ( 'NONE', #3415, 0.5000000000000004441 ) ;
#4463 = VECTOR ( 'NONE', #443, 1000.000000000000000 ) ;
#4464 = DIRECTION ( 'NONE',  ( -1.000000000000000000, 0.000000000000000000, -0.000000000000000000 ) ) ;
#4465 = ORIENTED_EDGE ( 'NONE', *, *, #3962, .T. ) ;
#4466 = CC_DESIGN_APPROVAL ( #3714, ( #756 ) ) ;
#4467 = AXIS2_PLACEMENT_3D ( 'NONE', #4638, #4227, #3088 ) ;
#4468 = EDGE_CURVE ( 'NONE', #2239, #4292, #1252, .T. ) ;
#4469 = EDGE_LOOP ( 'NONE', ( #1263, #5307, #3299, #4621, #4867 ) ) ;
#4470 = CIRCLE ( 'NONE', #1196, 4.999999999999990230 ) ;
#4471 = DIRECTION ( 'NONE',  ( -1.000000000000000000, -2.040851148208008393E-15, 0.000000000000000000 ) ) ;
#4472 = DIRECTION ( 'NONE',  ( 1.000000000000000000, 0.000000000000000000, 0.000000000000000000 ) ) ;
#4473 = DIRECTION ( 'NONE',  ( 0.000000000000000000, 0.000000000000000000, -1.000000000000000000 ) ) ;
#4474 = DIRECTION ( 'NONE',  ( 0.000000000000000000, -1.000000000000000000, 0.000000000000000000 ) ) ;
#4475 = ORIENTED_EDGE ( 'NONE', *, *, #3853, .T. ) ;
#4476 = DIRECTION ( 'NONE',  ( 1.000000000000000000, 0.000000000000000000, 0.000000000000000000 ) ) ;
#4477 = CYLINDRICAL_SURFACE ( 'NONE', #2851, 2.500000000000002220 ) ;
#4478 = VERTEX_POINT ( 'NONE', #476 ) ;
#4479 = LINE ( 'NONE', #2337, #2845 ) ;
#4480 = DIRECTION ( 'NONE',  ( -1.000000000000000000, 0.000000000000000000, 0.000000000000000000 ) ) ;
#4481 = LINE ( 'NONE', #2420, #422 ) ;
#4482 = ADVANCED_FACE ( 'NONE', ( #2896 ), #4551, .T. ) ;
#4483 = VERTEX_POINT ( 'NONE', #2949 ) ;
#4484 = VERTEX_POINT ( 'NONE', #2850 ) ;
#4485 = VECTOR ( 'NONE', #2428, 1000.000000000000000 ) ;
#4486 = APPROVAL_STATUS ( 'not_yet_approved' ) ;
#4487 = CARTESIAN_POINT ( 'NONE',  ( -22.49999999999993605, 3.061616997868386099E-16, 25.00000000000000000 ) ) ;
#4488 = EDGE_LOOP ( 'NONE', ( #5160, #2616, #2172, #3071, #2227, #1145 ) ) ;
#4489 = ORIENTED_EDGE ( 'NONE', *, *, #648, .T. ) ;
#4490 = CARTESIAN_POINT ( 'NONE',  ( 120.0000000000000284, 74.99999999999998579, 15.00000000000000000 ) ) ;
#4491 = ADVANCED_FACE ( 'NONE', ( #1707 ), #3686, .F. ) ;
#4492 = CIRCLE ( 'NONE', #3278, 3.000000000000002665 ) ;
#4493 = VECTOR ( 'NONE', #2185, 1000.000000000000000 ) ;
#4494 = EDGE_LOOP ( 'NONE', ( #1339, #404, #4348, #3159, #2557 ) ) ;
#4495 = VERTEX_POINT ( 'NONE', #1306 ) ;
#4496 = AXIS2_PLACEMENT_3D ( 'NONE', #4147, #1236, #2877 ) ;
#4497 = DIRECTION ( 'NONE',  ( -0.000000000000000000, -0.000000000000000000, -1.000000000000000000 ) ) ;
#4498 = EDGE_CURVE ( 'NONE', #3837, #2952, #1353, .T. ) ;
#4499 = EDGE_CURVE ( 'NONE', #2346, #3702, #4120, .T. ) ;
#4500 = CARTESIAN_POINT ( 'NONE',  ( -14.99999999999995381, 1.224020884649235086E-11, 0.000000000000000000 ) ) ;
#4501 = CIRCLE ( 'NONE', #2160, 5.000000000000004441 ) ;
#4502 = DIRECTION ( 'NONE',  ( -1.000000000000000000, 0.000000000000000000, 0.000000000000000000 ) ) ;
#4503 = CARTESIAN_POINT ( 'NONE',  ( -89.99999999999995737, 1.224020884649235086E-11, 0.000000000000000000 ) ) ;
#4504 = ADVANCED_FACE ( 'NONE', ( #4118 ), #429, .F. ) ;
#4505 = DIRECTION ( 'NONE',  ( -0.000000000000000000, 0.000000000000000000, 1.000000000000000000 ) ) ;
#4506 = DIRECTION ( 'NONE',  ( 1.000000000000000000, -0.000000000000000000, -0.000000000000000000 ) ) ;
#4507 = EDGE_LOOP ( 'NONE', ( #2022, #3509, #1188, #4831 ) ) ;
#4508 = DIRECTION ( 'NONE',  ( -0.000000000000000000, 0.000000000000000000, 1.000000000000000000 ) ) ;
#4509 = CARTESIAN_POINT ( 'NONE',  ( -22.79999999999996163, 28.99999999999998934, 25.00000000000000000 ) ) ;
#4510 = DIRECTION ( 'NONE',  ( -1.000000000000000000, 0.000000000000000000, 0.000000000000000000 ) ) ;
#4511 = VERTEX_POINT ( 'NONE', #3379 ) ;
#4512 = ORIENTED_EDGE ( 'NONE', *, *, #4291, .T. ) ;
#4513 = PERSON_AND_ORGANIZATION_ROLE ( 'creator' ) ;
#4514 = CARTESIAN_POINT ( 'NONE',  ( -59.99999999999977973, 55.00000000001224265, 0.000000000000000000 ) ) ;
#4515 = ORIENTED_EDGE ( 'NONE', *, *, #3593, .T. ) ;
#4516 = ORIENTED_EDGE ( 'NONE', *, *, #1166, .F. ) ;
#4517 = CARTESIAN_POINT ( 'NONE',  ( 106.6000000000000369, -28.99999999999999289, 0.000000000000000000 ) ) ;
#4518 = EDGE_CURVE ( 'NONE', #3218, #3586, #2048, .T. ) ;
#4519 = ORIENTED_EDGE ( 'NONE', *, *, #3821, .F. ) ;
#4520 = ORIENTED_EDGE ( 'NONE', *, *, #1131, .T. ) ;
#4521 = DIRECTION ( 'NONE',  ( -0.000000000000000000, 0.000000000000000000, -1.000000000000000000 ) ) ;
#4522 = CARTESIAN_POINT ( 'NONE',  ( -9.999999999999953815, 1.224020884649235086E-11, 0.000000000000000000 ) ) ;
#4523 = CARTESIAN_POINT ( 'NONE',  ( -24.99999999999976907, 50.00000000000000000, 15.00000000000000000 ) ) ;
#4524 = EDGE_CURVE ( 'NONE', #715, #2333, #2974, .T. ) ;
#4525 = DIRECTION ( 'NONE',  ( -1.000000000000000000, -4.081702296416016366E-17, 0.000000000000000000 ) ) ;
#4526 = CARTESIAN_POINT ( 'NONE',  ( -25.00000000000045830, -50.00000000000000000, 25.00000000000000000 ) ) ;
#4527 = VERTEX_POINT ( 'NONE', #3787 ) ;
#4528 = DIRECTION ( 'NONE',  ( -1.000000000000000000, 0.000000000000000000, 0.000000000000000000 ) ) ;
#4529 = DIRECTION ( 'NONE',  ( 0.000000000000000000, 0.000000000000000000, -1.000000000000000000 ) ) ;
#4530 = DIRECTION ( 'NONE',  ( -1.000000000000000000, 0.000000000000000000, 0.000000000000000000 ) ) ;
#4531 = EDGE_CURVE ( 'NONE', #988, #3165, #1106, .T. ) ;
#4532 = ORIENTED_EDGE ( 'NONE', *, *, #3516, .F. ) ;
#4533 = ORIENTED_EDGE ( 'NONE', *, *, #1573, .T. ) ;
#4534 = DIRECTION ( 'NONE',  ( -1.000000000000000000, 1.020425574104003013E-15, -0.000000000000000000 ) ) ;
#4535 = ORIENTED_EDGE ( 'NONE', *, *, #1407, .T. ) ;
#4536 = CARTESIAN_POINT ( 'NONE',  ( 115.0000000000000568, -32.40000000000000568, 18.00000000000000000 ) ) ;
#4537 = DIRECTION ( 'NONE',  ( -1.000000000000000000, 0.000000000000000000, 0.000000000000000000 ) ) ;
#4538 = VECTOR ( 'NONE', #1786, 1000.000000000000000 ) ;
#4539 = VECTOR ( 'NONE', #1103, 1000.000000000000000 ) ;
#4540 = CIRCLE ( 'NONE', #1688, 2.500000000000002220 ) ;
#4541 = AXIS2_PLACEMENT_3D ( 'NONE', #3760, #4473, #4502 ) ;
#4542 = ORIENTED_EDGE ( 'NONE', *, *, #3684, .F. ) ;
#4543 = VECTOR ( 'NONE', #819, 1000.000000000000000 ) ;
#4544 = VECTOR ( 'NONE', #3770, 1000.000000000000000 ) ;
#4545 = ORIENTED_EDGE ( 'NONE', *, *, #3731, .T. ) ;
#4546 = EDGE_CURVE ( 'NONE', #3207, #2431, #1585, .T. ) ;
#4547 = AXIS2_PLACEMENT_3D ( 'NONE', #3311, #4202, #3772 ) ;
#4548 = DIRECTION ( 'NONE',  ( -1.000000000000000000, -1.387778780781444492E-15, 0.000000000000000000 ) ) ;
#4549 = FACE_OUTER_BOUND ( 'NONE', #2427, .T. ) ;
#4550 = CIRCLE ( 'NONE', #3774, 4.999999999999997335 ) ;
#4551 = CYLINDRICAL_SURFACE ( 'NONE', #3688, 0.5000000000000004441 ) ;
#4552 = EDGE_CURVE ( 'NONE', #4176, #1876, #5176, .T. ) ;
#4553 = VECTOR ( 'NONE', #1133, 1000.000000000000000 ) ;
#4554 = VECTOR ( 'NONE', #2334, 1000.000000000000000 ) ;
#4555 = PLANE ( 'NONE',  #4290 ) ;
#4556 = LINE ( 'NONE', #456, #367 ) ;
#4557 = ORIENTED_EDGE ( 'NONE', *, *, #2055, .T. ) ;
#4558 = CARTESIAN_POINT ( 'NONE',  ( 100.0000000000000426, -4.999999999987760013, 25.00000000000000000 ) ) ;
#4559 = DIRECTION ( 'NONE',  ( -1.000000000000000000, 0.000000000000000000, 0.000000000000000000 ) ) ;
#4560 = DIRECTION ( 'NONE',  ( 0.000000000000000000, 0.000000000000000000, 1.000000000000000000 ) ) ;
#4561 = ORIENTED_EDGE ( 'NONE', *, *, #1412, .T. ) ;
#4562 = ORIENTED_EDGE ( 'NONE', *, *, #1933, .F. ) ;
#4563 = EDGE_CURVE ( 'NONE', #2916, #2184, #3150, .T. ) ;
#4564 = CARTESIAN_POINT ( 'NONE',  ( 52.50000000000006395, 0.000000000000000000, 15.00000000000000000 ) ) ;
#4565 = EDGE_CURVE ( 'NONE', #1876, #955, #3124, .T. ) ;
#4566 = ORIENTED_EDGE ( 'NONE', *, *, #2479, .T. ) ;
#4567 = DIRECTION ( 'NONE',  ( -0.000000000000000000, -0.000000000000000000, -1.000000000000000000 ) ) ;
#4568 = CARTESIAN_POINT ( 'NONE',  ( -89.99999999999995737, 1.224020884649235086E-11, 15.00000000000000000 ) ) ;
#4569 = ORIENTED_EDGE ( 'NONE', *, *, #3708, .F. ) ;
#4570 = DIRECTION ( 'NONE',  ( -0.000000000000000000, 0.000000000000000000, 1.000000000000000000 ) ) ;
#4571 = ORIENTED_EDGE ( 'NONE', *, *, #4442, .T. ) ;
#4572 = CIRCLE ( 'NONE', #1380, 2.500000000000002220 ) ;
#4573 = CARTESIAN_POINT ( 'NONE',  ( 109.6000000000000512, 28.99999999999999289, 3.000000000000000000 ) ) ;
#4574 = DIRECTION ( 'NONE',  ( 1.000000000000000000, -2.040851148208008393E-15, -0.000000000000000000 ) ) ;
#4575 = CIRCLE ( 'NONE', #2933, 5.000000000000004441 ) ;
#4576 = PLANE ( 'NONE',  #2476 ) ;
#4577 = AXIS2_PLACEMENT_3D ( 'NONE', #2542, #1410, #4275 ) ;
#4578 = DIRECTION ( 'NONE',  ( -0.000000000000000000, -0.000000000000000000, -1.000000000000000000 ) ) ;
#4579 = DIRECTION ( 'NONE',  ( -0.000000000000000000, -0.000000000000000000, -1.000000000000000000 ) ) ;
#4580 = ADVANCED_FACE ( 'NONE', ( #671 ), #2338, .T. ) ;
#4581 = EDGE_LOOP ( 'NONE', ( #1770, #2153, #2223, #4697, #4231, #4097, #1288, #2589, #1864, #5107, #1790, #3581 ) ) ;
#4582 = CARTESIAN_POINT ( 'NONE',  ( 115.0000000000001137, 31.15000000000000568, 21.19999999999999929 ) ) ;
#4583 = LINE ( 'NONE', #3743, #3247 ) ;
#4584 = DIRECTION ( 'NONE',  ( 0.000000000000000000, -1.000000000000000000, 0.000000000000000000 ) ) ;
#4585 = AXIS2_PLACEMENT_3D ( 'NONE', #2448, #4098, #1645 ) ;
#4586 = ORIENTED_EDGE ( 'NONE', *, *, #893, .F. ) ;
#4587 = EDGE_LOOP ( 'NONE', ( #1553, #114, #4959, #3315 ) ) ;
#4588 = CARTESIAN_POINT ( 'NONE',  ( 115.4174243050442357, 26.85000000000000142, 18.00000000000000000 ) ) ;
#4589 = VERTEX_POINT ( 'NONE', #1963 ) ;
#4590 = DIRECTION ( 'NONE',  ( -1.000000000000000000, -0.000000000000000000, -0.000000000000000000 ) ) ;
#4591 = CARTESIAN_POINT ( 'NONE',  ( -54.99999999999995737, 32.40000000000001279, 25.00000000000000000 ) ) ;
#4592 = ADVANCED_FACE ( 'NONE', ( #4368 ), #4802, .F. ) ;
#4593 = CARTESIAN_POINT ( 'NONE',  ( 34.99999999999952394, -50.00000000000000000, 25.00000000000000000 ) ) ;
#4594 = VERTEX_POINT ( 'NONE', #2311 ) ;
#4595 = CARTESIAN_POINT ( 'NONE',  ( -9.999999999999781508, 50.00000000001224265, 0.000000000000000000 ) ) ;
#4596 = EDGE_LOOP ( 'NONE', ( #544, #3458, #5145, #4465 ) ) ;
#4597 = EDGE_CURVE ( 'NONE', #2346, #4153, #3967, .T. ) ;
#4598 = CARTESIAN_POINT ( 'NONE',  ( 116.2369633750130902, -33.21953906996890282, 16.12220008844692032 ) ) ;
#4599 = DIRECTION ( 'NONE',  ( -1.000000000000000000, 0.000000000000000000, 0.000000000000000000 ) ) ;
#4600 = CARTESIAN_POINT ( 'NONE',  ( 0.000000000000000000, 55.00000000001224265, 15.00000000000000000 ) ) ;
#4601 = LINE ( 'NONE', #4088, #1440 ) ;
#4602 = DIRECTION ( 'NONE',  ( -2.040851148208008393E-15, 1.000000000000000000, -0.000000000000000000 ) ) ;
#4603 = ORIENTED_EDGE ( 'NONE', *, *, #206, .T. ) ;
#4604 = DIRECTION ( 'NONE',  ( 1.000000000000000000, 0.000000000000000000, 0.000000000000000000 ) ) ;
#4605 = CARTESIAN_POINT ( 'NONE',  ( 0.000000000000000000, 45.00000000001224265, 15.00000000000000000 ) ) ;
#4606 = CARTESIAN_POINT ( 'NONE',  ( 109.6000000000000512, -28.99999999999999289, 3.000000000000000000 ) ) ;
#4607 = EDGE_CURVE ( 'NONE', #4743, #5109, #1931, .T. ) ;
#4608 = ORIENTED_EDGE ( 'NONE', *, *, #586, .F. ) ;
#4609 = EDGE_LOOP ( 'NONE', ( #3367, #2901, #5193, #3826 ) ) ;
#4610 = DIRECTION ( 'NONE',  ( -0.000000000000000000, 0.000000000000000000, 1.000000000000000000 ) ) ;
#4611 = ORIENTED_EDGE ( 'NONE', *, *, #2329, .F. ) ;
#4612 = CARTESIAN_POINT ( 'NONE',  ( -15.00000000000047073, -49.99999999998776445, 15.00000000000000000 ) ) ;
#4613 = CARTESIAN_POINT ( 'NONE',  ( -27.50000000000046185, -50.00000000000000000, 15.00000000000000000 ) ) ;
#4614 = EDGE_CURVE ( 'NONE', #1944, #3748, #2813, .T. ) ;
#4615 = EDGE_LOOP ( 'NONE', ( #2655, #1159 ) ) ;
#4616 = LINE ( 'NONE', #373, #3599 ) ;
#4617 = AXIS2_PLACEMENT_3D ( 'NONE', #300, #3579, #556 ) ;
#4618 = ORIENTED_EDGE ( 'NONE', *, *, #5269, .T. ) ;
#4619 = EDGE_CURVE ( 'NONE', #664, #1367, #4770, .T. ) ;
#4620 = DIRECTION ( 'NONE',  ( 1.000000000000000000, 0.000000000000000000, 0.000000000000000000 ) ) ;
#4621 = ORIENTED_EDGE ( 'NONE', *, *, #5004, .F. ) ;
#4622 = DIRECTION ( 'NONE',  ( 0.000000000000000000, 0.000000000000000000, 1.000000000000000000 ) ) ;
#4623 = EDGE_CURVE ( 'NONE', #492, #1825, #1532, .T. ) ;
#4624 = CIRCLE ( 'NONE', #3329, 1.600000000000004086 ) ;
#4625 = AXIS2_PLACEMENT_3D ( 'NONE', #4915, #2903, #4559 ) ;
#4626 = CIRCLE ( 'NONE', #4541, 4.999999999999997335 ) ;
#4627 = CARTESIAN_POINT ( 'NONE',  ( -59.99999999999994316, -21.01742430504416248, 15.00000000000000000 ) ) ;
#4628 = DIRECTION ( 'NONE',  ( -0.000000000000000000, 0.000000000000000000, 1.000000000000000000 ) ) ;
#4629 = VECTOR ( 'NONE', #3809, 1000.000000000000000 ) ;
#4630 = AXIS2_PLACEMENT_3D ( 'NONE', #140, #4723, #5103 ) ;
#4631 = CARTESIAN_POINT ( 'NONE',  ( 115.0000000000000568, 26.10000000000000497, 21.69999999999999929 ) ) ;
#4632 = DIRECTION ( 'NONE',  ( -1.000000000000000000, 0.000000000000000000, 0.000000000000000000 ) ) ;
#4633 = DIRECTION ( 'NONE',  ( -1.000000000000000000, 0.000000000000000000, 0.000000000000000000 ) ) ;
#4634 = VERTEX_POINT ( 'NONE', #4399 ) ;
#4635 = DIRECTION ( 'NONE',  ( -1.000000000000000000, 0.000000000000000000, 0.000000000000000000 ) ) ;
#4636 = LINE ( 'NONE', #3849, #1086 ) ;
#4637 = AXIS2_PLACEMENT_3D ( 'NONE', #906, #86, #4174 ) ;
#4638 = CARTESIAN_POINT ( 'NONE',  ( 35.00000000000004263, 0.000000000000000000, 15.00000000000000000 ) ) ;
#4639 = ORIENTED_EDGE ( 'NONE', *, *, #665, .T. ) ;
#4640 = VECTOR ( 'NONE', #3486, 1000.000000000000000 ) ;
#4641 = VERTEX_POINT ( 'NONE', #4448 ) ;
#4642 = CARTESIAN_POINT ( 'NONE',  ( 65.00000000000022737, 50.00000000001224265, 0.000000000000000000 ) ) ;
#4643 = ORIENTED_EDGE ( 'NONE', *, *, #2083, .T. ) ;
#4644 = DIRECTION ( 'NONE',  ( -1.000000000000000000, 0.000000000000000000, 0.000000000000000000 ) ) ;
#4645 = EDGE_CURVE ( 'NONE', #3799, #4511, #3234, .T. ) ;
#4646 = LINE ( 'NONE', #1722, #3074 ) ;
#4647 = ORIENTED_EDGE ( 'NONE', *, *, #2016, .F. ) ;
#4648 = DIRECTION ( 'NONE',  ( -0.000000000000000000, -0.000000000000000000, -1.000000000000000000 ) ) ;
#4649 = ORIENTED_EDGE ( 'NONE', *, *, #3257, .F. ) ;
#4650 = DIRECTION ( 'NONE',  ( -0.000000000000000000, -0.000000000000000000, 1.000000000000000000 ) ) ;
#4651 = EDGE_CURVE ( 'NONE', #3204, #1934, #5204, .T. ) ;
#4652 = EDGE_LOOP ( 'NONE', ( #3680, #3730 ) ) ;
#4653 = AXIS2_PLACEMENT_3D ( 'NONE', #839, #2527, #3316 ) ;
#4654 = FACE_OUTER_BOUND ( 'NONE', #1596, .T. ) ;
#4655 = ORIENTED_EDGE ( 'NONE', *, *, #2744, .T. ) ;
#4656 = CARTESIAN_POINT ( 'NONE',  ( -60.00000000000047606, -54.99999999998775735, 25.00000000000000000 ) ) ;
#4657 = VECTOR ( 'NONE', #405, 1000.000000000000000 ) ;
#4658 = EDGE_CURVE ( 'NONE', #1225, #4024, #1499, .T. ) ;
#4659 = EDGE_CURVE ( 'NONE', #561, #5109, #329, .T. ) ;
#4660 = CARTESIAN_POINT ( 'NONE',  ( 35.00000000000004263, 0.000000000000000000, 25.00000000000000000 ) ) ;
#4661 = FACE_BOUND ( 'NONE', #3240, .T. ) ;
#4662 = CARTESIAN_POINT ( 'NONE',  ( -24.39999999999996305, 28.99999999999998934, 3.000000000000000000 ) ) ;
#4663 = CIRCLE ( 'NONE', #3539, 2.500000000000002220 ) ;
#4664 = ORIENTED_EDGE ( 'NONE', *, *, #2242, .F. ) ;
#4665 = DIRECTION ( 'NONE',  ( 1.000000000000000000, 0.000000000000000000, 0.000000000000000000 ) ) ;
#4666 = CARTESIAN_POINT ( 'NONE',  ( 100.0000000000000426, 5.000000000012239987, 0.000000000000000000 ) ) ;
#4667 = ADVANCED_FACE ( 'NONE', ( #5285 ), #4886, .F. ) ;
#4668 = CIRCLE ( 'NONE', #2077, 4.999999999999990230 ) ;
#4669 = ORIENTED_EDGE ( 'NONE', *, *, #830, .F. ) ;
#4670 = DIRECTION ( 'NONE',  ( 1.000000000000000000, 0.000000000000000000, 0.000000000000000000 ) ) ;
#4671 = VERTEX_POINT ( 'NONE', #2280 ) ;
#4672 = DIRECTION ( 'NONE',  ( 0.000000000000000000, 0.000000000000000000, -1.000000000000000000 ) ) ;
#4673 = VECTOR ( 'NONE', #4035, 1000.000000000000000 ) ;
#4674 = CARTESIAN_POINT ( 'NONE',  ( 69.99999999999951683, -49.99999999998776445, 15.00000000000000000 ) ) ;
#4675 = ORIENTED_EDGE ( 'NONE', *, *, #1134, .T. ) ;
#4676 = AXIS2_PLACEMENT_3D ( 'NONE', #137, #3880, #1826 ) ;
#4677 = ORIENTED_EDGE ( 'NONE', *, *, #4986, .T. ) ;
#4678 = CARTESIAN_POINT ( 'NONE',  ( -89.99999999999978684, 50.00000000001224265, 0.000000000000000000 ) ) ;
#4679 = VERTEX_POINT ( 'NONE', #3936 ) ;
#4680 = ADVANCED_FACE ( 'NONE', ( #247 ), #1878, .F. ) ;
#4681 = DIRECTION ( 'NONE',  ( -0.000000000000000000, -0.000000000000000000, -1.000000000000000000 ) ) ;
#4682 = VERTEX_POINT ( 'NONE', #383 ) ;
#4683 = ORIENTED_EDGE ( 'NONE', *, *, #3484, .F. ) ;
#4684 = CYLINDRICAL_SURFACE ( 'NONE', #4026, 5.000000000000000888 ) ;
#4685 = DIRECTION ( 'NONE',  ( -1.000000000000000000, 4.081702296416016366E-17, -0.000000000000000000 ) ) ;
#4686 = CARTESIAN_POINT ( 'NONE',  ( -59.99999999999977973, 55.00000000001224265, 0.000000000000000000 ) ) ;
#4687 = ORIENTED_EDGE ( 'NONE', *, *, #3430, .T. ) ;
#4688 = EDGE_CURVE ( 'NONE', #1702, #2177, #4173, .T. ) ;
#4689 = CARTESIAN_POINT ( 'NONE',  ( 121.6000000000000512, -64.99999999999998579, 15.00000000000000000 ) ) ;
#4690 = CYLINDRICAL_SURFACE ( 'NONE', #2824, 4.999999999999997335 ) ;
#4691 = ORIENTED_EDGE ( 'NONE', *, *, #4246, .F. ) ;
#4692 = CARTESIAN_POINT ( 'NONE',  ( -55.27828287002940044, -32.40000000000001279, 18.00000000000000000 ) ) ;
#4693 = ORIENTED_EDGE ( 'NONE', *, *, #629, .F. ) ;
#4694 = EDGE_CURVE ( 'NONE', #2245, #4780, #4961, .T. ) ;
#4695 = LINE ( 'NONE', #3423, #1545 ) ;
#4696 = FACE_OUTER_BOUND ( 'NONE', #2944, .T. ) ;
#4697 = ORIENTED_EDGE ( 'NONE', *, *, #2555, .T. ) ;
#4698 = DIRECTION ( 'NONE',  ( -0.000000000000000000, -0.000000000000000000, -1.000000000000000000 ) ) ;
#4699 = ORIENTED_EDGE ( 'NONE', *, *, #1933, .T. ) ;
#4700 = CARTESIAN_POINT ( 'NONE',  ( 105.0000000000000284, 75.00000000000000000, 0.000000000000000000 ) ) ;
#4701 = ORIENTED_EDGE ( 'NONE', *, *, #333, .F. ) ;
#4702 = DIRECTION ( 'NONE',  ( -1.000000000000000000, 0.000000000000000000, -0.000000000000000000 ) ) ;
#4703 = VERTEX_POINT ( 'NONE', #1639 ) ;
#4704 = ADVANCED_FACE ( 'NONE', ( #856 ), #1713, .F. ) ;
#4705 = ORIENTED_EDGE ( 'NONE', *, *, #2578, .T. ) ;
#4706 = AXIS2_PLACEMENT_3D ( 'NONE', #1413, #533, #3059 ) ;
#4707 = CYLINDRICAL_SURFACE ( 'NONE', #2547, 2.500000000000002220 ) ;
#4708 = VECTOR ( 'NONE', #3175, 1000.000000000000000 ) ;
#4709 = VECTOR ( 'NONE', #341, 1000.000000000000000 ) ;
#4710 = CARTESIAN_POINT ( 'NONE',  ( 103.6000000000000369, -28.99999999999999289, 0.000000000000000000 ) ) ;
#4711 = DIRECTION ( 'NONE',  ( 1.000000000000000000, 0.000000000000000000, 0.000000000000000000 ) ) ;
#4712 = VERTEX_POINT ( 'NONE', #4150 ) ;
#4713 =( BOUNDED_CURVE ( )  B_SPLINE_CURVE ( 3, ( #190, #3850, #534, #1824 ),
 .UNSPECIFIED., .F., .F. ) 
 B_SPLINE_CURVE_WITH_KNOTS ( ( 4, 4 ),
 ( 3.553109499657281845, 4.712388980384689674 ),
 .UNSPECIFIED. ) 
 CURVE ( )  GEOMETRIC_REPRESENTATION_ITEM ( )  RATIONAL_B_SPLINE_CURVE ( ( 1.000000000000000000, 0.8911066843560504491, 0.8911066843560504491, 1.000000000000000000 ) ) 
 REPRESENTATION_ITEM ( '' )  );
#4714 = EDGE_CURVE ( 'NONE', #3184, #2423, #4583, .T. ) ;
#4715 = LINE ( 'NONE', #211, #2628 ) ;
#4716 = DIRECTION ( 'NONE',  ( 0.000000000000000000, -1.000000000000000000, 0.000000000000000000 ) ) ;
#4717 = VERTEX_POINT ( 'NONE', #406 ) ;
#4718 = DIRECTION ( 'NONE',  ( 0.000000000000000000, 0.000000000000000000, -1.000000000000000000 ) ) ;
#4719 = APPROVAL_PERSON_ORGANIZATION ( #3215, #2062, #786 ) ;
#4720 = VECTOR ( 'NONE', #2833, 1000.000000000000000 ) ;
#4721 = EDGE_LOOP ( 'NONE', ( #4758, #3426, #4520, #2357 ) ) ;
#4722 = DIRECTION ( 'NONE',  ( -0.000000000000000000, -0.000000000000000000, -1.000000000000000000 ) ) ;
#4723 = DIRECTION ( 'NONE',  ( -0.000000000000000000, -0.000000000000000000, -1.000000000000000000 ) ) ;
#4724 = CIRCLE ( 'NONE', #843, 4.999999999999997335 ) ;
#4725 = VERTEX_POINT ( 'NONE', #828 ) ;
#4726 = EDGE_CURVE ( 'NONE', #838, #3052, #3288, .T. ) ;
#4727 = DIRECTION ( 'NONE',  ( -0.000000000000000000, 0.000000000000000000, 1.000000000000000000 ) ) ;
#4728 = VERTEX_POINT ( 'NONE', #4509 ) ;
#4729 = DIRECTION ( 'NONE',  ( 0.000000000000000000, 0.000000000000000000, -1.000000000000000000 ) ) ;
#4730 = ORIENTED_EDGE ( 'NONE', *, *, #1343, .T. ) ;
#4731 = ORIENTED_EDGE ( 'NONE', *, *, #5079, .F. ) ;
#4732 = CARTESIAN_POINT ( 'NONE',  ( -24.99999999999993960, 0.000000000000000000, 0.000000000000000000 ) ) ;
#4733 = FACE_BOUND ( 'NONE', #4652, .T. ) ;
#4734 = DIRECTION ( 'NONE',  ( 1.000000000000000000, 0.000000000000000000, 0.000000000000000000 ) ) ;
#4735 = EDGE_LOOP ( 'NONE', ( #4519, #4412, #1643, #644, #242 ) ) ;
#4736 = DIRECTION ( 'NONE',  ( -0.000000000000000000, -0.000000000000000000, -1.000000000000000000 ) ) ;
#4737 = AXIS2_PLACEMENT_3D ( 'NONE', #4423, #2391, #4885 ) ;
#4738 = CARTESIAN_POINT ( 'NONE',  ( -104.9999999999999716, 75.00000000000000000, 15.00000000000000000 ) ) ;
#4739 = EDGE_CURVE ( 'NONE', #3229, #4136, #1948, .T. ) ;
#4740 = VERTEX_POINT ( 'NONE', #2931 ) ;
#4741 = AXIS2_PLACEMENT_3D ( 'NONE', #1780, #869, #3320 ) ;
#4742 = CARTESIAN_POINT ( 'NONE',  ( 100.0000000000000426, 1.224020884649235086E-11, 0.000000000000000000 ) ) ;
#4743 = VERTEX_POINT ( 'NONE', #3720 ) ;
#4744 = ORIENTED_EDGE ( 'NONE', *, *, #2834, .T. ) ;
#4745 = LINE ( 'NONE', #4288, #2234 ) ;
#4746 = DIRECTION ( 'NONE',  ( 1.000000000000000000, 4.081702296416016366E-17, 0.000000000000000000 ) ) ;
#4747 = AXIS2_PLACEMENT_3D ( 'NONE', #4742, #2308, #3963 ) ;
#4748 = ORIENTED_EDGE ( 'NONE', *, *, #1720, .T. ) ;
#4749 = LINE ( 'NONE', #1881, #2644 ) ;
#4750 = VECTOR ( 'NONE', #4602, 1000.000000000000000 ) ;
#4751 = ORIENTED_EDGE ( 'NONE', *, *, #566, .F. ) ;
#4752 = LINE ( 'NONE', #2670, #3626 ) ;
#4753 = DIRECTION ( 'NONE',  ( 4.081702296416016786E-15, 1.000000000000000000, 0.000000000000000000 ) ) ;
#4754 = EDGE_CURVE ( 'NONE', #1766, #2245, #2041, .T. ) ;
#4755 = CIRCLE ( 'NONE', #3203, 0.5000000000000004441 ) ;
#4756 = CARTESIAN_POINT ( 'NONE',  ( 0.000000000000000000, 0.000000000000000000, 0.000000000000000000 ) ) ;
#4757 = ORIENTED_EDGE ( 'NONE', *, *, #1679, .F. ) ;
#4758 = ORIENTED_EDGE ( 'NONE', *, *, #4531, .F. ) ;
#4759 = CARTESIAN_POINT ( 'NONE',  ( -54.99999999999995026, 26.10000000000000497, 25.00000000000000000 ) ) ;
#4760 = DIRECTION ( 'NONE',  ( 1.000000000000000000, 0.000000000000000000, 0.000000000000000000 ) ) ;
#4761 = CARTESIAN_POINT ( 'NONE',  ( 120.0000000000000711, 31.14999999999998437, 20.00000000000000000 ) ) ;
#4762 = VERTEX_POINT ( 'NONE', #3665 ) ;
#4763 = DIRECTION ( 'NONE',  ( -1.000000000000000000, 0.000000000000000000, 0.000000000000000000 ) ) ;
#4764 = CARTESIAN_POINT ( 'NONE',  ( 1.302063032556709777E-15, -31.90000000000001279, 25.00000000000000000 ) ) ;
#4765 = ORIENTED_EDGE ( 'NONE', *, *, #1914, .F. ) ;
#4766 = CYLINDRICAL_SURFACE ( 'NONE', #3756, 1.600000000000004086 ) ;
#4767 = DIRECTION ( 'NONE',  ( -1.000000000000000000, 0.000000000000000000, 0.000000000000000000 ) ) ;
#4768 = ORIENTED_EDGE ( 'NONE', *, *, #916, .T. ) ;
#4769 = CARTESIAN_POINT ( 'NONE',  ( -104.9999999999999716, 75.00000000000000000, 15.00000000000000000 ) ) ;
#4770 = LINE ( 'NONE', #1559, #3594 ) ;
#4771 = CARTESIAN_POINT ( 'NONE',  ( 103.6000000000000369, 28.99999999999999289, 3.000000000000000000 ) ) ;
#4772 = ADVANCED_FACE ( 'NONE', ( #2442 ), #3695, .F. ) ;
#4773 = ORIENTED_EDGE ( 'NONE', *, *, #2834, .F. ) ;
#4774 = FACE_OUTER_BOUND ( 'NONE', #4596, .T. ) ;
#4775 = LINE ( 'NONE', #1936, #1304 ) ;
#4776 = VERTEX_POINT ( 'NONE', #33 ) ;
#4777 = FACE_OUTER_BOUND ( 'NONE', #1160, .T. ) ;
#4778 = CARTESIAN_POINT ( 'NONE',  ( 57.50000000000006395, 3.061616997868386099E-16, 0.000000000000000000 ) ) ;
#4779 = EDGE_CURVE ( 'NONE', #3586, #3578, #4940, .T. ) ;
#4780 = VERTEX_POINT ( 'NONE', #5014 ) ;
#4781 = EDGE_CURVE ( 'NONE', #4819, #3793, #2954, .T. ) ;
#4782 = DIRECTION ( 'NONE',  ( 0.000000000000000000, 0.000000000000000000, -1.000000000000000000 ) ) ;
#4783 = ORIENTED_EDGE ( 'NONE', *, *, #1231, .T. ) ;
#4784 = VERTEX_POINT ( 'NONE', #2497 ) ;
#4785 = CARTESIAN_POINT ( 'NONE',  ( -9.999999999999953815, 1.224020884649235086E-11, 0.000000000000000000 ) ) ;
#4786 = ADVANCED_FACE ( 'NONE', ( #459 ), #1613, .F. ) ;
#4787 = ADVANCED_FACE ( 'NONE', ( #3336 ), #1285, .T. ) ;
#4788 = DIRECTION ( 'NONE',  ( 0.000000000000000000, -0.000000000000000000, 1.000000000000000000 ) ) ;
#4789 = CARTESIAN_POINT ( 'NONE',  ( 120.0000000000000426, 21.01742430504416248, 15.00000000000000000 ) ) ;
#4790 = AXIS2_PLACEMENT_3D ( 'NONE', #3608, #3985, #5252 ) ;
#4791 = CYLINDRICAL_SURFACE ( 'NONE', #5049, 4.999999999999990230 ) ;
#4792 = CARTESIAN_POINT ( 'NONE',  ( 115.4174243050442215, -25.60000000000000497, 18.00000000000000000 ) ) ;
#4793 = VECTOR ( 'NONE', #4681, 1000.000000000000000 ) ;
#4794 = AXIS2_PLACEMENT_3D ( 'NONE', #5169, #5253, #320 ) ;
#4795 = AXIS2_PLACEMENT_3D ( 'NONE', #5319, #2841, #2369 ) ;
#4796 = ORIENTED_EDGE ( 'NONE', *, *, #932, .F. ) ;
#4797 = LINE ( 'NONE', #4420, #1253 ) ;
#4798 = FACE_OUTER_BOUND ( 'NONE', #462, .T. ) ;
#4799 = VERTEX_POINT ( 'NONE', #4071 ) ;
#4800 = AXIS2_PLACEMENT_3D ( 'NONE', #473, #5326, #2947 ) ;
#4801 = FACE_OUTER_BOUND ( 'NONE', #2345, .T. ) ;
#4802 = PLANE ( 'NONE',  #4293 ) ;
#4803 = AXIS2_PLACEMENT_3D ( 'NONE', #1663, #4529, #436 ) ;
#4804 = AXIS2_PLACEMENT_3D ( 'NONE', #2807, #2783, #4460 ) ;
#4805 = FACE_OUTER_BOUND ( 'NONE', #2843, .T. ) ;
#4806 = EDGE_LOOP ( 'NONE', ( #2396, #1567 ) ) ;
#4807 = CIRCLE ( 'NONE', #1614, 5.000000000000000888 ) ;
#4808 = VECTOR ( 'NONE', #5205, 1000.000000000000000 ) ;
#4809 = CARTESIAN_POINT ( 'NONE',  ( -54.99999999999995026, -25.60000000000069420, 18.00000000000000000 ) ) ;
#4810 = ORIENTED_EDGE ( 'NONE', *, *, #1812, .T. ) ;
#4811 = ORIENTED_EDGE ( 'NONE', *, *, #712, .T. ) ;
#4812 = AXIS2_PLACEMENT_3D ( 'NONE', #1206, #3306, #2541 ) ;
#4813 = CARTESIAN_POINT ( 'NONE',  ( 100.0000000000000426, -4.999999999987760013, 0.000000000000000000 ) ) ;
#4814 = VECTOR ( 'NONE', #3560, 1000.000000000000000 ) ;
#4815 = AXIS2_PLACEMENT_3D ( 'NONE', #3447, #4311, #3390 ) ;
#4816 = EDGE_CURVE ( 'NONE', #2480, #338, #1239, .T. ) ;
#4817 = CARTESIAN_POINT ( 'NONE',  ( 37.50000000000022027, 50.00000000000000000, 25.00000000000000000 ) ) ;
#4818 = VERTEX_POINT ( 'NONE', #4093 ) ;
#4819 = VERTEX_POINT ( 'NONE', #2880 ) ;
#4820 = DIRECTION ( 'NONE',  ( 0.000000000000000000, 0.000000000000000000, -1.000000000000000000 ) ) ;
#4821 = LINE ( 'NONE', #2820, #2387 ) ;
#4822 = DIRECTION ( 'NONE',  ( 0.000000000000000000, 0.000000000000000000, -1.000000000000000000 ) ) ;
#4823 = CARTESIAN_POINT ( 'NONE',  ( 115.0000000000000995, 25.60000000000000497, 21.19999999999999929 ) ) ;
#4824 = CARTESIAN_POINT ( 'NONE',  ( 108.2000000000000455, -28.99999999999999289, 25.00000000000000000 ) ) ;
#4825 = EDGE_CURVE ( 'NONE', #2484, #3403, #3851, .T. ) ;
#4826 = AXIS2_PLACEMENT_3D ( 'NONE', #5022, #2961, #1721 ) ;
#4827 = EDGE_LOOP ( 'NONE', ( #1587, #1315, #3741, #1592 ) ) ;
#4828 = LINE ( 'NONE', #1072, #4186 ) ;
#4829 = DIRECTION ( 'NONE',  ( 1.000000000000000000, 0.000000000000000000, 0.000000000000000000 ) ) ;
#4830 = VECTOR ( 'NONE', #4860, 1000.000000000000000 ) ;
#4831 = ORIENTED_EDGE ( 'NONE', *, *, #3091, .T. ) ;
#4832 = CARTESIAN_POINT ( 'NONE',  ( 115.0000000000001279, -31.90000000000000568, 21.19999999999999929 ) ) ;
#4833 = CARTESIAN_POINT ( 'NONE',  ( 99.99999999999951683, -44.99999999998776445, 25.00000000000000000 ) ) ;
#4834 = PLANE ( 'NONE',  #5060 ) ;
#4835 = EDGE_CURVE ( 'NONE', #4740, #4426, #2652, .T. ) ;
#4836 = VECTOR ( 'NONE', #4650, 1000.000000000000000 ) ;
#4837 = VERTEX_POINT ( 'NONE', #2220 ) ;
#4838 = APPROVAL_DATE_TIME ( #4864, #2062 ) ;
#4839 = CARTESIAN_POINT ( 'NONE',  ( -10.00000000000047429, -49.99999999998776445, 15.00000000000000000 ) ) ;
#4840 = ORIENTED_EDGE ( 'NONE', *, *, #2243, .F. ) ;
#4841 = CARTESIAN_POINT ( 'NONE',  ( -54.99999999999996447, 31.90000000000001279, 21.69999999999999929 ) ) ;
#4842 = CARTESIAN_POINT ( 'NONE',  ( 69.99999999999951683, -49.99999999998776445, 0.000000000000000000 ) ) ;
#4843 = AXIS2_PLACEMENT_3D ( 'NONE', #5265, #1883, #3187 ) ;
#4844 = LINE ( 'NONE', #731, #5073 ) ;
#4845 = ORIENTED_EDGE ( 'NONE', *, *, #4002, .F. ) ;
#4846 = CIRCLE ( 'NONE', #1815, 1.600000000000004086 ) ;
#4847 = EDGE_LOOP ( 'NONE', ( #4160, #250, #2602, #2509, #3241 ) ) ;
#4848 = EDGE_CURVE ( 'NONE', #2018, #3342, #959, .T. ) ;
#4849 = CARTESIAN_POINT ( 'NONE',  ( -57.95115232507779268, 34.93372802003368349, 14.99999999999999645 ) ) ;
#4850 = DIRECTION ( 'NONE',  ( 0.000000000000000000, 0.000000000000000000, -1.000000000000000000 ) ) ;
#4851 = DIRECTION ( 'NONE',  ( -1.000000000000000000, 0.000000000000000000, 0.000000000000000000 ) ) ;
#4852 = LINE ( 'NONE', #3087, #2455 ) ;
#4853 = CARTESIAN_POINT ( 'NONE',  ( -27.39999999999996660, 28.99999999999998934, 3.000000000000000000 ) ) ;
#4854 = EDGE_CURVE ( 'NONE', #3319, #2367, #3439, .T. ) ;
#4855 = ORIENTED_EDGE ( 'NONE', *, *, #3516, .T. ) ;
#4856 = FACE_OUTER_BOUND ( 'NONE', #5296, .T. ) ;
#4857 = EDGE_CURVE ( 'NONE', #1163, #3517, #4280, .T. ) ;
#4858 = DIRECTION ( 'NONE',  ( 1.000000000000000000, 0.000000000000000000, 0.000000000000000000 ) ) ;
#4859 = EDGE_LOOP ( 'NONE', ( #2449, #2969 ) ) ;
#4860 = DIRECTION ( 'NONE',  ( -0.000000000000000000, -0.000000000000000000, -1.000000000000000000 ) ) ;
#4861 = CARTESIAN_POINT ( 'NONE',  ( -22.50000000000045830, -50.00000000000000000, 25.00000000000000000 ) ) ;
#4862 = CARTESIAN_POINT ( 'NONE',  ( 0.000000000000000000, -26.10000000000000497, 24.50000000000000000 ) ) ;
#4863 = ORIENTED_EDGE ( 'NONE', *, *, #665, .F. ) ;
#4864 = DATE_AND_TIME ( #4454, #2818 ) ;
#4865 = ADVANCED_FACE ( 'NONE', ( #5114 ), #526, .F. ) ;
#4866 = CARTESIAN_POINT ( 'NONE',  ( -9.999999999999953815, 5.000000000012239987, 0.000000000000000000 ) ) ;
#4867 = ORIENTED_EDGE ( 'NONE', *, *, #3480, .F. ) ;
#4868 = DIRECTION ( 'NONE',  ( -1.000000000000000000, 0.000000000000000000, 0.000000000000000000 ) ) ;
#4869 = CARTESIAN_POINT ( 'NONE',  ( 65.00000000000022737, 50.00000000001224265, 25.00000000000000000 ) ) ;
#4870 = EDGE_CURVE ( 'NONE', #724, #5166, #1735, .T. ) ;
#4871 = PLANE ( 'NONE',  #167 ) ;
#4872 = ORIENTED_EDGE ( 'NONE', *, *, #3541, .T. ) ;
#4873 = ORIENTED_EDGE ( 'NONE', *, *, #3868, .T. ) ;
#4874 = DIRECTION ( 'NONE',  ( 1.000000000000000000, 0.000000000000000000, 0.000000000000000000 ) ) ;
#4875 = DIRECTION ( 'NONE',  ( -0.000000000000000000, -0.000000000000000000, -1.000000000000000000 ) ) ;
#4876 = EDGE_CURVE ( 'NONE', #4495, #1766, #4462, .T. ) ;
#4877 = CARTESIAN_POINT ( 'NONE',  ( 120.0000000000000426, -21.01742430504416248, 15.00000000000000000 ) ) ;
#4878 = LINE ( 'NONE', #2708, #408 ) ;
#4879 = ORIENTED_EDGE ( 'NONE', *, *, #3658, .T. ) ;
#4880 = AXIS2_PLACEMENT_3D ( 'NONE', #3027, #2216, #4622 ) ;
#4881 = DIRECTION ( 'NONE',  ( -1.000000000000000000, 0.000000000000000000, 0.000000000000000000 ) ) ;
#4882 = DIRECTION ( 'NONE',  ( -1.000000000000000000, 0.000000000000000000, 0.000000000000000000 ) ) ;
#4883 = ADVANCED_FACE ( 'NONE', ( #628 ), #1436, .F. ) ;
#4884 = ORIENTED_EDGE ( 'NONE', *, *, #1452, .F. ) ;
#4885 = DIRECTION ( 'NONE',  ( -1.000000000000000000, 0.000000000000000000, 0.000000000000000000 ) ) ;
#4886 = CYLINDRICAL_SURFACE ( 'NONE', #4111, 4.999999999999990230 ) ;
#4887 = DIRECTION ( 'NONE',  ( 0.000000000000000000, -1.000000000000000000, 0.000000000000000000 ) ) ;
#4888 = AXIS2_PLACEMENT_3D ( 'NONE', #3412, #3386, #3443 ) ;
#4889 = VERTEX_POINT ( 'NONE', #1385 ) ;
#4890 = ORIENTED_EDGE ( 'NONE', *, *, #683, .F. ) ;
#4891 = CALENDAR_DATE ( 2026, 15, 7 ) ;
#4892 = CARTESIAN_POINT ( 'NONE',  ( 20.00000000000004619, 5.000000000012239987, 25.00000000000000000 ) ) ;
#4893 = VECTOR ( 'NONE', #1686, 1000.000000000000000 ) ;
#4894 = CIRCLE ( 'NONE', #831, 4.999999999999990230 ) ;
#4895 = EDGE_LOOP ( 'NONE', ( #1942, #3705, #496, #3321 ) ) ;
#4896 = EDGE_LOOP ( 'NONE', ( #3867, #3802, #859, #1534 ) ) ;
#4897 = CARTESIAN_POINT ( 'NONE',  ( 100.0000000000000426, -4.999999999987760013, 0.000000000000000000 ) ) ;
#4898 = ADVANCED_FACE ( 'NONE', ( #3031 ), #4707, .F. ) ;
#4899 = ADVANCED_FACE ( 'NONE', ( #1838 ), #4684, .F. ) ;
#4900 = CIRCLE ( 'NONE', #1782, 1.600000000000004086 ) ;
#4901 = AXIS2_PLACEMENT_3D ( 'NONE', #3883, #1420, #591 ) ;
#4902 = ORIENTED_EDGE ( 'NONE', *, *, #876, .T. ) ;
#4903 = AXIS2_PLACEMENT_3D ( 'NONE', #2094, #829, #2546 ) ;
#4904 = VERTEX_POINT ( 'NONE', #2569 ) ;
#4905 = EDGE_CURVE ( 'NONE', #361, #1225, #2897, .T. ) ;
#4906 = AXIS2_PLACEMENT_3D ( 'NONE', #2551, #4206, #2988 ) ;
#4907 = CARTESIAN_POINT ( 'NONE',  ( -10.00000000000047429, -49.99999999998776445, 25.00000000000000000 ) ) ;
#4908 = CARTESIAN_POINT ( 'NONE',  ( -22.50000000000045830, -50.00000000000000000, 15.00000000000000000 ) ) ;
#4909 = DIRECTION ( 'NONE',  ( -1.000000000000000000, 0.000000000000000000, 0.000000000000000000 ) ) ;
#4910 = DIRECTION ( 'NONE',  ( -0.000000000000000000, -0.000000000000000000, -1.000000000000000000 ) ) ;
#4911 = FACE_OUTER_BOUND ( 'NONE', #4242, .T. ) ;
#4912 = CARTESIAN_POINT ( 'NONE',  ( -54.99999999999995737, -32.40000000000001279, 20.00000000000000000 ) ) ;
#4913 = ORIENTED_EDGE ( 'NONE', *, *, #3208, .T. ) ;
#4914 = CARTESIAN_POINT ( 'NONE',  ( 120.0000000000000284, 74.99999999999998579, 15.00000000000000000 ) ) ;
#4915 = CARTESIAN_POINT ( 'NONE',  ( 100.0000000000002132, 50.00000000001224265, 25.00000000000000000 ) ) ;
#4916 = CARTESIAN_POINT ( 'NONE',  ( 69.99999999999951683, -54.99999999998775735, 25.00000000000000000 ) ) ;
#4917 = ADVANCED_FACE ( 'NONE', ( #3380 ), #2599, .F. ) ;
#4918 = ORIENTED_EDGE ( 'NONE', *, *, #3533, .T. ) ;
#4919 = ORIENTED_EDGE ( 'NONE', *, *, #753, .F. ) ;
#4920 = AXIS2_PLACEMENT_3D ( 'NONE', #2178, #3778, #3728 ) ;
#4921 = DATE_AND_TIME ( #4428, #3949 ) ;
#4922 = PLANE ( 'NONE',  #1226 ) ;
#4923 = ORIENTED_EDGE ( 'NONE', *, *, #2567, .T. ) ;
#4924 = CARTESIAN_POINT ( 'NONE',  ( 20.00000000000004619, 5.000000000012239987, 25.00000000000000000 ) ) ;
#4925 = CARTESIAN_POINT ( 'NONE',  ( 0.000000000000000000, -4.999999999987760013, 15.00000000000000000 ) ) ;
#4926 = CIRCLE ( 'NONE', #3098, 2.500000000000002220 ) ;
#4927 = AXIS2_PLACEMENT_3D ( 'NONE', #4678, #4729, #3131 ) ;
#4928 = ORIENTED_EDGE ( 'NONE', *, *, #5269, .F. ) ;
#4929 = ADVANCED_FACE ( 'NONE', ( #1013 ), #1329, .F. ) ;
#4930 = EDGE_LOOP ( 'NONE', ( #908, #3923 ) ) ;
#4931 = DIRECTION ( 'NONE',  ( -2.040851148208008393E-15, 1.000000000000000000, -0.000000000000000000 ) ) ;
#4932 = CIRCLE ( 'NONE', #871, 4.999999999999990230 ) ;
#4933 = LINE ( 'NONE', #1631, #5311 ) ;
#4934 = CARTESIAN_POINT ( 'NONE',  ( -25.00000000000045830, -50.00000000000000000, 15.00000000000000000 ) ) ;
#4935 = AXIS2_PLACEMENT_3D ( 'NONE', #388, #1218, #2861 ) ;
#4936 = CARTESIAN_POINT ( 'NONE',  ( -24.39999999999996305, -28.99999999999998934, 25.00000000000000000 ) ) ;
#4937 = DIRECTION ( 'NONE',  ( -1.000000000000000000, 0.000000000000000000, 0.000000000000000000 ) ) ;
#4938 = ORIENTED_EDGE ( 'NONE', *, *, #314, .T. ) ;
#4939 = DIRECTION ( 'NONE',  ( -1.000000000000000000, 0.000000000000000000, 0.000000000000000000 ) ) ;
#4940 = LINE ( 'NONE', #3310, #153 ) ;
#4941 = DIRECTION ( 'NONE',  ( -0.000000000000000000, -0.000000000000000000, -1.000000000000000000 ) ) ;
#4942 = VERTEX_POINT ( 'NONE', #185 ) ;
#4943 = VERTEX_POINT ( 'NONE', #2975 ) ;
#4944 = DIRECTION ( 'NONE',  ( 1.000000000000000000, -1.020425574104003013E-15, 0.000000000000000000 ) ) ;
#4945 = ORIENTED_EDGE ( 'NONE', *, *, #2267, .T. ) ;
#4946 = DIRECTION ( 'NONE',  ( -0.000000000000000000, -0.000000000000000000, -1.000000000000000000 ) ) ;
#4947 = LINE ( 'NONE', #3779, #4463 ) ;
#4948 = ORIENTED_EDGE ( 'NONE', *, *, #4228, .T. ) ;
#4949 = ADVANCED_FACE ( 'NONE', ( #3054 ), #3082, .F. ) ;
#4950 = EDGE_LOOP ( 'NONE', ( #4050, #2781, #3570, #885, #2631, #3093 ) ) ;
#4951 = EDGE_CURVE ( 'NONE', #2431, #2184, #2787, .T. ) ;
#4952 = DIRECTION ( 'NONE',  ( -0.000000000000000000, -0.000000000000000000, -1.000000000000000000 ) ) ;
#4953 = CARTESIAN_POINT ( 'NONE',  ( -55.41742430504410777, -25.60000000000000497, 18.00000000000000000 ) ) ;
#4954 = DIRECTION ( 'NONE',  ( 0.000000000000000000, 0.000000000000000000, 1.000000000000000000 ) ) ;
#4955 = EDGE_CURVE ( 'NONE', #3578, #4682, #4456, .T. ) ;
#4956 = EDGE_CURVE ( 'NONE', #3218, #4682, #1146, .T. ) ;
#4957 = CARTESIAN_POINT ( 'NONE',  ( -103.3999999999999631, 75.00000000000000000, 25.00000000000000000 ) ) ;
#4958 = CARTESIAN_POINT ( 'NONE',  ( -27.49999999999993960, 0.000000000000000000, 0.000000000000000000 ) ) ;
#4959 = ORIENTED_EDGE ( 'NONE', *, *, #4364, .T. ) ;
#4960 = CARTESIAN_POINT ( 'NONE',  ( 120.0000000000000568, -64.99999999999998579, 0.000000000000000000 ) ) ;
#4961 = LINE ( 'NONE', #2114, #4544 ) ;
#4962 = CARTESIAN_POINT ( 'NONE',  ( -27.49999999999977263, 50.00000000000000000, 15.00000000000000000 ) ) ;
#4963 = EDGE_LOOP ( 'NONE', ( #2188, #299 ) ) ;
#4964 = ORIENTED_EDGE ( 'NONE', *, *, #311, .T. ) ;
#4965 = DIRECTION ( 'NONE',  ( 1.000000000000000000, 0.000000000000000000, 0.000000000000000000 ) ) ;
#4966 = ORIENTED_EDGE ( 'NONE', *, *, #3211, .T. ) ;
#4967 = CARTESIAN_POINT ( 'NONE',  ( -54.99999999999995737, -32.40000000000001279, 21.69999999999999929 ) ) ;
#4968 = AXIS2_PLACEMENT_3D ( 'NONE', #4188, #2595, #4702 ) ;
#4969 = AXIS2_PLACEMENT_3D ( 'NONE', #3660, #666, #1899 ) ;
#4970 = CARTESIAN_POINT ( 'NONE',  ( -15.00000000000047073, -49.99999999998776445, 0.000000000000000000 ) ) ;
#4971 = AXIS2_PLACEMENT_3D ( 'NONE', #4503, #2490, #2873 ) ;
#4972 = CIRCLE ( 'NONE', #2815, 2.500000000000002220 ) ;
#4973 = ORIENTED_EDGE ( 'NONE', *, *, #3803, .T. ) ;
#4974 = FACE_OUTER_BOUND ( 'NONE', #3028, .T. ) ;
#4975 = AXIS2_PLACEMENT_3D ( 'NONE', #3898, #4220, #3485 ) ;
#4976 = VERTEX_POINT ( 'NONE', #2817 ) ;
#4977 = CIRCLE ( 'NONE', #3595, 5.000000000000004441 ) ;
#4978 = EDGE_CURVE ( 'NONE', #2579, #1779, #1176, .T. ) ;
#4979 = LINE ( 'NONE', #3302, #4543 ) ;
#4980 = CARTESIAN_POINT ( 'NONE',  ( 106.6000000000000369, -28.99999999999999289, 3.000000000000000000 ) ) ;
#4981 = VECTOR ( 'NONE', #504, 1000.000000000000000 ) ;
#4982 = DIRECTION ( 'NONE',  ( 1.000000000000000000, 0.000000000000000000, 0.000000000000000000 ) ) ;
#4983 = DIRECTION ( 'NONE',  ( -1.000000000000000000, 0.000000000000000000, 0.000000000000000000 ) ) ;
#4984 = DIRECTION ( 'NONE',  ( -0.000000000000000000, -0.000000000000000000, -1.000000000000000000 ) ) ;
#4985 = VERTEX_POINT ( 'NONE', #734 ) ;
#4986 = EDGE_CURVE ( 'NONE', #3933, #1299, #3630, .T. ) ;
#4987 = CARTESIAN_POINT ( 'NONE',  ( -119.9999999999999716, 74.99999999999998579, 0.000000000000000000 ) ) ;
#4988 = CARTESIAN_POINT ( 'NONE',  ( -60.00000000000047606, -54.99999999998775735, 25.00000000000000000 ) ) ;
#4989 = FACE_OUTER_BOUND ( 'NONE', #1439, .T. ) ;
#4990 = EDGE_LOOP ( 'NONE', ( #3246, #521, #812, #385 ) ) ;
#4991 = ORIENTED_EDGE ( 'NONE', *, *, #245, .F. ) ;
#4992 = FACE_OUTER_BOUND ( 'NONE', #1726, .T. ) ;
#4993 = ORIENTED_EDGE ( 'NONE', *, *, #2133, .F. ) ;
#4994 = ADVANCED_FACE ( 'NONE', ( #1093 ), #1171, .F. ) ;
#4995 = CARTESIAN_POINT ( 'NONE',  ( 115.1391414350147784, -32.40000000000000568, 18.00000000000000000 ) ) ;
#4996 = DIRECTION ( 'NONE',  ( -0.000000000000000000, 0.000000000000000000, 1.000000000000000000 ) ) ;
#4997 = PLANE ( 'NONE',  #3506 ) ;
#4998 = ORIENTED_EDGE ( 'NONE', *, *, #3463, .F. ) ;
#4999 = PLANE ( 'NONE',  #3712 ) ;
#5000 = VECTOR ( 'NONE', #1183, 1000.000000000000000 ) ;
#5001 = ORIENTED_EDGE ( 'NONE', *, *, #4499, .F. ) ;
#5002 = AXIS2_PLACEMENT_3D ( 'NONE', #622, #2262, #3915 ) ;
#5003 = CARTESIAN_POINT ( 'NONE',  ( 120.0000000000000568, -36.98257569495584818, 15.00000000000000000 ) ) ;
#5004 = EDGE_CURVE ( 'NONE', #4292, #2963, #2299, .T. ) ;
#5005 = FACE_OUTER_BOUND ( 'NONE', #214, .T. ) ;
#5006 = VECTOR ( 'NONE', #5257, 1000.000000000000000 ) ;
#5007 = CARTESIAN_POINT ( 'NONE',  ( -104.9999999999999716, -75.00000000000000000, 0.000000000000000000 ) ) ;
#5008 = CIRCLE ( 'NONE', #1224, 4.999999999999997335 ) ;
#5009 = CARTESIAN_POINT ( 'NONE',  ( -24.39999999999996305, 28.99999999999998934, 25.00000000000000000 ) ) ;
#5010 = CARTESIAN_POINT ( 'NONE',  ( -24.39999999999996305, 28.99999999999998934, 3.000000000000000000 ) ) ;
#5011 = ORIENTED_EDGE ( 'NONE', *, *, #867, .F. ) ;
#5012 = CARTESIAN_POINT ( 'NONE',  ( 19.99999999999952394, -49.99999999998776445, 25.00000000000000000 ) ) ;
#5013 = EDGE_CURVE ( 'NONE', #2836, #854, #2703, .T. ) ;
#5014 = CARTESIAN_POINT ( 'NONE',  ( -54.99999999999995026, 25.60000000000000497, 21.69999999999999929 ) ) ;
#5015 = DIRECTION ( 'NONE',  ( 0.000000000000000000, 0.000000000000000000, -1.000000000000000000 ) ) ;
#5016 = VECTOR ( 'NONE', #2097, 1000.000000000000000 ) ;
#5017 = VERTEX_POINT ( 'NONE', #3224 ) ;
#5018 = EDGE_CURVE ( 'NONE', #4069, #626, #2351, .T. ) ;
#5019 = VERTEX_POINT ( 'NONE', #5162 ) ;
#5020 = DIRECTION ( 'NONE',  ( -1.734723475976807094E-16, 1.000000000000000000, -0.000000000000000000 ) ) ;
#5021 = VERTEX_POINT ( 'NONE', #4759 ) ;
#5022 = CARTESIAN_POINT ( 'NONE',  ( -45.00000000000047606, -50.00000000000000000, 15.00000000000000000 ) ) ;
#5023 = DIRECTION ( 'NONE',  ( 1.000000000000000000, 0.000000000000000000, 0.000000000000000000 ) ) ;
#5024 = EDGE_CURVE ( 'NONE', #3746, #530, #4900, .T. ) ;
#5025 = CARTESIAN_POINT ( 'NONE',  ( 115.4174243050442357, -26.85000000000000142, 18.00000000000000000 ) ) ;
#5026 = VERTEX_POINT ( 'NONE', #3573 ) ;
#5027 = CARTESIAN_POINT ( 'NONE',  ( -119.9999999999999858, -64.99999999999998579, 15.00000000000000000 ) ) ;
#5028 = VERTEX_POINT ( 'NONE', #1463 ) ;
#5029 = LINE ( 'NONE', #180, #3155 ) ;
#5030 = DIRECTION ( 'NONE',  ( 0.000000000000000000, -1.000000000000000000, 0.000000000000000000 ) ) ;
#5031 = DIRECTION ( 'NONE',  ( 0.000000000000000000, -0.000000000000000000, -1.000000000000000000 ) ) ;
#5032 = DIRECTION ( 'NONE',  ( 0.000000000000000000, -0.000000000000000000, -1.000000000000000000 ) ) ;
#5033 = EDGE_CURVE ( 'NONE', #4261, #1119, #3139, .T. ) ;
#5034 = DIRECTION ( 'NONE',  ( -1.000000000000000000, 0.000000000000000000, 0.000000000000000000 ) ) ;
#5035 = PLANE ( 'NONE',  #3888 ) ;
#5036 = ORIENTED_EDGE ( 'NONE', *, *, #1418, .T. ) ;
#5037 = DIRECTION ( 'NONE',  ( 0.000000000000000000, -0.000000000000000000, 1.000000000000000000 ) ) ;
#5038 = DIRECTION ( 'NONE',  ( -0.000000000000000000, -0.000000000000000000, -1.000000000000000000 ) ) ;
#5039 = FACE_OUTER_BOUND ( 'NONE', #4896, .T. ) ;
#5040 = ORIENTED_EDGE ( 'NONE', *, *, #2619, .T. ) ;
#5041 = EDGE_CURVE ( 'NONE', #3667, #2276, #2904, .T. ) ;
#5042 = EDGE_LOOP ( 'NONE', ( #4112, #4608 ) ) ;
#5043 = CARTESIAN_POINT ( 'NONE',  ( -54.99999999999996447, -32.40000000000070912, 18.00000000000000000 ) ) ;
#5044 = ORIENTED_EDGE ( 'NONE', *, *, #1116, .T. ) ;
#5045 = CARTESIAN_POINT ( 'NONE',  ( -125.0000000000001705, 32.40000000000098623, 18.00000000000000000 ) ) ;
#5046 = DIRECTION ( 'NONE',  ( -1.000000000000000000, 0.000000000000000000, 0.000000000000000000 ) ) ;
#5047 = ORIENTED_EDGE ( 'NONE', *, *, #4262, .T. ) ;
#5048 = DIRECTION ( 'NONE',  ( -1.000000000000000000, 0.000000000000000000, 0.000000000000000000 ) ) ;
#5049 = AXIS2_PLACEMENT_3D ( 'NONE', #4037, #2273, #3174 ) ;
#5050 = VERTEX_POINT ( 'NONE', #4386 ) ;
#5051 = ADVANCED_FACE ( 'NONE', ( #4006, #2380, #2762 ), #5249, .T. ) ;
#5052 = EDGE_CURVE ( 'NONE', #516, #2333, #4807, .T. ) ;
#5053 = ORIENTED_EDGE ( 'NONE', *, *, #4565, .F. ) ;
#5054 = CIRCLE ( 'NONE', #4971, 5.000000000000004441 ) ;
#5055 = CIRCLE ( 'NONE', #1945, 0.5000000000000004441 ) ;
#5056 = FACE_BOUND ( 'NONE', #4365, .T. ) ;
#5057 = EDGE_LOOP ( 'NONE', ( #2885, #2564, #1880, #2294 ) ) ;
#5058 = VECTOR ( 'NONE', #4141, 1000.000000000000000 ) ;
#5059 = AXIS2_PLACEMENT_3D ( 'NONE', #6, #881, #2520 ) ;
#5060 = AXIS2_PLACEMENT_3D ( 'NONE', #4072, #672, #2393 ) ;
#5061 = EDGE_CURVE ( 'NONE', #1037, #2916, #278, .T. ) ;
#5062 = PLANE ( 'NONE',  #5225 ) ;
#5063 = CIRCLE ( 'NONE', #4373, 2.500000000000002220 ) ;
#5064 = DIRECTION ( 'NONE',  ( -1.000000000000000000, 0.000000000000000000, 0.000000000000000000 ) ) ;
#5065 = CARTESIAN_POINT ( 'NONE',  ( -59.99999999999995737, -31.15000000000071978, 20.00000000000000000 ) ) ;
#5066 = CYLINDRICAL_SURFACE ( 'NONE', #3025, 1.600000000000004086 ) ;
#5067 = ORIENTED_EDGE ( 'NONE', *, *, #4651, .F. ) ;
#5068 = CARTESIAN_POINT ( 'NONE',  ( 118.4000000000000483, 64.99999999999998579, 0.000000000000000000 ) ) ;
#5069 = CIRCLE ( 'NONE', #1426, 2.500000000000002220 ) ;
#5070 = DIRECTION ( 'NONE',  ( -0.000000000000000000, -0.000000000000000000, -1.000000000000000000 ) ) ;
#5071 = VERTEX_POINT ( 'NONE', #1574 ) ;
#5072 = CIRCLE ( 'NONE', #673, 1.600000000000004086 ) ;
#5073 = VECTOR ( 'NONE', #1035, 1000.000000000000000 ) ;
#5074 = ORIENTED_EDGE ( 'NONE', *, *, #333, .T. ) ;
#5075 = FACE_OUTER_BOUND ( 'NONE', #5180, .T. ) ;
#5076 = EDGE_LOOP ( 'NONE', ( #5132, #3274, #792, #795 ) ) ;
#5077 = LINE ( 'NONE', #1803, #3870 ) ;
#5078 = DIRECTION ( 'NONE',  ( -0.000000000000000000, -0.000000000000000000, -1.000000000000000000 ) ) ;
#5079 = EDGE_CURVE ( 'NONE', #1809, #561, #3603, .T. ) ;
#5080 = ORIENTED_EDGE ( 'NONE', *, *, #1134, .F. ) ;
#5081 = CARTESIAN_POINT ( 'NONE',  ( -54.99999999999995737, 32.40000000000001279, 25.00000000000000000 ) ) ;
#5082 = ORIENTED_EDGE ( 'NONE', *, *, #5248, .T. ) ;
#5083 = DIRECTION ( 'NONE',  ( 0.000000000000000000, 0.000000000000000000, -1.000000000000000000 ) ) ;
#5084 = VERTEX_POINT ( 'NONE', #4239 ) ;
#5085 = ADVANCED_FACE ( 'NONE', ( #490 ), #2154, .F. ) ;
#5086 = VECTOR ( 'NONE', #1132, 1000.000000000000000 ) ;
#5087 = PLANE ( 'NONE',  #1510 ) ;
#5088 = ORIENTED_EDGE ( 'NONE', *, *, #1901, .F. ) ;
#5089 = ORIENTED_EDGE ( 'NONE', *, *, #648, .F. ) ;
#5090 = AXIS2_PLACEMENT_3D ( 'NONE', #4914, #5203, #3233 ) ;
#5091 = CARTESIAN_POINT ( 'NONE',  ( 115.0000000000000426, 26.10000000000000497, 24.50000000000000000 ) ) ;
#5092 = EDGE_CURVE ( 'NONE', #1929, #4976, #1374, .T. ) ;
#5093 = CARTESIAN_POINT ( 'NONE',  ( 105.0000000000000284, -75.00000000000000000, 25.00000000000000000 ) ) ;
#5094 = DIRECTION ( 'NONE',  ( -1.000000000000000000, 0.000000000000000000, -0.000000000000000000 ) ) ;
#5095 = ORIENTED_EDGE ( 'NONE', *, *, #1625, .T. ) ;
#5096 = FACE_OUTER_BOUND ( 'NONE', #3905, .T. ) ;
#5097 = DIRECTION ( 'NONE',  ( -0.000000000000000000, 0.000000000000000000, 1.000000000000000000 ) ) ;
#5098 = VERTEX_POINT ( 'NONE', #5025 ) ;
#5099 = CARTESIAN_POINT ( 'NONE',  ( -119.9999999999999858, 64.99999999999998579, 15.00000000000000000 ) ) ;
#5100 = ORIENTED_EDGE ( 'NONE', *, *, #867, .T. ) ;
#5101 = CARTESIAN_POINT ( 'NONE',  ( -89.99999999999995737, 1.224020884649235086E-11, 25.00000000000000000 ) ) ;
#5102 = AXIS2_PLACEMENT_3D ( 'NONE', #934, #2623, #1795 ) ;
#5103 = DIRECTION ( 'NONE',  ( -1.000000000000000000, 0.000000000000000000, 0.000000000000000000 ) ) ;
#5104 = EDGE_LOOP ( 'NONE', ( #597, #3476, #1579, #4253 ) ) ;
#5105 = CARTESIAN_POINT ( 'NONE',  ( 120.0000000000000568, -75.00000000000001421, 15.00000000000000000 ) ) ;
#5106 = CC_DESIGN_PERSON_AND_ORGANIZATION_ASSIGNMENT ( #3186, #4513, ( #3984 ) ) ;
#5107 = ORIENTED_EDGE ( 'NONE', *, *, #3136, .T. ) ;
#5108 = DIRECTION ( 'NONE',  ( -0.000000000000000000, -0.000000000000000000, -1.000000000000000000 ) ) ;
#5109 = VERTEX_POINT ( 'NONE', #1322 ) ;
#5110 = EDGE_CURVE ( 'NONE', #2119, #2706, #2042, .T. ) ;
#5111 = CARTESIAN_POINT ( 'NONE',  ( 37.50000000000004974, 3.061616997868386099E-16, 15.00000000000000000 ) ) ;
#5112 = ORIENTED_EDGE ( 'NONE', *, *, #3593, .F. ) ;
#5113 = ORIENTED_EDGE ( 'NONE', *, *, #5110, .F. ) ;
#5114 = FACE_OUTER_BOUND ( 'NONE', #3452, .T. ) ;
#5115 = DIRECTION ( 'NONE',  ( -4.081702296416016786E-15, 1.000000000000000000, 0.000000000000000000 ) ) ;
#5116 = DIRECTION ( 'NONE',  ( 0.000000000000000000, 0.000000000000000000, -1.000000000000000000 ) ) ;
#5117 = ORIENTED_EDGE ( 'NONE', *, *, #1629, .F. ) ;
#5118 = CARTESIAN_POINT ( 'NONE',  ( -54.99999999999995026, 26.10000000000000497, 21.69999999999999929 ) ) ;
#5119 = LINE ( 'NONE', #3387, #148 ) ;
#5120 = ADVANCED_FACE ( 'NONE', ( #395 ), #1598, .F. ) ;
#5121 = EDGE_CURVE ( 'NONE', #2952, #3837, #1350, .T. ) ;
#5122 = ORIENTED_EDGE ( 'NONE', *, *, #4416, .F. ) ;
#5123 = LINE ( 'NONE', #911, #5242 ) ;
#5124 = VERTEX_POINT ( 'NONE', #4060 ) ;
#5125 = CARTESIAN_POINT ( 'NONE',  ( 52.49999999999953815, -50.00000000000000000, 25.00000000000000000 ) ) ;
#5126 = DIRECTION ( 'NONE',  ( 1.000000000000000000, 0.000000000000000000, 0.000000000000000000 ) ) ;
#5127 = VERTEX_POINT ( 'NONE', #3834 ) ;
#5128 = CARTESIAN_POINT ( 'NONE',  ( 20.00000000000004619, -4.999999999987760013, 0.000000000000000000 ) ) ;
#5129 = ORIENTED_EDGE ( 'NONE', *, *, #4623, .F. ) ;
#5130 = DIRECTION ( 'NONE',  ( 1.000000000000000000, -1.387778780781446464E-15, 0.000000000000000000 ) ) ;
#5131 = FACE_BOUND ( 'NONE', #3505, .T. ) ;
#5132 = ORIENTED_EDGE ( 'NONE', *, *, #4163, .F. ) ;
#5133 = ORIENTED_EDGE ( 'NONE', *, *, #5004, .T. ) ;
#5134 = AXIS2_PLACEMENT_3D ( 'NONE', #5118, #2604, #2626 ) ;
#5135 = EDGE_CURVE ( 'NONE', #813, #2518, #5063, .T. ) ;
#5136 = CARTESIAN_POINT ( 'NONE',  ( 20.00000000000004619, 1.224020884649235086E-11, 25.00000000000000000 ) ) ;
#5137 = VECTOR ( 'NONE', #1232, 1000.000000000000000 ) ;
#5138 = FACE_BOUND ( 'NONE', #4183, .T. ) ;
#5139 = LINE ( 'NONE', #1123, #1650 ) ;
#5140 = EDGE_LOOP ( 'NONE', ( #4101, #5001 ) ) ;
#5141 = DIRECTION ( 'NONE',  ( -0.000000000000000000, -0.000000000000000000, -1.000000000000000000 ) ) ;
#5142 = CARTESIAN_POINT ( 'NONE',  ( -22.49999999999993605, 3.061616997868386099E-16, 15.00000000000000000 ) ) ;
#5143 = AXIS2_PLACEMENT_3D ( 'NONE', #641, #4318, #3912 ) ;
#5144 = AXIS2_PLACEMENT_3D ( 'NONE', #915, #2556, #4209 ) ;
#5145 = ORIENTED_EDGE ( 'NONE', *, *, #2461, .T. ) ;
#5146 = EDGE_CURVE ( 'NONE', #3455, #2706, #2964, .T. ) ;
#5147 = CARTESIAN_POINT ( 'NONE',  ( -25.99999999999996447, -28.99999999999998934, 2.999999999999999112 ) ) ;
#5148 = AXIS2_PLACEMENT_3D ( 'NONE', #2668, #995, #3046 ) ;
#5149 = VERTEX_POINT ( 'NONE', #947 ) ;
#5150 = AXIS2_PLACEMENT_3D ( 'NONE', #3823, #5097, #3413 ) ;
#5151 = ORIENTED_EDGE ( 'NONE', *, *, #3738, .F. ) ;
#5152 = DIRECTION ( 'NONE',  ( 0.000000000000000000, 0.000000000000000000, -1.000000000000000000 ) ) ;
#5153 = CYLINDRICAL_SURFACE ( 'NONE', #4194, 2.500000000000002220 ) ;
#5154 = ORIENTED_EDGE ( 'NONE', *, *, #884, .F. ) ;
#5155 = DIRECTION ( 'NONE',  ( 1.000000000000000000, -0.000000000000000000, -0.000000000000000000 ) ) ;
#5156 = EDGE_LOOP ( 'NONE', ( #5266, #4890 ) ) ;
#5157 = CARTESIAN_POINT ( 'NONE',  ( 99.99999999999951683, -54.99999999998775735, 15.00000000000000000 ) ) ;
#5158 = PLANE ( 'NONE',  #1341 ) ;
#5159 = DIRECTION ( 'NONE',  ( -0.000000000000000000, -0.000000000000000000, -1.000000000000000000 ) ) ;
#5160 = ORIENTED_EDGE ( 'NONE', *, *, #2637, .T. ) ;
#5161 = ORIENTED_EDGE ( 'NONE', *, *, #4433, .F. ) ;
#5162 = CARTESIAN_POINT ( 'NONE',  ( 57.49999999999954525, -50.00000000000000000, 0.000000000000000000 ) ) ;
#5163 = FACE_OUTER_BOUND ( 'NONE', #4990, .T. ) ;
#5164 = LINE ( 'NONE', #3983, #4062 ) ;
#5165 = EDGE_CURVE ( 'NONE', #3265, #4332, #4616, .T. ) ;
#5166 = VERTEX_POINT ( 'NONE', #3428 ) ;
#5167 = LINE ( 'NONE', #2304, #4457 ) ;
#5168 = AXIS2_PLACEMENT_3D ( 'NONE', #2202, #1828, #1396 ) ;
#5169 = CARTESIAN_POINT ( 'NONE',  ( -60.00000000000047606, -49.99999999998776445, 25.00000000000000000 ) ) ;
#5170 = ORIENTED_EDGE ( 'NONE', *, *, #87, .T. ) ;
#5171 = AXIS2_PLACEMENT_3D ( 'NONE', #3398, #2590, #2081 ) ;
#5172 = FACE_OUTER_BOUND ( 'NONE', #4721, .T. ) ;
#5173 = ADVANCED_FACE ( 'NONE', ( #2029 ), #2406, .F. ) ;
#5174 = ORIENTED_EDGE ( 'NONE', *, *, #1357, .T. ) ;
#5175 = DIRECTION ( 'NONE',  ( -1.000000000000000000, 0.000000000000000000, 0.000000000000000000 ) ) ;
#5176 = LINE ( 'NONE', #1157, #3170 ) ;
#5177 = CARTESIAN_POINT ( 'NONE',  ( -9.999999999999781508, 50.00000000001224265, 25.00000000000000000 ) ) ;
#5178 = CIRCLE ( 'NONE', #3805, 3.000000000000002665 ) ;
#5179 = ADVANCED_FACE ( 'NONE', ( #3250 ), #3654, .F. ) ;
#5180 = EDGE_LOOP ( 'NONE', ( #2278, #2047, #733, #3663 ) ) ;
#5181 =( LENGTH_UNIT ( ) NAMED_UNIT ( * ) SI_UNIT ( .MILLI., .METRE. ) );
#5182 = DIRECTION ( 'NONE',  ( -1.000000000000000000, 1.020425574104003013E-15, -0.000000000000000000 ) ) ;
#5183 = AXIS2_PLACEMENT_3D ( 'NONE', #3410, #3008, #4711 ) ;
#5184 = ORIENTED_EDGE ( 'NONE', *, *, #4380, .F. ) ;
#5185 = CARTESIAN_POINT ( 'NONE',  ( -54.99999999999995026, -25.60000000000000497, 21.69999999999999929 ) ) ;
#5186 = DIRECTION ( 'NONE',  ( -1.000000000000000000, 0.000000000000000000, 0.000000000000000000 ) ) ;
#5187 = ADVANCED_FACE ( 'NONE', ( #2943 ), #4997, .F. ) ;
#5188 = EDGE_CURVE ( 'NONE', #4589, #4383, #2846, .T. ) ;
#5189 = VECTOR ( 'NONE', #1591, 1000.000000000000000 ) ;
#5190 = ORIENTED_EDGE ( 'NONE', *, *, #3894, .F. ) ;
#5191 = CARTESIAN_POINT ( 'NONE',  ( -59.99999999999996447, -36.98257569495585528, 15.00000000000000000 ) ) ;
#5192 = EDGE_LOOP ( 'NONE', ( #4872, #2965, #2158, #1529 ) ) ;
#5193 = ORIENTED_EDGE ( 'NONE', *, *, #2292, .T. ) ;
#5194 = CARTESIAN_POINT ( 'NONE',  ( 20.00000000000021672, 55.00000000001224265, 0.000000000000000000 ) ) ;
#5195 = DIRECTION ( 'NONE',  ( -0.000000000000000000, -0.000000000000000000, -1.000000000000000000 ) ) ;
#5196 = CARTESIAN_POINT ( 'NONE',  ( -27.39999999999996660, -28.99999999999998934, 0.000000000000000000 ) ) ;
#5197 = CARTESIAN_POINT ( 'NONE',  ( -90.00000000000048317, -54.99999999998775735, 15.00000000000000000 ) ) ;
#5198 = CARTESIAN_POINT ( 'NONE',  ( 120.0000000000000568, -36.98257569495584818, 15.00000000000000000 ) ) ;
#5199 = ORIENTED_EDGE ( 'NONE', *, *, #793, .T. ) ;
#5200 = CARTESIAN_POINT ( 'NONE',  ( 69.99999999999951683, -49.99999999998776445, 25.00000000000000000 ) ) ;
#5201 = CYLINDRICAL_SURFACE ( 'NONE', #2673, 5.000000000000000888 ) ;
#5202 = ORIENTED_EDGE ( 'NONE', *, *, #2935, .T. ) ;
#5203 = DIRECTION ( 'NONE',  ( 0.000000000000000000, 0.000000000000000000, -1.000000000000000000 ) ) ;
#5204 = LINE ( 'NONE', #4424, #1266 ) ;
#5205 = DIRECTION ( 'NONE',  ( 1.020425574104003013E-15, -1.000000000000000000, 0.000000000000000000 ) ) ;
#5206 = ADVANCED_FACE ( 'NONE', ( #121 ), #3396, .F. ) ;
#5207 = ORIENTED_EDGE ( 'NONE', *, *, #3053, .F. ) ;
#5208 = DIRECTION ( 'NONE',  ( 1.000000000000000000, 0.000000000000000000, 0.000000000000000000 ) ) ;
#5209 = VERTEX_POINT ( 'NONE', #769 ) ;
#5210 = LINE ( 'NONE', #4321, #1891 ) ;
#5211 = LINE ( 'NONE', #4813, #3508 ) ;
#5212 = FACE_BOUND ( 'NONE', #511, .T. ) ;
#5213 = EDGE_LOOP ( 'NONE', ( #674, #2271, #976, #1111 ) ) ;
#5214 = EDGE_LOOP ( 'NONE', ( #3828, #3637, #4566, #2095 ) ) ;
#5215 = ADVANCED_FACE ( 'NONE', ( #2005 ), #5298, .F. ) ;
#5216 = EDGE_CURVE ( 'NONE', #3755, #361, #1955, .T. ) ;
#5217 = DIRECTION ( 'NONE',  ( -1.000000000000000000, 0.000000000000000000, 0.000000000000000000 ) ) ;
#5218 = CARTESIAN_POINT ( 'NONE',  ( -60.00000000000047606, -54.99999999998775735, 0.000000000000000000 ) ) ;
#5219 = CARTESIAN_POINT ( 'NONE',  ( 37.49999999999952394, -50.00000000000000000, 25.00000000000000000 ) ) ;
#5220 = EDGE_CURVE ( 'NONE', #535, #760, #3420, .T. ) ;
#5221 = VECTOR ( 'NONE', #1180, 1000.000000000000000 ) ;
#5222 = DIRECTION ( 'NONE',  ( -1.000000000000000000, 0.000000000000000000, 0.000000000000000000 ) ) ;
#5223 = DIRECTION ( 'NONE',  ( 0.000000000000000000, 0.000000000000000000, -1.000000000000000000 ) ) ;
#5224 = AXIS2_PLACEMENT_3D ( 'NONE', #3634, #1493, #773 ) ;
#5225 = AXIS2_PLACEMENT_3D ( 'NONE', #1733, #3378, #929 ) ;
#5226 = ORIENTED_EDGE ( 'NONE', *, *, #2761, .F. ) ;
#5227 = DIRECTION ( 'NONE',  ( -1.000000000000000000, 0.000000000000000000, 0.000000000000000000 ) ) ;
#5228 = LINE ( 'NONE', #2711, #1648 ) ;
#5229 = VERTEX_POINT ( 'NONE', #2284 ) ;
#5230 = DIRECTION ( 'NONE',  ( -0.000000000000000000, -0.000000000000000000, -1.000000000000000000 ) ) ;
#5231 = DIRECTION ( 'NONE',  ( 1.000000000000000000, 0.000000000000000000, 0.000000000000000000 ) ) ;
#5232 = VECTOR ( 'NONE', #2165, 1000.000000000000000 ) ;
#5233 = VECTOR ( 'NONE', #2528, 1000.000000000000000 ) ;
#5234 = CARTESIAN_POINT ( 'NONE',  ( 70.00000000000021316, 50.00000000001224265, 25.00000000000000000 ) ) ;
#5235 =( BOUNDED_CURVE ( )  B_SPLINE_CURVE ( 3, ( #4792, #2331, #4418, #3117 ),
 .UNSPECIFIED., .F., .F. ) 
 B_SPLINE_CURVE_WITH_KNOTS ( ( 4, 4 ),
 ( 3.553109499657281845, 4.712388980384689674 ),
 .UNSPECIFIED. ) 
 CURVE ( )  GEOMETRIC_REPRESENTATION_ITEM ( )  RATIONAL_B_SPLINE_CURVE ( ( 1.000000000000000000, 0.8911066843560504491, 0.8911066843560504491, 1.000000000000000000 ) ) 
 REPRESENTATION_ITEM ( '' )  );
#5236 = VERTEX_POINT ( 'NONE', #198 ) ;
#5237 = AXIS2_PLACEMENT_3D ( 'NONE', #2260, #4698, #3100 ) ;
#5238 = AXIS2_PLACEMENT_3D ( 'NONE', #305, #2017, #1992 ) ;
#5239 = EDGE_LOOP ( 'NONE', ( #2814, #463, #2350, #4077 ) ) ;
#5240 = FACE_OUTER_BOUND ( 'NONE', #5239, .T. ) ;
#5241 = EDGE_CURVE ( 'NONE', #838, #4178, #675, .T. ) ;
#5242 = VECTOR ( 'NONE', #2660, 1000.000000000000000 ) ;
#5243 = DIRECTION ( 'NONE',  ( 1.000000000000000000, 0.000000000000000000, 0.000000000000000000 ) ) ;
#5244 = CIRCLE ( 'NONE', #1261, 1.600000000000004086 ) ;
#5245 = FACE_OUTER_BOUND ( 'NONE', #3295, .T. ) ;
#5246 = VERTEX_POINT ( 'NONE', #5128 ) ;
#5247 = ORIENTED_EDGE ( 'NONE', *, *, #2444, .F. ) ;
#5248 = EDGE_CURVE ( 'NONE', #2960, #393, #567, .T. ) ;
#5249 = PLANE ( 'NONE',  #2989 ) ;
#5250 = DIRECTION ( 'NONE',  ( -1.000000000000000000, -4.081702296416016786E-15, 0.000000000000000000 ) ) ;
#5251 = DIRECTION ( 'NONE',  ( -0.000000000000000000, 0.000000000000000000, 1.000000000000000000 ) ) ;
#5252 = DIRECTION ( 'NONE',  ( 0.000000000000000000, 0.000000000000000000, 1.000000000000000000 ) ) ;
#5253 = DIRECTION ( 'NONE',  ( -0.000000000000000000, -0.000000000000000000, -1.000000000000000000 ) ) ;
#5254 = ADVANCED_FACE ( 'NONE', ( #2693 ), #620, .F. ) ;
#5255 = EDGE_LOOP ( 'NONE', ( #3628, #4879, #506, #2701, #1665, #3267, #4512, #2888, #1695, #4923, #4966, #2486 ) ) ;
#5256 = CARTESIAN_POINT ( 'NONE',  ( 120.0000000000000568, -64.99999999999998579, 15.00000000000000000 ) ) ;
#5257 = DIRECTION ( 'NONE',  ( -0.000000000000000000, -0.000000000000000000, -1.000000000000000000 ) ) ;
#5258 = CIRCLE ( 'NONE', #1458, 1.600000000000004086 ) ;
#5259 = ORIENTED_EDGE ( 'NONE', *, *, #1432, .T. ) ;
#5260 = DIRECTION ( 'NONE',  ( 0.000000000000000000, 1.000000000000000000, -0.000000000000000000 ) ) ;
#5261 = DIRECTION ( 'NONE',  ( 1.000000000000000000, -4.081702296416016786E-15, -0.000000000000000000 ) ) ;
#5262 = FACE_OUTER_BOUND ( 'NONE', #1849, .T. ) ;
#5263 = VECTOR ( 'NONE', #3864, 1000.000000000000000 ) ;
#5264 = EDGE_LOOP ( 'NONE', ( #3819, #1836, #2208, #4171 ) ) ;
#5265 = CARTESIAN_POINT ( 'NONE',  ( -125.0000000000001990, 25.60000000000098197, 18.00000000000000000 ) ) ;
#5266 = ORIENTED_EDGE ( 'NONE', *, *, #2779, .F. ) ;
#5267 = ORIENTED_EDGE ( 'NONE', *, *, #5216, .T. ) ;
#5268 = CARTESIAN_POINT ( 'NONE',  ( 115.0000000000000426, -25.60000000000000497, 17.99999999999999645 ) ) ;
#5269 = EDGE_CURVE ( 'NONE', #3693, #4819, #841, .T. ) ;
#5270 = CIRCLE ( 'NONE', #5183, 4.999999999999990230 ) ;
#5271 = FACE_BOUND ( 'NONE', #3597, .T. ) ;
#5272 = EDGE_LOOP ( 'NONE', ( #3733, #244 ) ) ;
#5273 = AXIS2_PLACEMENT_3D ( 'NONE', #560, #3041, #115 ) ;
#5274 = ORIENTED_EDGE ( 'NONE', *, *, #623, .T. ) ;
#5275 = ADVANCED_FACE ( 'NONE', ( #4774 ), #1079, .F. ) ;
#5276 = DIRECTION ( 'NONE',  ( -1.000000000000000000, 0.000000000000000000, 0.000000000000000000 ) ) ;
#5277 = CARTESIAN_POINT ( 'NONE',  ( -54.99999999999995737, 32.40000000000001279, 21.19999999999999929 ) ) ;
#5278 = DIRECTION ( 'NONE',  ( -2.040851148208008393E-15, -1.000000000000000000, -0.000000000000000000 ) ) ;
#5279 = FACE_OUTER_BOUND ( 'NONE', #3122, .T. ) ;
#5280 = ORIENTED_EDGE ( 'NONE', *, *, #1092, .T. ) ;
#5281 = CARTESIAN_POINT ( 'NONE',  ( -54.99999999999995737, -32.40000000000001279, 24.50000000000000000 ) ) ;
#5282 = DIRECTION ( 'NONE',  ( -0.000000000000000000, -0.000000000000000000, -1.000000000000000000 ) ) ;
#5283 = EDGE_LOOP ( 'NONE', ( #2336, #632, #3062, #1314 ) ) ;
#5284 = CARTESIAN_POINT ( 'NONE',  ( -21.39999999999995950, -28.99999999999998934, 3.000000000000000000 ) ) ;
#5285 = FACE_OUTER_BOUND ( 'NONE', #1001, .T. ) ;
#5286 = EDGE_CURVE ( 'NONE', #2149, #4594, #251, .T. ) ;
#5287 = DIRECTION ( 'NONE',  ( -1.000000000000000000, 0.000000000000000000, 0.000000000000000000 ) ) ;
#5288 = EDGE_CURVE ( 'NONE', #785, #1809, #2718, .T. ) ;
#5289 = ORIENTED_EDGE ( 'NONE', *, *, #539, .T. ) ;
#5290 = EDGE_LOOP ( 'NONE', ( #2253, #1006, #1071, #5274 ) ) ;
#5291 = PERSON_AND_ORGANIZATION ( #3217, #1011 ) ;
#5292 = CARTESIAN_POINT ( 'NONE',  ( -55.41742430504410777, -25.60000000000000497, 18.00000000000000000 ) ) ;
#5293 = ORIENTED_EDGE ( 'NONE', *, *, #3692, .T. ) ;
#5294 = PLANE ( 'NONE',  #2143 ) ;
#5295 = DIRECTION ( 'NONE',  ( -1.000000000000000000, 0.000000000000000000, 0.000000000000000000 ) ) ;
#5296 = EDGE_LOOP ( 'NONE', ( #4185, #1113, #2986, #19 ) ) ;
#5297 = ORIENTED_EDGE ( 'NONE', *, *, #1356, .F. ) ;
#5298 = CYLINDRICAL_SURFACE ( 'NONE', #2731, 2.500000000000002220 ) ;
#5299 = CYLINDRICAL_SURFACE ( 'NONE', #1515, 2.500000000000002220 ) ;
#5300 = EDGE_CURVE ( 'NONE', #1754, #2147, #4749, .T. ) ;
#5301 = DIRECTION ( 'NONE',  ( -0.000000000000000000, -0.000000000000000000, -1.000000000000000000 ) ) ;
#5302 = DIRECTION ( 'NONE',  ( -0.000000000000000000, -0.000000000000000000, -1.000000000000000000 ) ) ;
#5303 = ORIENTED_EDGE ( 'NONE', *, *, #5024, .F. ) ;
#5304 = AXIS2_PLACEMENT_3D ( 'NONE', #1959, #776, #271 ) ;
#5305 = DIRECTION ( 'NONE',  ( 0.000000000000000000, 0.000000000000000000, -1.000000000000000000 ) ) ;
#5306 = LINE ( 'NONE', #853, #3715 ) ;
#5307 = ORIENTED_EDGE ( 'NONE', *, *, #253, .F. ) ;
#5308 = CARTESIAN_POINT ( 'NONE',  ( -9.999999999999953815, 1.224020884649235086E-11, 25.00000000000000000 ) ) ;
#5309 = DIRECTION ( 'NONE',  ( 1.000000000000000000, 0.000000000000000000, -0.000000000000000000 ) ) ;
#5310 = FACE_OUTER_BOUND ( 'NONE', #1010, .T. ) ;
#5311 = VECTOR ( 'NONE', #5301, 1000.000000000000000 ) ;
#5312 = ORIENTED_EDGE ( 'NONE', *, *, #284, .T. ) ;
#5313 = VERTEX_POINT ( 'NONE', #3887 ) ;
#5314 = COORDINATED_UNIVERSAL_TIME_OFFSET ( 8, 0, .AHEAD. ) ;
#5315 = CARTESIAN_POINT ( 'NONE',  ( -47.49999999999995737, 0.000000000000000000, 25.00000000000000000 ) ) ;
#5316 = AXIS2_PLACEMENT_3D ( 'NONE', #3548, #4471, #2325 ) ;
#5317 = ORIENTED_EDGE ( 'NONE', *, *, #2479, .F. ) ;
#5318 = CARTESIAN_POINT ( 'NONE',  ( -9.999999999999781508, 50.00000000001224265, 25.00000000000000000 ) ) ;
#5319 = CARTESIAN_POINT ( 'NONE',  ( -90.00000000000048317, -49.99999999998776445, 0.000000000000000000 ) ) ;
#5320 = AXIS2_PLACEMENT_3D ( 'NONE', #5081, #4084, #3020 ) ;
#5321 = CIRCLE ( 'NONE', #72, 4.999999999999990230 ) ;
#5322 = EDGE_CURVE ( 'NONE', #168, #1616, #3535, .T. ) ;
#5323 = ORIENTED_EDGE ( 'NONE', *, *, #1673, .T. ) ;
#5324 = ORIENTED_EDGE ( 'NONE', *, *, #1149, .T. ) ;
#5325 = VECTOR ( 'NONE', #4438, 1000.000000000000000 ) ;
#5326 = DIRECTION ( 'NONE',  ( -0.000000000000000000, 0.000000000000000000, 1.000000000000000000 ) ) ;
#5327 = CARTESIAN_POINT ( 'NONE',  ( 115.0000000000000426, -25.60000000000000497, 17.99999999999999645 ) ) ;
#5328 = DIRECTION ( 'NONE',  ( -1.000000000000000000, 0.000000000000000000, 0.000000000000000000 ) ) ;
ENDSEC;
END-ISO-10303-21;
